-- MySQL dump 10.13  Distrib 8.0.32, for Win64 (x86_64)
--
-- Host: 127.0.0.1    Database: work_programs
-- ------------------------------------------------------
-- Server version	8.0.30

/*!40101 SET @OLD_CHARACTER_SET_CLIENT=@@CHARACTER_SET_CLIENT */;
/*!40101 SET @OLD_CHARACTER_SET_RESULTS=@@CHARACTER_SET_RESULTS */;
/*!40101 SET @OLD_COLLATION_CONNECTION=@@COLLATION_CONNECTION */;
/*!50503 SET NAMES utf8 */;
/*!40103 SET @OLD_TIME_ZONE=@@TIME_ZONE */;
/*!40103 SET TIME_ZONE='+00:00' */;
/*!40014 SET @OLD_UNIQUE_CHECKS=@@UNIQUE_CHECKS, UNIQUE_CHECKS=0 */;
/*!40014 SET @OLD_FOREIGN_KEY_CHECKS=@@FOREIGN_KEY_CHECKS, FOREIGN_KEY_CHECKS=0 */;
/*!40101 SET @OLD_SQL_MODE=@@SQL_MODE, SQL_MODE='NO_AUTO_VALUE_ON_ZERO' */;
/*!40111 SET @OLD_SQL_NOTES=@@SQL_NOTES, SQL_NOTES=0 */;

--
-- Table structure for table `block`
--

DROP TABLE IF EXISTS `block`;
/*!40101 SET @saved_cs_client     = @@character_set_client */;
/*!50503 SET character_set_client = utf8mb4 */;
CREATE TABLE `block` (
  `id` int NOT NULL AUTO_INCREMENT,
  `block_title` varchar(255) NOT NULL,
  `part_title` varchar(255) NOT NULL,
  PRIMARY KEY (`id`)
) ENGINE=InnoDB AUTO_INCREMENT=14 DEFAULT CHARSET=cp1251;
/*!40101 SET character_set_client = @saved_cs_client */;

--
-- Dumping data for table `block`
--

LOCK TABLES `block` WRITE;
/*!40000 ALTER TABLE `block` DISABLE KEYS */;
INSERT INTO `block` VALUES (1,'Блок 1.Дисциплины (модули)','Обязательная часть'),(2,'Блок 1.Дисциплины (модули)','Часть, формируемая участниками образовательных отношений'),(3,'Блок 2.Практика','Обязательная часть'),(4,'Блок 2.Практика','Часть, формируемая участниками образовательных отношений'),(5,'Блок 3.Государственная итоговая аттестация','ФТД.Факультативы '),(6,'Блок 1 «Дисциплины (модули)»','Базовая часть'),(7,'Блок 1 «Дисциплины (модули)»','Вариативная часть'),(8,'Блок 2 «Практики»','Вариативная часть'),(9,'Блок 3 «Научные исследования»','Вариативная часть'),(10,'Блок 4 «Государственная итоговая аттестация»','Базовая часть'),(11,'ФТД.Факультативы',''),(12,'Блок 3',''),(13,'Блок 3.Государственная итоговая аттестация','');
/*!40000 ALTER TABLE `block` ENABLE KEYS */;
UNLOCK TABLES;

--
-- Table structure for table `classroom_funds`
--

DROP TABLE IF EXISTS `classroom_funds`;
/*!40101 SET @saved_cs_client     = @@character_set_client */;
/*!50503 SET character_set_client = utf8mb4 */;
CREATE TABLE `classroom_funds` (
  `id` int NOT NULL AUTO_INCREMENT,
  `current_year` year NOT NULL,
  `semester` int NOT NULL,
  `day_week` int NOT NULL,
  `lesson_num` int NOT NULL,
  `week_num` int NOT NULL,
  `croom_id` int NOT NULL,
  PRIMARY KEY (`id`)
) ENGINE=InnoDB DEFAULT CHARSET=cp1251;
/*!40101 SET character_set_client = @saved_cs_client */;

--
-- Dumping data for table `classroom_funds`
--

LOCK TABLES `classroom_funds` WRITE;
/*!40000 ALTER TABLE `classroom_funds` DISABLE KEYS */;
/*!40000 ALTER TABLE `classroom_funds` ENABLE KEYS */;
UNLOCK TABLES;

--
-- Table structure for table `classrooms`
--

DROP TABLE IF EXISTS `classrooms`;
/*!40101 SET @saved_cs_client     = @@character_set_client */;
/*!50503 SET character_set_client = utf8mb4 */;
CREATE TABLE `classrooms` (
  `id` int NOT NULL AUTO_INCREMENT,
  `number` varchar(4) NOT NULL,
  PRIMARY KEY (`id`)
) ENGINE=InnoDB DEFAULT CHARSET=cp1251;
/*!40101 SET character_set_client = @saved_cs_client */;

--
-- Dumping data for table `classrooms`
--

LOCK TABLES `classrooms` WRITE;
/*!40000 ALTER TABLE `classrooms` DISABLE KEYS */;
/*!40000 ALTER TABLE `classrooms` ENABLE KEYS */;
UNLOCK TABLES;

--
-- Table structure for table `competence`
--

DROP TABLE IF EXISTS `competence`;
/*!40101 SET @saved_cs_client     = @@character_set_client */;
/*!50503 SET character_set_client = utf8mb4 */;
CREATE TABLE `competence` (
  `id` int NOT NULL AUTO_INCREMENT,
  `code` varchar(6) NOT NULL,
  `description` text NOT NULL,
  `speciality_id` int NOT NULL,
  PRIMARY KEY (`id`)
) ENGINE=InnoDB AUTO_INCREMENT=26 DEFAULT CHARSET=cp1251;
/*!40101 SET character_set_client = @saved_cs_client */;

--
-- Dumping data for table `competence`
--

LOCK TABLES `competence` WRITE;
/*!40000 ALTER TABLE `competence` DISABLE KEYS */;
INSERT INTO `competence` VALUES (1,'УК-1','Способен осуществлять поиск, критический анализ и синтез информации, применять системный подход для решения поставленных задач',0),(2,'УК-2','Способен определять круг задач в рамках поставленной цели и выбирать оптимальные способы их решения, исходя из действующих правовых норм, имеющихся ресурсов и ограничений',0),(3,'УК-3','Способен осуществлять социальное взаимодействие и реализовывать свою роль в команде',0),(4,'УК-4','Способен осуществлять деловую коммуникацию в устной и письменной формах на государственном языке Российской Федерации и иностранном(ых) языке(ах)',0),(5,'УК-5','Способен воспринимать межкультурное разнообразие общества в социально-историческом, этическом и философском контекстах',0),(6,'УК-6','Способен управлять своим временем, выстраивать и реализовывать траекторию саморазвития на основе принципов образования в течение всей жизни',0),(7,'УК-7','Способен поддерживать должный уровень физической подготовленности для обеспечения полноценной социальной и профессиональной деятельности',0),(8,'УК-8','Способен создавать и поддерживать в повседневной жизни и в профессиональной деятельности безопасные условия жизнедеятельности для сохранения природной среды, обеспечения устойчивого развития общества, в том числе при угрозе и возникновении чрезвычайных ситуаций и военных конфликтов',0),(9,'УК-9','Способен принимать обоснованные экономические решения в различных областях жизнедеятельности',0),(10,'УК-10','Способен формировать нетерпимое отношение к коррупционному поведению',0),(11,'ОПК-1','Способен применять фундаментальные знания, полученные в области математических и (или) естественных наук, и использовать их в профессиональной деятельности',0),(12,'ОПК-2','Способен использовать и адаптировать существующие математические методы и системы программирования для разработки и реализации алгоритмов решения прикладных задач',0),(13,'ОПК-3','Способен применять и модифицировать математические модели для решения задач в области профессиональной деятельности',0),(14,'ОПК-4','Способен понимать принципы работы современных информационных технологий и использовать их для решения задач профессиональной деятельности',0),(15,'ОПК-5','Способен разрабатывать алгоритмы и компьютерные программы, пригодные для практического применения',0),(16,'ПК-1','Способен проводить научно-исследовательские разработки по отдельным разделам темы в области прикладной математики и информационных технологий ',0),(17,'ПК-2','Способен создавать и исследовать новые математические модели в естественных науках, промышленности и бизнесе, с учетом возможностей современных информационных технологий и программирования и компьютерной техники',0),(18,'ПК-3','Способен разрабатывать требования и проектировать программное обеспечение',0),(19,'ПК-4','Способен выполнять работы по созданию, модификации и сопровождению ИС, автоматизирующих задачи организационного управления и бизнес-процессы',0),(20,'ОПК-6','Способен разрабатывать бизнес-планы и технические задания на оснащение отделов, лабораторий, офисов компьютерным и сетевым оборудованием',0),(21,'ОПК-7','Способен участвовать в настройке и наладке программно-аппаратных комплексов',0),(22,'ОПК-8','Способен разрабатывать алгоритмы и программы, пригодные для практического применения',0),(23,'ОПК-9','Способен осваивать методики использования программных средств для решения практических задач',0),(24,'ПК-5','Способен администрировать средства защиты информации в компьютерных системах и сетях',0),(25,'ПК-6','Способен создавать и исследовать новые математические модели в промышленности и бизнесе, в том числе с использованием современных информационных технологий и программирования',0);
/*!40000 ALTER TABLE `competence` ENABLE KEYS */;
UNLOCK TABLES;

--
-- Table structure for table `degrees`
--

DROP TABLE IF EXISTS `degrees`;
/*!40101 SET @saved_cs_client     = @@character_set_client */;
/*!50503 SET character_set_client = utf8mb4 */;
CREATE TABLE `degrees` (
  `id` int NOT NULL AUTO_INCREMENT,
  `title` varchar(255) NOT NULL,
  `short_title` varchar(10) NOT NULL,
  PRIMARY KEY (`id`)
) ENGINE=InnoDB AUTO_INCREMENT=3 DEFAULT CHARSET=cp1251;
/*!40101 SET character_set_client = @saved_cs_client */;

--
-- Dumping data for table `degrees`
--

LOCK TABLES `degrees` WRITE;
/*!40000 ALTER TABLE `degrees` DISABLE KEYS */;
INSERT INTO `degrees` VALUES (1,'кандидат физико-математических наук','к.ф.-м.н.'),(2,'доктор физико-математических наук','д.ф.-м.н.');
/*!40000 ALTER TABLE `degrees` ENABLE KEYS */;
UNLOCK TABLES;

--
-- Table structure for table `departments`
--

DROP TABLE IF EXISTS `departments`;
/*!40101 SET @saved_cs_client     = @@character_set_client */;
/*!50503 SET character_set_client = utf8mb4 */;
CREATE TABLE `departments` (
  `id` int NOT NULL AUTO_INCREMENT,
  `faculty_id` int NOT NULL,
  `title` varchar(255) NOT NULL,
  `head_id` int NOT NULL,
  PRIMARY KEY (`id`)
) ENGINE=InnoDB AUTO_INCREMENT=142 DEFAULT CHARSET=cp1251;
/*!40101 SET character_set_client = @saved_cs_client */;

--
-- Dumping data for table `departments`
--

LOCK TABLES `departments` WRITE;
/*!40000 ALTER TABLE `departments` DISABLE KEYS */;
INSERT INTO `departments` VALUES (1,1,'кафедра прикладной математики и информатики',2),(2,1,'кафедра алгебры и анализа',3),(3,0,'Социально-гуманитарных дисциплин (Политологии)',0),(4,0,'Социально-гуманитарных дисциплин (Философии)',0),(5,0,'Социально-гуманитарных дисциплин (Этнокультурологии)',0),(6,0,'Экономической теории (Экономики)',0),(7,0,'Общей психологии (Психологии)',0),(8,0,'Общей психологии (Педагогики)',0),(9,0,'Общей психологии (Педагогики высшей школы)',0),(10,0,'Иностранных языков для гуманитарных факультетов',0),(11,0,'Иностранных языков для естественнонаучных факультетов',0),(12,0,'Русской и зарубежной литературы (Зарубежной литературы и мировой художественной культуры)',0),(13,0,'Русской и зарубежной литературы (Русской литературы)',0),(14,0,'Русского языка',0),(15,0,'Социологии политических и социальных процессов',0),(16,0,'Фундаментальной социологии',0),(17,0,'Психологии',0),(18,0,'Теории и методологии социальной работы',0),(19,0,'Психолого-педагогических и медицинских проблем социальной работы',0),(20,0,'Технологий и инноваций в социальной работе',0),(21,0,'Теории и методики физического воспитания',0),(22,0,'Физического воспитания',0),(23,0,'Спортивных дисциплин',0),(24,0,'Спортивных игр',0),(25,0,'Теории и методики спортивной борьбы',0),(26,0,'Возрастной морфологии и физиологии',0),(27,0,'Русского языка и литературы в национальной школе  (Русского языка в национальной школе)',0),(28,0,'Русского языка и литературы в национальной школе (Русской литературы в национальной школе)',0),(29,0,'Осетинского и общего языкознания',0),(30,0,'Осетинской литературы (Осетинской литературы)',0),(31,0,'Осетинской литературы (Осетинского литературного творчества)',0),(32,0,'Журналистики (Телерадиовещания, связей с общественностью и рекламы)',0),(33,0,'Журналистики (Истории журналистики и современной печати)',0),(34,0,'Культуры речи и языка массовых коммуникаций',0),(35,0,'Истории древнего мира и средних веков',0),(36,0,'Российской истории (Российской истории и кавказоведения)',0),(37,0,'Новейшей истории и политики России',0),(38,0,'Новой, новейшей истории и исторической  политологии',0),(39,0,'Теории и истории государства и права',0),(40,0,'Уголовного права',0),(41,0,'Уголовного процесса и криминалистики',0),(42,0,'Предпринимательского и гражданского  права',0),(43,0,'Государственного права',0),(44,0,'Английского языка',0),(45,0,'Немецкого языка',0),(46,0,'Французского языка',0),(47,0,'Международных экономических отношений',0),(48,0,'Методики начального обучения',0),(49,0,'Методики начального национального обучения',0),(50,0,'Педагогики',0),(51,0,'Ботаники',0),(52,0,'Зоологии',0),(53,0,'Анатомии и физиологии человека и животных',0),(54,0,'Технологии пищевых продуктов',0),(55,0,'Физической географии',0),(56,0,'Экономической, социальной и политической географии',0),(57,0,'Геоэкологии и устойчивого развития',0),(58,0,'Землеустройства и кадастров',0),(59,0,'Индустрии сервиса и туризма',0),(60,0,'Технологии лекарственных форм и организации фармацевтического дела',0),(61,0,'Фармацевтической химии и фармакогнозии',0),(62,0,'Общей и неорганической химии',0),(63,0,'Органической химии',0),(64,0,'Товароведения и технологии продуктов питания (Экспертизы товаров)',0),(65,0,'Алгебры и анализа',0),(66,0,'Прикладной математики и информатики',0),(67,0,'Функционального анализа и дифференциальных уравнений',0),(68,0,'Математического анализа',0),(69,0,'Общей физики',0),(70,0,'Физики твердого тела и электроники',0),(71,0,'Технологии и конструирования швейных изделий',0),(72,0,'Теоретической и математической физики',0),(73,0,'Физики и астрономии',0),(74,0,'Налогов и налогообложения',0),(75,0,'Бухгалтерского учета и аудита',0),(76,0,'Финансов и кредита',0),(77,0,'Экономической теории',0),(78,0,'Экономики и предпринимательства',0),(79,0,'Менеджмента, маркетинга и туризма',0),(80,0,'Маркетинга',0),(81,0,'Театрального искусства',0),(82,0,'Изобразительного искусства',0),(83,0,'Стоматологии',0),(84,0,'Социально-гуманитарных дисциплин',0),(85,0,'Педагогики и психологии',0),(86,0,'Русской и зарубежной литературы',0),(87,0,'Русского языка и литературы в национальной школе',0),(88,0,'Осетинского языка (Осетинского языка и литературы)',0),(89,0,'Журналистики',0),(90,0,'Социологии и социальных процессов',0),(91,0,'Спортивных игр и медико-биологических дисциплин',0),(92,0,'Теории, методики физического воспитания и легкой атлетики',0),(93,0,'Теории, методики спортивной борьбы и гимнастики',0),(94,0,'Начального и дошкольного образования',0),(95,0,'Анатомии, физиологии и ботаники',0),(96,0,'Физической и социально-экономической географии',0),(97,0,'Физики конденсированного состояния',0),(98,0,'Гражданского и предпринимательского права',0),(99,0,'Гражданского процесса и трудового права',0),(100,0,'Терапевтической, хирургической и детской стоматологии',0),(101,0,'Ортопедической стоматологии, пропедевтики и постдипломного образования',0),(102,0,'Бухгалтерского учета и налогообложения',0),(103,0,'Иностранных языков для неязыковых специальностей',0),(104,0,'Всеобщей истории иисторической политологии (Всеобщей истории и политологии)',0),(105,0,'Новейшей отечественной истории (Новейшей отечественной истории и философии) (Политической истории и',0),(106,0,'Уголовного права и процесса',0),(107,0,'Гражданского права и процесса',0),(108,0,'Базовая кафедра Верховного суда РСО-Алания «Судебная деятельность»',0),(109,0,'Менеджмента и маркетинга',0),(110,0,'Теории и истории социальной работы (Теории и практики социальной работы)',0),(111,0,'Психолого-педагогических и медицинских проблем социальной работы (Социального обеспечения и управлен',0),(112,0,'Социологии и политологии',0),(113,0,'Зоологии и биоэкологии (Зоологии, биоэкологии и биотехнологии)',0),(114,0,'Геоэкологии и землеустройства',0),(115,0,'Теории и методики физического воспитания и спортивных дисциплин',0),(116,0,'Фундаментальной медицины',0),(117,0,'Фармации',0),(118,0,'Философии и общественных наук (Философии и социально-политических наук)',0),(119,0,'Маркетинга и рекламы',0),(120,0,'Инклюзивного образования',0),(121,0,'Медиакоммуникаций и мультимедийных технологий',0),(122,0,'Технологий современных СМИ (базовая)',0),(123,0,'Социальной работы',0),(124,0,'Экономики',0),(125,0,'Предпринимательства, сервиса и туризма',0),(126,0,'Современных технологий бродильных производств (базовая)',0),(127,0,'Регионального развития (базовая)',0),(128,0,'Дизайна, конструирования изделий легкой промышленности',0),(129,0,'Осетинской литературы',0),(130,0,'Всеобщей истории',0),(131,0,'Политологии',0),(132,0,'Конкурентного права',0),(133,0,'Финансового и административного права',0),(134,0,'Алгебры и геометрии',0),(135,0,'Прикладной математики',0),(136,0,'Менеджмента',0),(137,0,'Социологии (Социологии и социальной работы)',0),(138,0,'Российской истории и кавказоведения',0),(139,0,'Педагогического образования',0),(140,0,'Осетинского языка и литературы',0),(141,0,'Философии и социально-политических наук',0);
/*!40000 ALTER TABLE `departments` ENABLE KEYS */;
UNLOCK TABLES;

--
-- Table structure for table `edu_forms`
--

DROP TABLE IF EXISTS `edu_forms`;
/*!40101 SET @saved_cs_client     = @@character_set_client */;
/*!50503 SET character_set_client = utf8mb4 */;
CREATE TABLE `edu_forms` (
  `id` int NOT NULL AUTO_INCREMENT,
  `title` varchar(20) NOT NULL,
  PRIMARY KEY (`id`)
) ENGINE=InnoDB AUTO_INCREMENT=4 DEFAULT CHARSET=cp1251;
/*!40101 SET character_set_client = @saved_cs_client */;

--
-- Dumping data for table `edu_forms`
--

LOCK TABLES `edu_forms` WRITE;
/*!40000 ALTER TABLE `edu_forms` DISABLE KEYS */;
INSERT INTO `edu_forms` VALUES (1,'Очная'),(2,'Очно-заочная'),(3,'Заочная');
/*!40000 ALTER TABLE `edu_forms` ENABLE KEYS */;
UNLOCK TABLES;

--
-- Table structure for table `edu_levels`
--

DROP TABLE IF EXISTS `edu_levels`;
/*!40101 SET @saved_cs_client     = @@character_set_client */;
/*!50503 SET character_set_client = utf8mb4 */;
CREATE TABLE `edu_levels` (
  `id` int NOT NULL AUTO_INCREMENT,
  `title` varchar(50) NOT NULL,
  `level` tinyint(1) NOT NULL DEFAULT '1' COMMENT '1-high level',
  PRIMARY KEY (`id`)
) ENGINE=InnoDB AUTO_INCREMENT=6 DEFAULT CHARSET=cp1251;
/*!40101 SET character_set_client = @saved_cs_client */;

--
-- Dumping data for table `edu_levels`
--

LOCK TABLES `edu_levels` WRITE;
/*!40000 ALTER TABLE `edu_levels` DISABLE KEYS */;
INSERT INTO `edu_levels` VALUES (1,'бакалавриат',1),(2,'магистратура',1),(3,'специалитет',1),(4,'аспирантура',1),(5,'докторантура',1);
/*!40000 ALTER TABLE `edu_levels` ENABLE KEYS */;
UNLOCK TABLES;

--
-- Table structure for table `edu_plan`
--

DROP TABLE IF EXISTS `edu_plan`;
/*!40101 SET @saved_cs_client     = @@character_set_client */;
/*!50503 SET character_set_client = utf8mb4 */;
CREATE TABLE `edu_plan` (
  `id` int NOT NULL AUTO_INCREMENT,
  `block_id` int NOT NULL,
  `subject_id` int NOT NULL,
  `code_subject` varchar(10) NOT NULL,
  `department_id` int NOT NULL,
  `title_plan_id` int NOT NULL,
  PRIMARY KEY (`id`)
) ENGINE=InnoDB AUTO_INCREMENT=268 DEFAULT CHARSET=cp1251;
/*!40101 SET character_set_client = @saved_cs_client */;

--
-- Dumping data for table `edu_plan`
--

LOCK TABLES `edu_plan` WRITE;
/*!40000 ALTER TABLE `edu_plan` DISABLE KEYS */;
INSERT INTO `edu_plan` VALUES (1,1,1,'35',36,1),(2,1,2,'117',118,1),(3,1,3,'129',130,1),(4,1,4,'102',103,1),(5,1,5,'113',114,1),(6,1,6,'21',22,1),(7,1,7,'64',65,1),(8,1,8,'64',65,1),(9,1,9,'64',65,1),(10,1,10,'65',66,1),(11,1,11,'65',66,1),(12,1,12,'65',66,1),(13,1,13,'64',65,1),(14,1,14,'65',66,1),(15,1,15,'72',73,1),(16,1,16,'0',0,1),(17,1,17,'64',65,1),(18,1,18,'64',65,1),(19,1,19,'65',66,1),(20,1,20,'117',118,1),(21,1,21,'64',65,1),(22,1,22,'65',66,1),(23,1,23,'65',66,1),(24,1,24,'65',66,1),(25,1,25,'65',66,1),(26,1,26,'65',66,1),(27,1,27,'64',65,1),(28,1,28,'65',66,1),(29,1,29,'49',50,1),(30,2,30,'21',22,1),(31,2,31,'13',14,1),(32,2,32,'65',66,1),(33,2,33,'65',66,1),(34,2,34,'65',66,1),(35,2,35,'49',50,1),(36,2,36,'65',66,1),(37,2,37,'65',66,1),(38,2,38,'117',118,1),(39,2,39,'65',66,1),(40,2,40,'65',66,1),(41,2,41,'65',66,1),(42,2,42,'113',114,1),(43,2,43,'78',79,1),(44,2,44,'38',39,1),(45,2,45,'65',66,1),(46,2,46,'0',0,1),(47,2,47,'117',118,1),(48,2,48,'117',118,1),(49,2,49,'0',0,1),(50,2,50,'64',65,1),(51,2,51,'64',65,1),(52,2,52,'0',0,1),(53,2,53,'65',66,1),(54,2,54,'65',66,1),(55,2,55,'0',0,1),(56,2,56,'65',66,1),(57,2,57,'65',66,1),(58,2,58,'0',0,1),(59,2,59,'64',65,1),(60,2,60,'65',66,1),(61,3,61,'65',66,1),(62,3,62,'65',66,1),(63,4,63,'65',66,1),(64,4,64,'65',66,1),(65,13,65,'0',0,1),(66,13,66,'0',0,1),(67,0,67,'111',112,1),(68,0,68,'65',66,1),(69,0,69,'35',36,1),(70,1,1,'35',36,2),(71,1,2,'117',118,2),(72,1,3,'129',130,2),(73,1,4,'102',103,2),(74,1,6,'21',22,2),(75,1,5,'113',114,2),(76,1,7,'64',65,2),(77,1,8,'64',65,2),(78,1,9,'64',65,2),(79,1,10,'65',66,2),(80,1,11,'65',66,2),(81,1,12,'65',66,2),(82,1,17,'64',65,2),(83,1,70,'72',73,2),(84,1,16,'0',0,2),(85,1,15,'72',73,2),(86,1,71,'72',73,2),(87,1,72,'65',66,2),(88,1,20,'117',118,2),(89,1,73,'65',66,2),(90,1,26,'65',66,2),(91,1,74,'65',66,2),(92,1,75,'63',64,2),(93,1,76,'49',50,2),(94,2,30,'21',22,2),(95,2,31,'13',14,2),(96,2,32,'65',66,2),(97,2,33,'65',66,2),(98,2,18,'64',65,2),(99,2,34,'64',65,2),(100,2,35,'49',50,2),(101,2,23,'65',66,2),(102,2,36,'65',66,2),(103,2,38,'117',118,2),(104,2,77,'65',66,2),(105,2,24,'65',66,2),(106,2,39,'65',66,2),(107,2,78,'65',66,2),(108,2,41,'65',66,2),(109,2,79,'65',66,2),(110,2,42,'113',114,2),(111,2,43,'78',79,2),(112,2,44,'38',39,2),(113,2,80,'64',65,2),(114,2,46,'0',0,2),(115,2,47,'117',118,2),(116,2,48,'117',118,2),(117,2,49,'0',0,2),(118,2,81,'64',65,2),(119,2,82,'64',65,2),(120,2,52,'0',0,2),(121,2,83,'65',66,2),(122,2,37,'65',66,2),(123,2,55,'0',0,2),(124,2,84,'64',65,2),(125,2,85,'66',67,2),(126,2,58,'0',0,2),(127,2,40,'64',65,2),(128,2,86,'64',65,2),(129,2,87,'0',0,2),(130,2,88,'64',65,2),(131,2,25,'65',66,2),(132,2,89,'0',0,2),(133,2,90,'65',66,2),(134,2,57,'65',66,2),(135,2,91,'0',0,2),(136,2,92,'65',66,2),(137,2,93,'65',66,2),(138,3,94,'65',66,2),(139,3,64,'65',66,2),(140,4,61,'65',66,2),(141,4,62,'65',66,2),(142,13,65,'0',0,2),(143,13,66,'0',0,2),(144,11,67,'111',112,2),(145,11,95,'65',66,2),(146,11,69,'0',0,2),(147,1,96,'0',0,3),(148,1,1,'35',36,3),(149,1,20,'117',118,3),(150,1,97,'123',124,3),(151,1,98,'38',39,3),(152,1,2,'117',118,3),(153,1,3,'103',104,3),(154,1,99,'0',0,3),(155,1,4,'102',103,3),(156,1,100,'13',14,3),(157,1,101,'65',135,3),(158,1,102,'0',0,3),(159,1,103,'94',95,3),(160,1,104,'94',95,3),(161,1,5,'0',0,3),(162,1,6,'21',22,3),(163,1,30,'21',22,3),(164,1,16,'0',0,3),(165,1,35,'49',85,3),(166,1,105,'0',0,3),(167,1,106,'16',17,3),(168,1,107,'49',85,3),(169,1,108,'49',85,3),(170,1,109,'0',0,3),(171,1,110,'117',118,3),(172,1,111,'49',85,3),(173,1,112,'49',85,3),(174,1,113,'49',85,3),(175,1,114,'0',0,3),(176,1,115,'64',134,3),(177,1,116,'65',135,3),(178,1,117,'64',134,3),(179,1,118,'0',0,3),(180,1,119,'64',134,3),(181,1,13,'64',134,3),(182,1,7,'64',134,3),(183,1,9,'64',134,3),(184,1,17,'64',134,3),(185,1,18,'64',134,3),(186,1,120,'64',134,3),(187,1,121,'64',134,3),(188,1,122,'64',134,3),(189,1,123,'0',0,3),(190,1,10,'65',135,3),(191,1,12,'65',135,3),(192,1,11,'65',135,3),(193,1,33,'65',135,3),(194,1,39,'65',135,3),(195,1,124,'65',135,3),(196,1,125,'65',135,3),(197,1,126,'65',135,3),(198,1,127,'65',135,3),(199,1,15,'72',73,3),(200,2,118,'0',0,3),(201,2,21,'64',134,3),(202,2,129,'64',134,3),(203,2,130,'64',134,3),(204,2,50,'64',134,3),(205,2,123,'0',0,3),(206,2,70,'65',135,3),(207,2,88,'65',135,3),(208,2,132,'65',135,3),(209,2,46,'0',0,3),(210,2,133,'65',135,3),(211,2,134,'0',0,3),(212,2,49,'0',0,3),(213,2,135,'65',135,3),(214,2,68,'0',0,3),(215,2,52,'0',0,3),(216,2,47,'117',118,3),(217,2,136,'0',0,3),(218,2,55,'0',0,3),(219,2,42,'113',114,3),(220,2,137,'0',0,3),(221,3,138,'64',134,3),(222,3,139,'64',134,3),(223,3,140,'64',134,3),(224,3,141,'64',134,3),(225,4,139,'64',134,3),(226,4,143,'64',134,3),(227,4,64,'64',134,3),(228,4,144,'64',134,3),(229,4,145,'64',134,3),(230,13,146,'64',134,3),(231,11,147,'41',42,3),(232,11,148,'87',88,3),(233,11,67,'111',137,3),(234,0,149,'0',0,3),(235,1,150,'102',103,4),(236,1,151,'13',14,4),(237,1,152,'64',65,4),(238,1,153,'64',65,4),(239,1,154,'65',66,4),(240,1,155,'64',65,4),(241,1,156,'65',66,4),(242,1,157,'64',65,4),(243,1,158,'49',139,4),(244,1,159,'65',66,4),(245,2,160,'65',66,4),(246,2,161,'117',141,4),(247,2,162,'64',65,4),(248,2,163,'0',0,4),(249,2,164,'65',66,4),(250,2,165,'0',0,4),(251,2,166,'0',0,4),(252,2,167,'65',66,4),(253,2,168,'0',0,4),(254,2,169,'0',0,4),(255,2,170,'64',65,4),(256,2,171,'0',0,4),(257,2,172,'0',0,4),(258,2,173,'65',66,4),(259,2,174,'0',0,4),(260,3,175,'65',66,4),(261,3,176,'65',66,4),(262,4,61,'65',66,4),(263,4,62,'65',66,4),(264,13,65,'0',0,4),(265,13,66,'0',0,4),(266,11,177,'64',65,4),(267,11,178,'64',65,4);
/*!40000 ALTER TABLE `edu_plan` ENABLE KEYS */;
UNLOCK TABLES;

--
-- Table structure for table `edu_plan_competencies`
--

DROP TABLE IF EXISTS `edu_plan_competencies`;
/*!40101 SET @saved_cs_client     = @@character_set_client */;
/*!50503 SET character_set_client = utf8mb4 */;
CREATE TABLE `edu_plan_competencies` (
  `id` int NOT NULL AUTO_INCREMENT,
  `edu_plan_id` int NOT NULL,
  `competency_id` int NOT NULL,
  PRIMARY KEY (`id`)
) ENGINE=InnoDB AUTO_INCREMENT=846 DEFAULT CHARSET=cp1251;
/*!40101 SET character_set_client = @saved_cs_client */;

--
-- Dumping data for table `edu_plan_competencies`
--

LOCK TABLES `edu_plan_competencies` WRITE;
/*!40000 ALTER TABLE `edu_plan_competencies` DISABLE KEYS */;
INSERT INTO `edu_plan_competencies` VALUES (1,1,5),(2,2,2),(3,2,5),(4,3,5),(5,4,4),(6,5,8),(7,6,7),(8,7,1),(9,7,11),(10,8,1),(11,8,11),(12,9,1),(13,9,11),(14,10,1),(15,10,2),(16,10,12),(17,10,15),(18,11,1),(19,11,3),(20,11,12),(21,11,15),(22,12,1),(23,12,11),(24,12,12),(25,13,1),(26,13,11),(27,14,2),(28,14,14),(29,15,2),(30,15,11),(31,16,1),(32,16,8),(33,17,1),(34,17,11),(35,17,12),(36,18,1),(37,18,11),(38,18,12),(39,19,2),(40,19,8),(41,19,14),(42,20,5),(43,21,1),(44,21,11),(45,22,1),(46,22,11),(47,23,1),(48,23,13),(49,24,2),(50,24,3),(51,24,12),(52,25,1),(53,25,12),(54,25,13),(55,26,2),(56,26,3),(57,26,12),(58,26,14),(59,26,15),(60,27,1),(61,27,11),(62,28,2),(63,28,12),(64,28,13),(65,29,3),(66,29,6),(67,30,7),(68,31,4),(69,32,1),(70,32,2),(71,32,6),(72,33,2),(73,33,18),(74,33,19),(75,34,2),(76,34,17),(77,35,2),(78,35,3),(79,35,10),(80,36,2),(81,36,3),(82,36,18),(83,36,19),(84,37,2),(85,37,16),(86,37,17),(87,38,3),(88,38,5),(89,39,2),(90,39,18),(91,39,19),(92,40,1),(93,40,16),(94,41,1),(95,41,2),(96,41,18),(97,42,2),(98,42,8),(99,43,1),(100,43,2),(101,43,9),(102,43,10),(103,44,2),(104,44,10),(105,45,1),(106,45,16),(107,45,17),(108,46,5),(109,47,5),(110,48,5),(111,49,1),(112,49,16),(113,49,17),(114,50,1),(115,50,16),(116,50,17),(117,51,1),(118,51,16),(119,51,17),(120,52,1),(121,52,3),(122,52,16),(123,52,17),(124,53,1),(125,53,3),(126,53,16),(127,53,17),(128,54,1),(129,54,3),(130,54,16),(131,54,17),(132,55,2),(133,55,3),(134,55,19),(135,56,2),(136,56,3),(137,56,19),(138,57,2),(139,57,3),(140,57,19),(141,58,1),(142,58,16),(143,58,17),(144,59,1),(145,59,16),(146,59,17),(147,60,1),(148,60,16),(149,60,17),(150,61,2),(151,61,3),(152,61,11),(153,61,12),(154,61,13),(155,61,14),(156,62,3),(157,62,4),(158,62,7),(159,62,11),(160,62,12),(161,62,13),(162,62,14),(163,62,15),(164,63,1),(165,63,2),(166,63,16),(167,63,17),(168,64,1),(169,64,2),(170,64,6),(171,64,7),(172,64,16),(173,64,17),(174,64,18),(175,64,19),(176,65,1),(177,65,2),(178,65,3),(179,65,4),(180,65,5),(181,65,6),(182,65,7),(183,65,8),(184,65,9),(185,65,10),(186,65,11),(187,65,12),(188,65,13),(189,65,14),(190,65,15),(191,65,16),(192,65,17),(193,65,18),(194,65,19),(195,66,1),(196,66,2),(197,66,3),(198,66,4),(199,66,5),(200,66,6),(201,66,7),(202,66,8),(203,66,9),(204,66,10),(205,66,11),(206,66,12),(207,66,13),(208,66,14),(209,66,15),(210,66,16),(211,66,17),(212,66,18),(213,66,19),(214,67,1),(215,67,2),(216,67,3),(217,68,1),(218,68,2),(219,69,0),(220,70,5),(221,71,2),(222,71,5),(223,72,5),(224,73,4),(225,74,7),(226,75,8),(227,76,1),(228,76,11),(229,77,1),(230,77,11),(231,78,1),(232,78,11),(233,79,1),(234,79,2),(235,79,12),(236,79,14),(237,80,1),(238,80,3),(239,80,13),(240,80,22),(241,81,1),(242,81,11),(243,82,1),(244,82,11),(245,83,2),(246,83,12),(247,83,15),(248,83,21),(249,84,1),(250,84,8),(251,85,2),(252,85,11),(253,86,1),(254,86,8),(255,86,14),(256,87,1),(257,87,2),(258,87,15),(259,87,20),(260,87,21),(261,88,5),(262,89,1),(263,89,15),(264,90,2),(265,90,14),(266,90,22),(267,90,23),(268,91,11),(269,91,12),(270,91,13),(271,92,1),(272,92,14),(273,93,3),(274,93,6),(275,94,7),(276,95,4),(277,96,1),(278,96,2),(279,96,6),(280,97,2),(281,97,16),(282,97,17),(283,98,1),(284,98,25),(285,99,1),(286,99,25),(287,100,2),(288,100,3),(289,100,10),(290,101,1),(291,101,2),(292,101,25),(293,102,2),(294,102,3),(295,102,16),(296,103,3),(297,103,5),(298,104,2),(299,104,3),(300,104,25),(301,105,2),(302,105,3),(303,105,17),(304,106,2),(305,106,17),(306,106,18),(307,106,19),(308,107,2),(309,107,24),(310,108,1),(311,108,2),(312,108,16),(313,108,17),(314,109,16),(315,109,17),(316,109,18),(317,110,2),(318,110,8),(319,111,1),(320,111,2),(321,111,9),(322,111,10),(323,112,1),(324,112,2),(325,112,10),(326,113,2),(327,113,3),(328,113,6),(329,113,9),(330,114,5),(331,115,5),(332,116,5),(333,117,1),(334,117,25),(335,118,1),(336,118,25),(337,119,1),(338,119,25),(339,120,2),(340,120,25),(341,121,2),(342,121,25),(343,122,2),(344,122,25),(345,123,1),(346,123,2),(347,123,25),(348,124,1),(349,124,2),(350,124,25),(351,125,1),(352,125,2),(353,125,25),(354,126,1),(355,126,25),(356,127,1),(357,127,25),(358,128,1),(359,128,25),(360,129,1),(361,129,25),(362,130,1),(363,130,25),(364,131,2),(365,131,25),(366,132,18),(367,132,19),(368,133,18),(369,133,19),(370,134,18),(371,134,19),(372,135,1),(373,135,2),(374,135,25),(375,136,1),(376,136,2),(377,136,25),(378,137,1),(379,137,2),(380,137,25),(381,138,2),(382,138,3),(383,138,11),(384,138,12),(385,138,13),(386,139,1),(387,139,2),(388,139,6),(389,139,11),(390,139,12),(391,139,13),(392,139,14),(393,139,15),(394,139,20),(395,139,21),(396,139,22),(397,139,23),(398,140,2),(399,140,3),(400,140,4),(401,140,16),(402,140,17),(403,140,19),(404,140,24),(405,141,2),(406,141,3),(407,141,8),(408,141,16),(409,141,17),(410,141,18),(411,141,19),(412,141,24),(413,141,25),(414,142,1),(415,142,2),(416,142,3),(417,142,4),(418,142,5),(419,142,6),(420,142,7),(421,142,8),(422,142,9),(423,142,10),(424,142,11),(425,142,12),(426,142,13),(427,142,14),(428,142,15),(429,142,20),(430,142,21),(431,142,22),(432,142,23),(433,142,16),(434,142,17),(435,142,18),(436,142,19),(437,142,24),(438,142,25),(439,143,1),(440,143,2),(441,143,3),(442,143,4),(443,143,5),(444,143,6),(445,143,7),(446,143,8),(447,143,9),(448,143,10),(449,143,11),(450,143,12),(451,143,13),(452,143,14),(453,143,15),(454,143,20),(455,143,21),(456,143,22),(457,143,23),(458,143,16),(459,143,17),(460,143,18),(461,143,19),(462,143,24),(463,143,25),(464,144,1),(465,144,2),(466,144,3),(467,145,2),(468,145,24),(469,146,0),(470,147,2),(471,147,5),(472,148,5),(473,148,14),(474,149,5),(475,149,14),(476,150,9),(477,151,11),(478,151,2),(479,151,10),(480,152,2),(481,152,5),(482,153,5),(483,154,0),(484,155,4),(485,156,4),(486,156,16),(487,157,2),(488,157,18),(489,157,1),(490,158,8),(491,158,13),(492,158,2),(493,158,3),(494,158,10),(495,159,6),(496,159,18),(497,160,8),(498,160,13),(499,161,8),(500,161,11),(501,162,7),(502,163,7),(503,164,8),(504,165,2),(505,165,3),(506,165,10),(507,166,0),(508,167,22),(509,167,15),(510,167,20),(511,167,3),(512,167,21),(513,167,13),(514,167,6),(515,168,15),(516,168,20),(517,168,11),(518,168,22),(519,168,13),(520,168,21),(521,168,3),(522,168,6),(523,169,18),(524,169,3),(525,169,17),(526,170,14),(527,170,5),(528,170,13),(529,170,3),(530,170,20),(531,171,5),(532,171,14),(533,172,13),(534,172,14),(535,172,20),(536,173,13),(537,173,3),(538,173,20),(539,173,14),(540,174,3),(541,174,14),(542,175,0),(543,176,1),(544,176,16),(545,177,3),(546,177,16),(547,177,2),(548,177,17),(549,178,12),(550,178,1),(551,178,23),(552,179,2),(553,179,22),(554,179,1),(555,179,21),(556,179,13),(557,179,20),(558,179,15),(559,179,3),(560,180,1),(561,180,21),(562,181,2),(563,181,22),(564,182,2),(565,182,22),(566,183,2),(567,183,22),(568,184,2),(569,184,22),(570,185,2),(571,185,22),(572,186,13),(573,186,3),(574,186,20),(575,186,22),(576,186,21),(577,187,13),(578,187,2),(579,187,22),(580,187,20),(581,188,2),(582,188,15),(583,188,22),(584,189,22),(585,189,3),(586,189,12),(587,189,2),(588,189,1),(589,189,15),(590,189,13),(591,189,20),(592,189,21),(593,189,23),(594,190,1),(595,190,12),(596,191,2),(597,191,22),(598,192,1),(599,192,12),(600,193,1),(601,193,22),(602,193,23),(603,194,1),(604,194,12),(605,194,23),(606,195,13),(607,195,3),(608,195,20),(609,195,22),(610,195,21),(611,196,15),(612,196,1),(613,196,22),(614,196,21),(615,197,2),(616,197,15),(617,198,1),(618,198,12),(619,198,22),(620,199,6),(621,199,8),(622,200,2),(623,200,16),(624,200,6),(625,200,1),(626,201,16),(627,201,2),(628,202,16),(629,202,2),(630,203,16),(631,203,1),(632,204,16),(633,204,2),(634,204,6),(635,205,17),(636,205,16),(637,205,1),(638,205,6),(639,205,8),(640,206,16),(641,206,17),(642,206,1),(643,207,17),(644,207,1),(645,207,6),(646,208,17),(647,208,8),(648,209,17),(649,209,1),(650,209,9),(651,210,17),(652,210,1),(653,210,9),(654,211,17),(655,211,1),(656,211,9),(657,212,16),(658,212,17),(659,212,1),(660,213,16),(661,213,17),(662,213,1),(663,214,16),(664,214,17),(665,214,1),(666,215,5),(667,216,5),(668,217,5),(669,218,2),(670,218,8),(671,219,2),(672,219,8),(673,220,2),(674,220,8),(675,221,11),(676,221,6),(677,221,13),(678,222,12),(679,222,1),(680,222,13),(681,223,21),(682,223,20),(683,223,15),(684,223,14),(685,223,6),(686,223,22),(687,224,0),(688,225,17),(689,225,16),(690,225,8),(691,225,6),(692,226,16),(693,226,8),(694,227,6),(695,227,18),(696,227,8),(697,227,17),(698,227,16),(699,228,0),(700,229,0),(701,230,21),(702,230,20),(703,230,22),(704,230,17),(705,230,16),(706,230,6),(707,230,5),(708,230,8),(709,230,15),(710,230,13),(711,230,1),(712,230,12),(713,230,11),(714,230,18),(715,230,14),(716,230,3),(717,230,2),(718,230,7),(719,230,4),(720,230,9),(721,230,10),(722,230,23),(723,231,2),(724,232,4),(725,233,1),(726,233,2),(727,233,3),(728,234,0),(729,235,4),(730,236,4),(731,236,5),(732,237,11),(733,237,12),(734,237,13),(735,238,1),(736,238,11),(737,238,12),(738,239,1),(739,239,2),(740,239,12),(741,239,13),(742,240,1),(743,240,11),(744,240,12),(745,241,1),(746,241,11),(747,241,12),(748,241,14),(749,242,11),(750,242,12),(751,242,13),(752,243,2),(753,243,3),(754,243,6),(755,244,1),(756,244,2),(757,244,13),(758,244,14),(759,245,1),(760,245,2),(761,245,16),(762,245,17),(763,246,5),(764,247,1),(765,247,16),(766,247,17),(767,248,1),(768,248,17),(769,249,1),(770,249,17),(771,250,1),(772,250,17),(773,251,1),(774,251,17),(775,252,1),(776,252,17),(777,253,2),(778,253,17),(779,254,1),(780,254,16),(781,255,1),(782,255,16),(783,256,1),(784,256,16),(785,257,1),(786,257,2),(787,257,17),(788,258,1),(789,258,2),(790,258,17),(791,259,1),(792,259,2),(793,259,17),(794,260,4),(795,260,6),(796,260,11),(797,260,12),(798,260,13),(799,260,14),(800,261,1),(801,261,2),(802,261,4),(803,261,6),(804,261,11),(805,261,12),(806,261,13),(807,261,14),(808,262,1),(809,262,2),(810,262,3),(811,262,6),(812,262,16),(813,262,17),(814,263,1),(815,263,2),(816,263,3),(817,263,6),(818,263,16),(819,263,17),(820,264,1),(821,264,2),(822,264,3),(823,264,4),(824,264,5),(825,264,6),(826,264,11),(827,264,12),(828,264,13),(829,264,14),(830,264,16),(831,264,17),(832,265,1),(833,265,2),(834,265,3),(835,265,4),(836,265,5),(837,265,6),(838,265,11),(839,265,12),(840,265,13),(841,265,14),(842,265,16),(843,265,17),(844,266,16),(845,267,16);
/*!40000 ALTER TABLE `edu_plan_competencies` ENABLE KEYS */;
UNLOCK TABLES;

--
-- Table structure for table `edu_plan_form_control`
--

DROP TABLE IF EXISTS `edu_plan_form_control`;
/*!40101 SET @saved_cs_client     = @@character_set_client */;
/*!50503 SET character_set_client = utf8mb4 */;
CREATE TABLE `edu_plan_form_control` (
  `id` int NOT NULL AUTO_INCREMENT,
  `edu_semester_id` int NOT NULL,
  `form_control_id` int NOT NULL,
  PRIMARY KEY (`id`)
) ENGINE=InnoDB DEFAULT CHARSET=cp1251;
/*!40101 SET character_set_client = @saved_cs_client */;

--
-- Dumping data for table `edu_plan_form_control`
--

LOCK TABLES `edu_plan_form_control` WRITE;
/*!40000 ALTER TABLE `edu_plan_form_control` DISABLE KEYS */;
/*!40000 ALTER TABLE `edu_plan_form_control` ENABLE KEYS */;
UNLOCK TABLES;

--
-- Table structure for table `edu_semesters`
--

DROP TABLE IF EXISTS `edu_semesters`;
/*!40101 SET @saved_cs_client     = @@character_set_client */;
/*!50503 SET character_set_client = utf8mb4 */;
CREATE TABLE `edu_semesters` (
  `id` int NOT NULL AUTO_INCREMENT,
  `edu_plan_id` int NOT NULL,
  `semester` int NOT NULL,
  `zed` decimal(10,2) NOT NULL,
  `lecture` int NOT NULL,
  `practice` int NOT NULL,
  `laboratory` int NOT NULL,
  `ind_work` int NOT NULL,
  PRIMARY KEY (`id`)
) ENGINE=InnoDB AUTO_INCREMENT=370 DEFAULT CHARSET=cp1251;
/*!40101 SET character_set_client = @saved_cs_client */;

--
-- Dumping data for table `edu_semesters`
--

LOCK TABLES `edu_semesters` WRITE;
/*!40000 ALTER TABLE `edu_semesters` DISABLE KEYS */;
INSERT INTO `edu_semesters` VALUES (1,1,1,0.00,36,36,0,18),(2,1,2,0.00,36,36,0,9),(3,2,1,0.00,36,18,0,18),(4,3,1,0.00,0,0,0,0),(5,4,1,0.00,0,34,0,38),(6,4,2,0.00,0,34,0,38),(7,4,3,0.00,0,34,0,38),(8,4,4,0.00,0,34,0,38),(9,5,1,0.00,36,18,0,18),(10,6,1,0.00,18,0,0,54),(11,7,1,0.00,34,34,0,40),(12,8,1,0.00,34,34,0,31),(13,8,2,0.00,34,34,0,22),(14,9,1,0.00,50,50,0,35),(15,9,2,0.00,50,50,0,26),(16,9,3,0.00,34,34,0,40),(17,9,4,0.00,34,34,0,31),(18,10,1,0.00,34,34,0,40),(19,10,2,0.00,16,34,0,22),(20,11,1,0.00,0,0,68,22),(21,11,2,0.00,0,0,68,22),(22,11,3,0.00,0,0,34,38),(23,11,4,0.00,0,0,34,38),(24,12,1,0.00,0,0,0,0),(25,12,2,0.00,34,34,0,40),(26,13,1,0.00,0,0,0,0),(27,14,1,0.00,0,0,0,0),(28,15,1,0.00,0,0,0,0),(29,16,1,0.00,0,0,0,0),(30,17,1,0.00,0,0,0,0),(31,17,2,0.00,0,0,0,0),(32,18,1,0.00,0,0,0,0),(33,19,1,0.00,0,0,0,0),(34,20,1,0.00,0,0,0,0),(35,21,1,0.00,0,0,0,0),(36,22,1,0.00,0,0,0,0),(37,23,1,0.00,0,0,0,0),(38,23,2,0.00,0,0,0,0),(39,24,1,0.00,0,0,0,0),(40,24,2,0.00,0,0,0,0),(41,25,1,0.00,0,0,0,0),(42,26,1,0.00,0,0,0,0),(43,27,1,0.00,0,0,0,0),(44,28,1,0.00,0,0,0,0),(45,29,1,0.00,0,0,0,0),(46,31,1,0.00,0,0,0,0),(47,32,1,0.00,0,0,0,0),(48,33,1,0.00,0,0,0,0),(49,33,2,0.00,0,0,0,0),(50,34,1,0.00,0,0,0,0),(51,35,1,0.00,0,0,0,0),(52,36,1,0.00,0,0,0,0),(53,37,1,0.00,0,0,0,0),(54,38,1,0.00,0,0,0,0),(55,39,1,0.00,0,0,0,0),(56,39,2,0.00,0,0,0,0),(57,40,1,0.00,0,0,0,0),(58,41,1,0.00,0,0,0,0),(59,42,1,0.00,0,0,0,0),(60,43,1,0.00,0,0,0,0),(61,44,1,0.00,0,0,0,0),(62,45,1,0.00,0,0,0,0),(63,46,1,0.00,0,0,0,0),(64,47,1,0.00,0,0,0,0),(65,48,1,0.00,0,0,0,0),(66,49,1,0.00,0,0,0,0),(67,50,1,0.00,0,0,0,0),(68,51,1,0.00,0,0,0,0),(69,52,1,0.00,0,0,0,0),(70,53,1,0.00,0,0,0,0),(71,54,1,0.00,0,0,0,0),(72,55,1,0.00,0,0,0,0),(73,56,1,0.00,0,0,0,0),(74,57,1,0.00,0,0,0,0),(75,58,1,0.00,0,0,0,0),(76,59,1,0.00,0,0,0,0),(77,60,1,0.00,0,0,0,0),(78,61,1,0.00,0,0,0,0),(79,61,2,0.00,0,34,0,74),(80,62,1,0.00,0,0,0,0),(81,63,1,0.00,0,0,0,0),(82,64,1,0.00,0,0,0,0),(83,65,1,0.00,0,0,0,0),(84,66,1,0.00,0,0,0,0),(85,67,1,0.00,0,0,0,0),(86,67,2,0.00,0,0,0,0),(87,68,1,0.00,0,0,0,0),(88,69,1,0.00,0,0,0,0),(89,70,1,0.00,36,36,0,18),(90,70,2,0.00,36,36,0,9),(91,71,1,0.00,36,18,0,18),(92,72,1,0.00,0,0,0,0),(93,73,1,0.00,0,34,0,38),(94,73,2,0.00,0,34,0,38),(95,73,3,0.00,0,34,0,38),(96,73,4,0.00,0,34,0,38),(97,74,1,0.00,18,0,0,54),(98,75,1,0.00,36,18,0,18),(99,76,1,0.00,34,34,0,40),(100,77,1,0.00,34,34,0,49),(101,77,2,0.00,34,34,0,40),(102,78,1,0.00,34,34,0,49),(103,78,2,0.00,34,34,0,40),(104,78,3,0.00,34,34,0,40),(105,79,1,0.00,34,34,0,40),(106,79,2,0.00,16,34,0,13),(107,80,1,0.00,0,0,68,22),(108,80,2,0.00,0,0,68,22),(109,80,3,0.00,0,0,34,38),(110,80,4,0.00,0,0,34,38),(111,81,1,0.00,0,0,0,0),(112,81,2,0.00,34,34,0,40),(113,82,1,0.00,0,0,0,0),(114,82,2,0.00,0,0,0,0),(115,83,1,0.00,0,0,0,0),(116,84,1,0.00,0,0,0,0),(117,85,1,0.00,0,0,0,0),(118,86,1,0.00,0,0,0,0),(119,87,1,0.00,0,0,0,0),(120,88,1,0.00,0,0,0,0),(121,89,1,0.00,0,0,0,0),(122,90,1,0.00,0,0,0,0),(123,91,1,0.00,0,0,0,0),(124,92,1,0.00,0,0,0,0),(125,93,1,0.00,0,0,0,0),(126,95,1,0.00,0,0,0,0),(127,96,1,0.00,0,0,0,0),(128,97,1,0.00,0,0,0,0),(129,97,2,0.00,0,0,0,0),(130,98,1,0.00,0,0,0,0),(131,99,1,0.00,0,0,0,0),(132,100,1,0.00,0,0,0,0),(133,101,1,0.00,0,0,0,0),(134,102,1,0.00,0,0,0,0),(135,103,1,0.00,0,0,0,0),(136,104,1,0.00,0,0,0,0),(137,104,2,0.00,0,0,0,0),(138,105,1,0.00,0,0,0,0),(139,105,2,0.00,0,0,0,0),(140,106,1,0.00,0,0,0,0),(141,106,2,0.00,0,0,0,0),(142,107,1,0.00,0,0,0,0),(143,108,1,0.00,0,0,0,0),(144,109,1,0.00,0,0,0,0),(145,110,1,0.00,0,0,0,0),(146,111,1,0.00,0,0,0,0),(147,112,1,0.00,0,0,0,0),(148,113,1,0.00,0,0,0,0),(149,114,1,0.00,0,0,0,0),(150,115,1,0.00,0,0,0,0),(151,116,1,0.00,0,0,0,0),(152,117,1,0.00,0,0,0,0),(153,118,1,0.00,0,0,0,0),(154,119,1,0.00,0,0,0,0),(155,120,1,0.00,0,0,0,0),(156,121,1,0.00,0,0,0,0),(157,122,1,0.00,0,0,0,0),(158,123,1,0.00,0,0,0,0),(159,124,1,0.00,0,0,0,0),(160,125,1,0.00,0,0,0,0),(161,126,1,0.00,0,0,0,0),(162,127,1,0.00,0,0,0,0),(163,128,1,0.00,0,0,0,0),(164,129,1,0.00,0,0,0,0),(165,130,1,0.00,0,0,0,0),(166,131,1,0.00,0,0,0,0),(167,132,1,0.00,0,0,0,0),(168,132,2,0.00,0,0,0,0),(169,133,1,0.00,0,0,0,0),(170,133,2,0.00,0,0,0,0),(171,134,1,0.00,0,0,0,0),(172,134,2,0.00,0,0,0,0),(173,135,1,0.00,0,0,0,0),(174,136,1,0.00,0,0,0,0),(175,137,1,0.00,0,0,0,0),(176,138,1,0.00,0,0,0,0),(177,139,1,0.00,0,0,0,0),(178,140,1,0.00,0,0,0,0),(179,141,1,0.00,0,0,0,0),(180,141,2,0.00,0,0,0,0),(181,142,1,0.00,0,0,0,0),(182,143,1,0.00,0,0,0,0),(183,144,1,0.00,0,0,0,0),(184,144,2,0.00,0,0,0,0),(185,145,1,0.00,0,0,0,0),(186,146,1,0.00,0,0,0,0),(187,147,1,0.00,72,54,0,36),(188,147,2,0.00,54,54,0,54),(189,147,3,0.00,0,0,0,0),(190,147,4,0.00,18,18,0,72),(191,147,5,0.00,0,0,0,0),(192,148,1,0.00,36,36,0,18),(193,148,2,0.00,36,36,0,18),(194,149,1,0.00,0,0,0,0),(195,150,1,0.00,0,0,0,0),(196,151,1,0.00,0,0,0,0),(197,152,1,0.00,36,18,0,18),(198,153,1,0.00,0,0,0,0),(199,154,1,0.00,0,34,0,74),(200,154,2,0.00,0,68,0,112),(201,154,3,0.00,0,0,0,0),(202,155,1,0.00,0,34,0,74),(203,155,2,0.00,0,34,0,38),(204,156,1,0.00,0,0,0,0),(205,157,1,0.00,0,0,0,0),(206,158,1,0.00,36,36,0,144),(207,158,2,0.00,0,36,0,36),(208,158,3,0.00,70,88,0,126),(209,159,1,0.00,0,0,0,0),(210,160,1,0.00,0,0,0,0),(211,161,1,0.00,18,0,0,54),(212,162,1,0.00,18,0,0,54),(213,164,1,0.00,0,0,0,0),(214,165,1,0.00,0,0,0,0),(215,166,1,0.00,0,0,0,0),(216,166,2,0.00,0,0,0,0),(217,166,3,0.00,0,0,0,0),(218,166,4,0.00,16,16,0,40),(219,167,1,0.00,0,0,0,0),(220,167,2,0.00,0,0,0,0),(221,167,3,0.00,0,0,0,0),(222,168,1,0.00,0,0,0,0),(223,168,2,0.00,0,0,0,0),(224,168,3,0.00,0,0,0,0),(225,169,1,0.00,0,0,0,0),(226,170,1,0.00,0,0,0,0),(227,170,2,0.00,0,0,0,0),(228,170,3,0.00,0,0,0,0),(229,171,1,0.00,0,0,0,0),(230,172,1,0.00,0,0,0,0),(231,173,1,0.00,0,0,0,0),(232,174,1,0.00,0,0,0,0),(233,175,1,0.00,0,0,0,0),(234,175,2,0.00,0,0,0,0),(235,175,3,0.00,18,36,0,18),(236,176,1,0.00,0,0,0,0),(237,177,1,0.00,0,0,0,0),(238,178,1,0.00,0,0,0,0),(239,179,1,0.00,102,170,0,268),(240,179,2,0.00,68,68,0,80),(241,179,3,0.00,68,68,0,66),(242,179,4,0.00,34,34,0,22),(243,179,5,0.00,68,68,0,62),(244,179,6,0.00,34,34,0,40),(245,179,7,0.00,34,34,0,76),(246,179,8,0.00,18,18,0,36),(247,179,9,0.00,0,36,0,63),(248,179,10,0.00,18,18,0,63),(249,180,1,0.00,0,68,0,76),(250,181,1,0.00,34,34,0,49),(251,181,2,0.00,34,34,0,49),(252,181,3,0.00,34,34,0,35),(253,182,1,0.00,34,34,0,76),(254,183,1,0.00,34,34,0,67),(255,183,2,0.00,34,34,0,31),(256,183,3,0.00,34,34,0,31),(257,183,4,0.00,34,34,0,22),(258,184,1,0.00,0,0,0,0),(259,184,2,0.00,0,0,0,0),(260,185,1,0.00,0,0,0,0),(261,186,1,0.00,0,0,0,0),(262,186,2,0.00,0,0,0,0),(263,187,1,0.00,0,0,0,0),(264,188,1,0.00,0,0,0,0),(265,189,1,0.00,0,0,0,0),(266,189,2,0.00,34,34,68,44),(267,189,3,0.00,16,34,68,98),(268,189,4,0.00,34,34,68,71),(269,189,5,0.00,0,34,0,74),(270,189,6,0.00,0,34,0,38),(271,189,7,0.00,102,34,68,165),(272,189,8,0.00,18,0,18,72),(273,189,9,0.00,0,36,0,27),(274,190,1,0.00,0,0,0,0),(275,190,2,0.00,34,34,0,4),(276,191,1,0.00,0,0,0,0),(277,192,1,0.00,0,0,0,0),(278,192,2,0.00,0,0,68,40),(279,192,3,0.00,0,0,68,40),(280,193,1,0.00,0,0,0,0),(281,193,2,0.00,0,0,0,0),(282,194,1,0.00,0,0,0,0),(283,194,2,0.00,0,0,0,0),(284,195,1,0.00,0,0,0,0),(285,196,1,0.00,0,0,0,0),(286,197,1,0.00,0,0,0,0),(287,198,1,0.00,0,0,0,0),(288,199,1,0.00,0,0,0,0),(289,200,1,0.00,0,0,0,0),(290,200,2,0.00,0,0,0,0),(291,200,3,0.00,0,0,0,0),(292,200,4,0.00,34,34,0,4),(293,201,1,0.00,0,0,0,0),(294,202,1,0.00,0,0,0,0),(295,203,1,0.00,0,0,0,0),(296,204,1,0.00,0,0,0,0),(297,205,1,0.00,0,0,0,0),(298,205,2,0.00,0,0,0,0),(299,205,3,0.00,34,0,34,40),(300,206,1,0.00,0,0,0,0),(301,207,1,0.00,0,0,0,0),(302,208,1,0.00,0,0,0,0),(303,209,1,0.00,0,0,0,0),(304,210,1,0.00,0,0,0,0),(305,211,1,0.00,0,0,0,0),(306,212,1,0.00,0,0,0,0),(307,213,1,0.00,0,0,0,0),(308,214,1,0.00,0,0,0,0),(309,215,1,0.00,0,0,0,0),(310,216,1,0.00,0,0,0,0),(311,217,1,0.00,0,0,0,0),(312,218,1,0.00,0,0,0,0),(313,219,1,0.00,0,0,0,0),(314,220,1,0.00,0,0,0,0),(315,221,1,0.00,0,0,0,0),(316,222,1,0.00,0,0,0,0),(317,222,2,0.00,0,0,0,0),(318,223,1,0.00,0,0,0,0),(319,223,2,0.00,0,0,0,0),(320,224,1,0.00,0,0,0,0),(321,225,1,0.00,0,0,0,0),(322,226,1,0.00,0,0,0,0),(323,226,2,0.00,0,0,0,0),(324,227,1,0.00,0,0,0,0),(325,228,1,0.00,0,0,0,0),(326,229,1,0.00,0,0,0,0),(327,230,1,0.00,0,0,0,0),(328,231,1,0.00,0,0,0,0),(329,232,1,0.00,0,0,0,0),(330,233,1,0.00,0,0,0,0),(331,233,2,0.00,0,0,0,0),(332,235,1,0.00,0,16,0,56),(333,235,2,0.00,0,16,0,56),(334,236,1,0.00,0,34,0,74),(335,237,1,0.00,18,16,0,65),(336,238,1,0.00,18,16,0,74),(337,239,1,0.00,34,34,0,76),(338,239,2,0.00,34,34,0,67),(339,240,1,0.00,18,16,0,65),(340,241,1,0.00,0,0,0,0),(341,242,1,0.00,0,0,0,0),(342,242,2,0.00,18,16,0,65),(343,243,1,0.00,0,0,0,0),(344,244,1,0.00,0,0,0,0),(345,245,1,0.00,0,0,0,0),(346,246,1,0.00,0,0,0,0),(347,247,1,0.00,0,0,0,0),(348,248,1,0.00,18,16,0,74),(349,249,1,0.00,18,16,0,74),(350,250,1,0.00,18,16,0,74),(351,251,1,0.00,0,0,0,0),(352,252,1,0.00,0,0,0,0),(353,253,1,0.00,0,0,0,0),(354,254,1,0.00,0,0,0,0),(355,255,1,0.00,0,0,0,0),(356,256,1,0.00,0,0,0,0),(357,257,1,0.00,0,0,0,0),(358,258,1,0.00,0,0,0,0),(359,259,1,0.00,0,0,0,0),(360,260,1,0.00,0,16,0,200),(361,260,2,0.00,0,16,0,164),(362,260,3,0.00,0,16,0,344),(363,261,1,0.00,0,0,0,0),(364,262,1,0.00,0,0,0,0),(365,263,1,0.00,0,0,0,0),(366,264,1,0.00,0,0,0,0),(367,265,1,0.00,0,0,0,0),(368,266,1,0.00,0,0,0,0),(369,267,1,0.00,0,0,0,0);
/*!40000 ALTER TABLE `edu_semesters` ENABLE KEYS */;
UNLOCK TABLES;

--
-- Table structure for table `empl_contracts`
--

DROP TABLE IF EXISTS `empl_contracts`;
/*!40101 SET @saved_cs_client     = @@character_set_client */;
/*!50503 SET character_set_client = utf8mb4 */;
CREATE TABLE `empl_contracts` (
  `id` int NOT NULL AUTO_INCREMENT,
  `employee_id` int NOT NULL,
  `date_from` date NOT NULL,
  `date_to` date NOT NULL,
  `number` int NOT NULL,
  `position_id` int NOT NULL,
  `competition` tinyint(1) NOT NULL COMMENT '1-election by competition',
  PRIMARY KEY (`id`)
) ENGINE=InnoDB DEFAULT CHARSET=cp1251;
/*!40101 SET character_set_client = @saved_cs_client */;

--
-- Dumping data for table `empl_contracts`
--

LOCK TABLES `empl_contracts` WRITE;
/*!40000 ALTER TABLE `empl_contracts` DISABLE KEYS */;
/*!40000 ALTER TABLE `empl_contracts` ENABLE KEYS */;
UNLOCK TABLES;

--
-- Table structure for table `empl_degrees`
--

DROP TABLE IF EXISTS `empl_degrees`;
/*!40101 SET @saved_cs_client     = @@character_set_client */;
/*!50503 SET character_set_client = utf8mb4 */;
CREATE TABLE `empl_degrees` (
  `id` int NOT NULL AUTO_INCREMENT,
  `employee_id` int NOT NULL,
  `spec_id` int NOT NULL,
  `degree_id` int NOT NULL,
  `date` date NOT NULL,
  PRIMARY KEY (`id`)
) ENGINE=InnoDB DEFAULT CHARSET=cp1251;
/*!40101 SET character_set_client = @saved_cs_client */;

--
-- Dumping data for table `empl_degrees`
--

LOCK TABLES `empl_degrees` WRITE;
/*!40000 ALTER TABLE `empl_degrees` DISABLE KEYS */;
/*!40000 ALTER TABLE `empl_degrees` ENABLE KEYS */;
UNLOCK TABLES;

--
-- Table structure for table `empl_education`
--

DROP TABLE IF EXISTS `empl_education`;
/*!40101 SET @saved_cs_client     = @@character_set_client */;
/*!50503 SET character_set_client = utf8mb4 */;
CREATE TABLE `empl_education` (
  `id` int NOT NULL AUTO_INCREMENT,
  `employee_id` int NOT NULL,
  `edu_level_id` int NOT NULL,
  `speciality` varchar(255) NOT NULL,
  `qualification` varchar(255) NOT NULL,
  `date` date NOT NULL,
  `serial` varchar(20) NOT NULL,
  PRIMARY KEY (`id`)
) ENGINE=InnoDB DEFAULT CHARSET=cp1251;
/*!40101 SET character_set_client = @saved_cs_client */;

--
-- Dumping data for table `empl_education`
--

LOCK TABLES `empl_education` WRITE;
/*!40000 ALTER TABLE `empl_education` DISABLE KEYS */;
/*!40000 ALTER TABLE `empl_education` ENABLE KEYS */;
UNLOCK TABLES;

--
-- Table structure for table `empl_loads`
--

DROP TABLE IF EXISTS `empl_loads`;
/*!40101 SET @saved_cs_client     = @@character_set_client */;
/*!50503 SET character_set_client = utf8mb4 */;
CREATE TABLE `empl_loads` (
  `id` int NOT NULL AUTO_INCREMENT,
  `load_id` int NOT NULL,
  `semester` int NOT NULL,
  `employee_id` int NOT NULL,
  `hourly_fund` tinyint(1) NOT NULL DEFAULT '0',
  `edu_semester_id` int NOT NULL,
  `subject` varchar(255) NOT NULL,
  `group_id` int NOT NULL,
  `subject_form_id` int NOT NULL,
  `hours_other` decimal(10,2) NOT NULL,
  `hours_contact` decimal(10,2) NOT NULL,
  PRIMARY KEY (`id`)
) ENGINE=InnoDB DEFAULT CHARSET=cp1251;
/*!40101 SET character_set_client = @saved_cs_client */;

--
-- Dumping data for table `empl_loads`
--

LOCK TABLES `empl_loads` WRITE;
/*!40000 ALTER TABLE `empl_loads` DISABLE KEYS */;
/*!40000 ALTER TABLE `empl_loads` ENABLE KEYS */;
UNLOCK TABLES;

--
-- Table structure for table `empl_prof_education`
--

DROP TABLE IF EXISTS `empl_prof_education`;
/*!40101 SET @saved_cs_client     = @@character_set_client */;
/*!50503 SET character_set_client = utf8mb4 */;
CREATE TABLE `empl_prof_education` (
  `id` int NOT NULL AUTO_INCREMENT,
  `employee_id` int NOT NULL,
  `number` varchar(30) NOT NULL,
  `date` date NOT NULL,
  `doc_type_id` int NOT NULL,
  `title` varchar(200) NOT NULL,
  `n_hours` int NOT NULL,
  `organization` varchar(255) NOT NULL,
  PRIMARY KEY (`id`)
) ENGINE=InnoDB DEFAULT CHARSET=cp1251;
/*!40101 SET character_set_client = @saved_cs_client */;

--
-- Dumping data for table `empl_prof_education`
--

LOCK TABLES `empl_prof_education` WRITE;
/*!40000 ALTER TABLE `empl_prof_education` DISABLE KEYS */;
/*!40000 ALTER TABLE `empl_prof_education` ENABLE KEYS */;
UNLOCK TABLES;

--
-- Table structure for table `empl_publications`
--

DROP TABLE IF EXISTS `empl_publications`;
/*!40101 SET @saved_cs_client     = @@character_set_client */;
/*!50503 SET character_set_client = utf8mb4 */;
CREATE TABLE `empl_publications` (
  `id` int NOT NULL AUTO_INCREMENT,
  `empl_id` int NOT NULL,
  `publ_id` int NOT NULL,
  PRIMARY KEY (`id`)
) ENGINE=InnoDB DEFAULT CHARSET=cp1251;
/*!40101 SET character_set_client = @saved_cs_client */;

--
-- Dumping data for table `empl_publications`
--

LOCK TABLES `empl_publications` WRITE;
/*!40000 ALTER TABLE `empl_publications` DISABLE KEYS */;
/*!40000 ALTER TABLE `empl_publications` ENABLE KEYS */;
UNLOCK TABLES;

--
-- Table structure for table `empl_titles`
--

DROP TABLE IF EXISTS `empl_titles`;
/*!40101 SET @saved_cs_client     = @@character_set_client */;
/*!50503 SET character_set_client = utf8mb4 */;
CREATE TABLE `empl_titles` (
  `id` int NOT NULL AUTO_INCREMENT,
  `employee_id` int NOT NULL,
  `title_id` int NOT NULL,
  `date` date NOT NULL,
  PRIMARY KEY (`id`)
) ENGINE=InnoDB DEFAULT CHARSET=cp1251;
/*!40101 SET character_set_client = @saved_cs_client */;

--
-- Dumping data for table `empl_titles`
--

LOCK TABLES `empl_titles` WRITE;
/*!40000 ALTER TABLE `empl_titles` DISABLE KEYS */;
/*!40000 ALTER TABLE `empl_titles` ENABLE KEYS */;
UNLOCK TABLES;

--
-- Table structure for table `employees`
--

DROP TABLE IF EXISTS `employees`;
/*!40101 SET @saved_cs_client     = @@character_set_client */;
/*!50503 SET character_set_client = utf8mb4 */;
CREATE TABLE `employees` (
  `id` int NOT NULL AUTO_INCREMENT,
  `surname` varchar(30) NOT NULL,
  `name` varchar(30) NOT NULL,
  `patronimyc` varchar(100) NOT NULL,
  PRIMARY KEY (`id`)
) ENGINE=InnoDB AUTO_INCREMENT=4 DEFAULT CHARSET=cp1251;
/*!40101 SET character_set_client = @saved_cs_client */;

--
-- Dumping data for table `employees`
--

LOCK TABLES `employees` WRITE;
/*!40000 ALTER TABLE `employees` DISABLE KEYS */;
INSERT INTO `employees` VALUES (1,'Кулаев','Руслан','Черменович'),(2,'Басаева','Елена','Казбековна'),(3,'Джусоева','Нонна','Анатольевна');
/*!40000 ALTER TABLE `employees` ENABLE KEYS */;
UNLOCK TABLES;

--
-- Table structure for table `external_practices`
--

DROP TABLE IF EXISTS `external_practices`;
/*!40101 SET @saved_cs_client     = @@character_set_client */;
/*!50503 SET character_set_client = utf8mb4 */;
CREATE TABLE `external_practices` (
  `id` int NOT NULL AUTO_INCREMENT,
  `empl_id` int NOT NULL,
  `date_from` date NOT NULL,
  `date_to` date NOT NULL,
  `organization` varchar(255) NOT NULL,
  `position` varchar(255) NOT NULL,
  `education` tinyint(1) NOT NULL,
  PRIMARY KEY (`id`)
) ENGINE=InnoDB DEFAULT CHARSET=cp1251;
/*!40101 SET character_set_client = @saved_cs_client */;

--
-- Dumping data for table `external_practices`
--

LOCK TABLES `external_practices` WRITE;
/*!40000 ALTER TABLE `external_practices` DISABLE KEYS */;
/*!40000 ALTER TABLE `external_practices` ENABLE KEYS */;
UNLOCK TABLES;

--
-- Table structure for table `faculties`
--

DROP TABLE IF EXISTS `faculties`;
/*!40101 SET @saved_cs_client     = @@character_set_client */;
/*!50503 SET character_set_client = utf8mb4 */;
CREATE TABLE `faculties` (
  `id` int NOT NULL AUTO_INCREMENT,
  `title` varchar(255) NOT NULL,
  `dean_id` int NOT NULL,
  PRIMARY KEY (`id`)
) ENGINE=InnoDB AUTO_INCREMENT=2 DEFAULT CHARSET=cp1251;
/*!40101 SET character_set_client = @saved_cs_client */;

--
-- Dumping data for table `faculties`
--

LOCK TABLES `faculties` WRITE;
/*!40000 ALTER TABLE `faculties` DISABLE KEYS */;
INSERT INTO `faculties` VALUES (1,'факультет математики и компьютерных наук',1);
/*!40000 ALTER TABLE `faculties` ENABLE KEYS */;
UNLOCK TABLES;

--
-- Table structure for table `form_control`
--

DROP TABLE IF EXISTS `form_control`;
/*!40101 SET @saved_cs_client     = @@character_set_client */;
/*!50503 SET character_set_client = utf8mb4 */;
CREATE TABLE `form_control` (
  `id` int NOT NULL AUTO_INCREMENT,
  `title` varchar(50) NOT NULL,
  PRIMARY KEY (`id`)
) ENGINE=InnoDB AUTO_INCREMENT=5 DEFAULT CHARSET=cp1251;
/*!40101 SET character_set_client = @saved_cs_client */;

--
-- Dumping data for table `form_control`
--

LOCK TABLES `form_control` WRITE;
/*!40000 ALTER TABLE `form_control` DISABLE KEYS */;
INSERT INTO `form_control` VALUES (1,'Экзамен'),(2,'Зачет'),(3,'Зачет с оц.'),(4,'КР');
/*!40000 ALTER TABLE `form_control` ENABLE KEYS */;
UNLOCK TABLES;

--
-- Table structure for table `groups`
--

DROP TABLE IF EXISTS `groups`;
/*!40101 SET @saved_cs_client     = @@character_set_client */;
/*!50503 SET character_set_client = utf8mb4 */;
CREATE TABLE `groups` (
  `id` int NOT NULL AUTO_INCREMENT,
  `title` varchar(30) NOT NULL,
  `galactika_number` int NOT NULL,
  `year` year NOT NULL,
  `speciality_id` int NOT NULL,
  PRIMARY KEY (`id`)
) ENGINE=InnoDB DEFAULT CHARSET=cp1251;
/*!40101 SET character_set_client = @saved_cs_client */;

--
-- Dumping data for table `groups`
--

LOCK TABLES `groups` WRITE;
/*!40000 ALTER TABLE `groups` DISABLE KEYS */;
/*!40000 ALTER TABLE `groups` ENABLE KEYS */;
UNLOCK TABLES;

--
-- Table structure for table `loads`
--

DROP TABLE IF EXISTS `loads`;
/*!40101 SET @saved_cs_client     = @@character_set_client */;
/*!50503 SET character_set_client = utf8mb4 */;
CREATE TABLE `loads` (
  `id` int NOT NULL AUTO_INCREMENT,
  `current_year` year NOT NULL,
  `department_id` int NOT NULL,
  PRIMARY KEY (`id`)
) ENGINE=InnoDB DEFAULT CHARSET=cp1251;
/*!40101 SET character_set_client = @saved_cs_client */;

--
-- Dumping data for table `loads`
--

LOCK TABLES `loads` WRITE;
/*!40000 ALTER TABLE `loads` DISABLE KEYS */;
/*!40000 ALTER TABLE `loads` ENABLE KEYS */;
UNLOCK TABLES;

--
-- Table structure for table `order_types`
--

DROP TABLE IF EXISTS `order_types`;
/*!40101 SET @saved_cs_client     = @@character_set_client */;
/*!50503 SET character_set_client = utf8mb4 */;
CREATE TABLE `order_types` (
  `id` int NOT NULL AUTO_INCREMENT,
  `type` varchar(30) NOT NULL,
  PRIMARY KEY (`id`)
) ENGINE=InnoDB DEFAULT CHARSET=cp1251;
/*!40101 SET character_set_client = @saved_cs_client */;

--
-- Dumping data for table `order_types`
--

LOCK TABLES `order_types` WRITE;
/*!40000 ALTER TABLE `order_types` DISABLE KEYS */;
/*!40000 ALTER TABLE `order_types` ENABLE KEYS */;
UNLOCK TABLES;

--
-- Table structure for table `orders`
--

DROP TABLE IF EXISTS `orders`;
/*!40101 SET @saved_cs_client     = @@character_set_client */;
/*!50503 SET character_set_client = utf8mb4 */;
CREATE TABLE `orders` (
  `id` int NOT NULL AUTO_INCREMENT,
  `date` date NOT NULL,
  `number` varchar(30) NOT NULL,
  `title` varchar(255) NOT NULL,
  `order_type_id` int NOT NULL,
  PRIMARY KEY (`id`)
) ENGINE=InnoDB DEFAULT CHARSET=cp1251;
/*!40101 SET character_set_client = @saved_cs_client */;

--
-- Dumping data for table `orders`
--

LOCK TABLES `orders` WRITE;
/*!40000 ALTER TABLE `orders` DISABLE KEYS */;
/*!40000 ALTER TABLE `orders` ENABLE KEYS */;
UNLOCK TABLES;

--
-- Table structure for table `positions`
--

DROP TABLE IF EXISTS `positions`;
/*!40101 SET @saved_cs_client     = @@character_set_client */;
/*!50503 SET character_set_client = utf8mb4 */;
CREATE TABLE `positions` (
  `id` int NOT NULL AUTO_INCREMENT,
  `title` varchar(30) NOT NULL,
  `level` tinyint(1) NOT NULL COMMENT '1-администрация',
  PRIMARY KEY (`id`)
) ENGINE=InnoDB AUTO_INCREMENT=8 DEFAULT CHARSET=cp1251;
/*!40101 SET character_set_client = @saved_cs_client */;

--
-- Dumping data for table `positions`
--

LOCK TABLES `positions` WRITE;
/*!40000 ALTER TABLE `positions` DISABLE KEYS */;
INSERT INTO `positions` VALUES (1,'декан',1),(2,'заместитель декана',1),(3,'профессор',0),(4,'доцент',0),(5,'секретарь',1),(6,'старший преподаватель',0),(7,'ассистент',0);
/*!40000 ALTER TABLE `positions` ENABLE KEYS */;
UNLOCK TABLES;

--
-- Table structure for table `prof_doc_types`
--

DROP TABLE IF EXISTS `prof_doc_types`;
/*!40101 SET @saved_cs_client     = @@character_set_client */;
/*!50503 SET character_set_client = utf8mb4 */;
CREATE TABLE `prof_doc_types` (
  `id` int NOT NULL AUTO_INCREMENT,
  `title` varchar(255) NOT NULL,
  PRIMARY KEY (`id`)
) ENGINE=InnoDB AUTO_INCREMENT=3 DEFAULT CHARSET=cp1251;
/*!40101 SET character_set_client = @saved_cs_client */;

--
-- Dumping data for table `prof_doc_types`
--

LOCK TABLES `prof_doc_types` WRITE;
/*!40000 ALTER TABLE `prof_doc_types` DISABLE KEYS */;
INSERT INTO `prof_doc_types` VALUES (1,'Диплом о профессиональной переподготовке'),(2,'Удостоверение о повышении квалификации');
/*!40000 ALTER TABLE `prof_doc_types` ENABLE KEYS */;
UNLOCK TABLES;

--
-- Table structure for table `publ_levels`
--

DROP TABLE IF EXISTS `publ_levels`;
/*!40101 SET @saved_cs_client     = @@character_set_client */;
/*!50503 SET character_set_client = utf8mb4 */;
CREATE TABLE `publ_levels` (
  `id` int NOT NULL AUTO_INCREMENT,
  `title` varchar(50) NOT NULL,
  PRIMARY KEY (`id`)
) ENGINE=InnoDB AUTO_INCREMENT=6 DEFAULT CHARSET=cp1251;
/*!40101 SET character_set_client = @saved_cs_client */;

--
-- Dumping data for table `publ_levels`
--

LOCK TABLES `publ_levels` WRITE;
/*!40000 ALTER TABLE `publ_levels` DISABLE KEYS */;
INSERT INTO `publ_levels` VALUES (1,'РИНЦ (ядро)'),(2,'РИНЦ'),(3,'Scopus'),(4,'Web of Science'),(5,'ВАК');
/*!40000 ALTER TABLE `publ_levels` ENABLE KEYS */;
UNLOCK TABLES;

--
-- Table structure for table `publications`
--

DROP TABLE IF EXISTS `publications`;
/*!40101 SET @saved_cs_client     = @@character_set_client */;
/*!50503 SET character_set_client = utf8mb4 */;
CREATE TABLE `publications` (
  `id` int NOT NULL AUTO_INCREMENT,
  `title` varchar(255) NOT NULL,
  `DOI` varchar(50) NOT NULL,
  `imprint` text NOT NULL,
  `publ_level_id` int NOT NULL,
  `type` varchar(1) DEFAULT 'A' COMMENT 'A-article, P-posobie',
  PRIMARY KEY (`id`)
) ENGINE=InnoDB DEFAULT CHARSET=cp1251;
/*!40101 SET character_set_client = @saved_cs_client */;

--
-- Dumping data for table `publications`
--

LOCK TABLES `publications` WRITE;
/*!40000 ALTER TABLE `publications` DISABLE KEYS */;
/*!40000 ALTER TABLE `publications` ENABLE KEYS */;
UNLOCK TABLES;

--
-- Table structure for table `schedule`
--

DROP TABLE IF EXISTS `schedule`;
/*!40101 SET @saved_cs_client     = @@character_set_client */;
/*!50503 SET character_set_client = utf8mb4 */;
CREATE TABLE `schedule` (
  `id` int NOT NULL AUTO_INCREMENT,
  `group_id` int NOT NULL,
  `subgroup_num` int NOT NULL,
  `edu_semester_id` int NOT NULL,
  `subject_form_id` int NOT NULL,
  `croom_fund_id` int NOT NULL,
  `employee_id` int NOT NULL,
  PRIMARY KEY (`id`)
) ENGINE=InnoDB DEFAULT CHARSET=cp1251;
/*!40101 SET character_set_client = @saved_cs_client */;

--
-- Dumping data for table `schedule`
--

LOCK TABLES `schedule` WRITE;
/*!40000 ALTER TABLE `schedule` DISABLE KEYS */;
/*!40000 ALTER TABLE `schedule` ENABLE KEYS */;
UNLOCK TABLES;

--
-- Table structure for table `speciality`
--

DROP TABLE IF EXISTS `speciality`;
/*!40101 SET @saved_cs_client     = @@character_set_client */;
/*!50503 SET character_set_client = utf8mb4 */;
CREATE TABLE `speciality` (
  `id` int NOT NULL AUTO_INCREMENT,
  `title` varchar(150) NOT NULL,
  `code` varchar(30) NOT NULL,
  `profile` varchar(255) NOT NULL,
  `edu_level_id` int NOT NULL,
  PRIMARY KEY (`id`)
) ENGINE=InnoDB AUTO_INCREMENT=5 DEFAULT CHARSET=cp1251;
/*!40101 SET character_set_client = @saved_cs_client */;

--
-- Dumping data for table `speciality`
--

LOCK TABLES `speciality` WRITE;
/*!40000 ALTER TABLE `speciality` DISABLE KEYS */;
INSERT INTO `speciality` VALUES (1,'Математическая логика, алгебра и теория чисел','01.01.06','',4),(2,'Математика','01.03.01','Кибербезопасность',1),(3,'Информатика и вычислительная техника','09.03.01','Информатика и вычислительная техника',1),(4,'Прикладная математика и информатика','01.03.02','Программирование, анализ данных и математическое моделирование',1);
/*!40000 ALTER TABLE `speciality` ENABLE KEYS */;
UNLOCK TABLES;

--
-- Table structure for table `stud_orders`
--

DROP TABLE IF EXISTS `stud_orders`;
/*!40101 SET @saved_cs_client     = @@character_set_client */;
/*!50503 SET character_set_client = utf8mb4 */;
CREATE TABLE `stud_orders` (
  `id` int NOT NULL AUTO_INCREMENT,
  `student_id` int NOT NULL,
  `order_id` int NOT NULL,
  PRIMARY KEY (`id`)
) ENGINE=InnoDB DEFAULT CHARSET=cp1251;
/*!40101 SET character_set_client = @saved_cs_client */;

--
-- Dumping data for table `stud_orders`
--

LOCK TABLES `stud_orders` WRITE;
/*!40000 ALTER TABLE `stud_orders` DISABLE KEYS */;
/*!40000 ALTER TABLE `stud_orders` ENABLE KEYS */;
UNLOCK TABLES;

--
-- Table structure for table `students`
--

DROP TABLE IF EXISTS `students`;
/*!40101 SET @saved_cs_client     = @@character_set_client */;
/*!50503 SET character_set_client = utf8mb4 */;
CREATE TABLE `students` (
  `id` int NOT NULL AUTO_INCREMENT,
  `surname` varchar(50) NOT NULL,
  `name` varchar(50) NOT NULL,
  `patronymic` varchar(50) NOT NULL,
  `birth_year` year NOT NULL,
  `speciality_id` varchar(100) NOT NULL,
  `date_enter` year NOT NULL,
  `group_id` int NOT NULL,
  PRIMARY KEY (`id`)
) ENGINE=InnoDB DEFAULT CHARSET=cp1251;
/*!40101 SET character_set_client = @saved_cs_client */;

--
-- Dumping data for table `students`
--

LOCK TABLES `students` WRITE;
/*!40000 ALTER TABLE `students` DISABLE KEYS */;
/*!40000 ALTER TABLE `students` ENABLE KEYS */;
UNLOCK TABLES;

--
-- Table structure for table `subject_forms`
--

DROP TABLE IF EXISTS `subject_forms`;
/*!40101 SET @saved_cs_client     = @@character_set_client */;
/*!50503 SET character_set_client = utf8mb4 */;
CREATE TABLE `subject_forms` (
  `id` int NOT NULL AUTO_INCREMENT,
  `title` varchar(255) NOT NULL,
  PRIMARY KEY (`id`)
) ENGINE=InnoDB DEFAULT CHARSET=cp1251;
/*!40101 SET character_set_client = @saved_cs_client */;

--
-- Dumping data for table `subject_forms`
--

LOCK TABLES `subject_forms` WRITE;
/*!40000 ALTER TABLE `subject_forms` DISABLE KEYS */;
/*!40000 ALTER TABLE `subject_forms` ENABLE KEYS */;
UNLOCK TABLES;

--
-- Table structure for table `subjects`
--

DROP TABLE IF EXISTS `subjects`;
/*!40101 SET @saved_cs_client     = @@character_set_client */;
/*!50503 SET character_set_client = utf8mb4 */;
CREATE TABLE `subjects` (
  `id` int NOT NULL AUTO_INCREMENT,
  `title` varchar(255) NOT NULL,
  PRIMARY KEY (`id`)
) ENGINE=InnoDB AUTO_INCREMENT=179 DEFAULT CHARSET=cp1251;
/*!40101 SET character_set_client = @saved_cs_client */;

--
-- Dumping data for table `subjects`
--

LOCK TABLES `subjects` WRITE;
/*!40000 ALTER TABLE `subjects` DISABLE KEYS */;
INSERT INTO `subjects` VALUES (1,'История России'),(2,'Основы российской государственности'),(3,'История религий России'),(4,'Иностранный язык'),(5,'Безопасность жизнедеятельности'),(6,'Физическая культура и спорт'),(7,'Аналитическая геометрия'),(8,'Линейная алгебра'),(9,'Математический анализ'),(10,'Алгоритмы и структуры данных'),(11,'Основы и методология программирования'),(12,'Дискретная математика'),(13,'Алгебра и теория чисел'),(14,'Архитектура компьютеров и операционные системы'),(15,'Физика'),(16,'Основы военной подготовки'),(17,'Теория вероятностей и математическая статистика'),(18,'Дифференциальные уравнения'),(19,'Вычислительные системы, сети и телекоммуникации'),(20,'Философия'),(21,'Функциональный анализ'),(22,'Уравнения математической физики'),(23,'Математическое моделирование'),(24,'Современные языки программирования'),(25,'Введение в анализ данных'),(26,'Конструирование ПО'),(27,'Теория операторов'),(28,'Численные методы'),(29,'Педагогика саморазвития'),(30,'Элективные дисциплины по физической культуре и спорту'),(31,'Культура речи'),(32,'Информационные технологии в профессиональной деятельности'),(33,'Веб-разработка'),(34,'Математический компьютерный практикум'),(35,'Обучение служением'),(36,'Разработка пользовательского интерфейса'),(37,'Эконометрика'),(38,'Психология социального взаимодействия'),(39,'Базы данных'),(40,'Квантовые вычисления'),(41,'Мобильная разработка'),(42,'Экология'),(43,'Основы финансовой грамотности и предпринимательской деятельности'),(44,'Правовые основы профессиональной и предпринимательской деятельности'),(45,'Компьютерное моделирование'),(46,'Дисциплины по выбору Б1.В.ДВ.01'),(47,'Культурология'),(48,'Этика и эстетика'),(49,'Дисциплины по выбору Б1.В.ДВ.02'),(50,'Методы оптимизации'),(51,'Выпуклый анализ'),(52,'Дисциплины по выбору Б1.В.ДВ.03'),(53,'Машинное обучение'),(54,'Проектный семинар \"Математическое моделирование\"'),(55,'Дисциплины по выбору Б1.В.ДВ.04'),(56,'1С: предприятие'),(57,'Системы управления базами данных'),(58,'Дисциплины по выбору Б1.В.ДВ.05'),(59,'Криптография м защита информации'),(60,'Теория игр'),(61,'Учебная (технологическая (проектно-технологическая)) практика'),(62,'Производственная (технологическая (проектно-технологическая)) практика'),(63,'Учебная практика (научно-исследовательская работа (получение первичных навыков научно-исследовательской работы))'),(64,'Преддипломная практика'),(65,'Подготовка к сдаче и сдача государственного экзамена'),(66,'Выполнение и защита выпускной квалификационной работы'),(67,'Проектная деятельность в области устойчивого развития'),(68,'Интернет вещей'),(69,'Применение в образовательной деятельности проблематики геноцида советского народа в годы Великой Отечественной войны на основе проекта \"Без срока давности\"'),(70,'Архитектура компьютера и операционные системы'),(71,'Электротехника, электроника и схемотехника'),(72,'Вычислительные системы и компьютерные сети'),(73,'Прикладное и системное программное обеспечение'),(74,'Численные методы и компьютерное моделирование'),(75,'Метрология, стандартизация и сертификация'),(76,'Педагогика  саморазвития'),(77,'Теория управления в робототехнических системах'),(78,'Сети и телекоммуникации '),(79,'Проектирование информационных систем'),(80,'Предпринимательские проекты: управление и реализация'),(81,'Теория чисел и криптография'),(82,'Финансовая математика'),(83,'Многомерный статистический анализ'),(84,'Коды, исправляющие ошибки'),(85,'Основы теории управления'),(86,'Теория случайных процессов'),(87,'Дисциплины по выбору Б1.В.ДВ.06'),(88,'Методы искусственного интеллекта'),(89,'Дисциплины по выбору Б1.В.ДВ.07'),(90,'1С-предприятие'),(91,'Дисциплины по выбору Б1.В.ДВ.08'),(92,'Анализ и моделирование бизнес-процессов'),(93,'Системный анализ и принятие решений'),(94,'Учебная (ознакомительная) практика'),(95,'Защита в операционных системах'),(96,'СОЦИАЛЬНО-ГУМАНИТАРНЫЙ МОДУЛЬ'),(97,'Финансово-экономический практикум'),(98,'Нормативно-правовые основы профессиональной деятельности. Антикоррупционное поведение'),(99,'КОММУНИКАТИВНО-ЦИФРОВОЙ МОДУЛЬ'),(100,'Речевые практики'),(101,'Технологии цифрового образования'),(102,'МОДУЛЬ ЗДОРОВЬЕСБЕРЕГАЮЩИЙ'),(103,'Возрастная анатомия, физиология и культура здоровья'),(104,'Основы медицинских знаний'),(105,'ПСИХОЛОГО-ПЕДАГОГИЧЕСКИЙ МОДУЛЬ'),(106,'Психология'),(107,'Педагогика'),(108,'Обучение лиц с ОВЗ и особыми образовательными потребностями'),(109,'МОДУЛЬ ВОСПИТАТЕЛЬНОЙ ДЕЯТЕЛЬНОСТИ'),(110,'Основы государственной политики в сфере межэтнических и межконфессиональных отношений'),(111,'Психология воспитательных практик'),(112,'Технология и организация воспитательных практик (классное руководство)'),(113,'Основы вожатской деятельности'),(114,'МОДУЛЬ УЧЕБНО-ИССЛЕДОВАТЕЛЬСКОЙ И ПРОЕКТНОЙ ДЕЯТЕЛЬНОСТИ'),(115,'Методы исследовательской деятельности'),(116,'Методы проектной деятельности'),(117,'Методы математической обработки данных'),(118,'Предметно-методический модуль (1)'),(119,'Элементарная математика'),(120,'Методика обучения математике'),(121,'Решение задач повышенной сложности по математике'),(122,'Задачи ЕГЭ по математике'),(123,'Предметно-методический модуль (2)'),(124,'Методика обучения информатике'),(125,'Решение задач повышенной сложности по информатике'),(126,'Основы математического моделирования'),(127,'Задачи ЕГЭ по информатике'),(128,'Предметно-методический модуль (1)'),(129,'Теория функций комплексного переменного'),(130,'Математическая логика'),(131,'Предметно-методический модуль (2)'),(132,'Сети и коммуникации'),(133,'1С: бухгалтерия'),(134,'Мобильное программирование'),(135,'Компьютерная графика'),(136,'Эволюция культуры: информационный подход'),(137,'Основы природовользования'),(138,'Технологическая (проектно-технологическая) учебная практика'),(139,'Научно-исследовательская работа'),(140,'Педагогическая практика'),(141,'Практика учебная (педагогическая практика, вожатская)'),(142,'Научно-исследовательская работа'),(143,'Практика ознакомительная'),(144,'Технологическая (проектно-технологическая) производственная практика'),(145,'Практика производственная (педагогическая практика, вожатская)'),(146,'Защита ВКР, включая подготовку к процедуре защиты и процедуру защиты'),(147,'Закон об образовании'),(148,'Защита информации'),(149,'Математика'),(150,'Иностранный язык в профессиональной деятельности'),(151,'Русский язык в профессиональной деятельности'),(152,'Качественная теория дифференциальных уравнений'),(153,'Дополнительные главы алгебры'),(154,'Математическое и компьютерное моделирование'),(155,'Действительный анализ'),(156,'Прикладной статистический анализ'),(157,'Введение в современные методы математической физики'),(158,'Психология управления'),(159,'Модели и алгоритмы защиты информации'),(160,'Компьютерная лингвистика'),(161,'Культура и межкультурное взаимодействие в современном мире'),(162,'Современные методы численно-аналитического решения краевых задач'),(163,'Дисциплины по выбору Б1.В.ДВ.1'),(164,'Теория принятия решений'),(165,'Рекомендательные системы'),(166,'Дисциплины по выбору Б1.В.ДВ.2'),(167,'Анализ временных рядов'),(168,'Современные базы данных'),(169,'Дисциплины по выбору Б1.В.ДВ.3'),(170,'Алгебраические методы в криптографии'),(171,'Математические модели макроэкономики'),(172,'Дисциплины по выбору Б1.В.ДВ.4'),(173,'Современные методы распределенного хранения и обработки данных'),(174,'Современные проблемы информатизации государственных учреждений'),(175,'Производственная практика (научно-исследовательская работа)'),(176,'Производственная (преддипломная) практика'),(177,'Гильбертовы модули'),(178,'Операторные методы в математической экономике');
/*!40000 ALTER TABLE `subjects` ENABLE KEYS */;
UNLOCK TABLES;

--
-- Table structure for table `thesis_work`
--

DROP TABLE IF EXISTS `thesis_work`;
/*!40101 SET @saved_cs_client     = @@character_set_client */;
/*!50503 SET character_set_client = utf8mb4 */;
CREATE TABLE `thesis_work` (
  `id` int NOT NULL AUTO_INCREMENT,
  `current_year` year NOT NULL,
  `semester` int NOT NULL,
  `student_id` int NOT NULL,
  `employee_id` int NOT NULL,
  `title` varchar(255) NOT NULL,
  `thesis_work_type_id` int NOT NULL,
  `mark` int NOT NULL,
  PRIMARY KEY (`id`)
) ENGINE=InnoDB DEFAULT CHARSET=cp1251;
/*!40101 SET character_set_client = @saved_cs_client */;

--
-- Dumping data for table `thesis_work`
--

LOCK TABLES `thesis_work` WRITE;
/*!40000 ALTER TABLE `thesis_work` DISABLE KEYS */;
/*!40000 ALTER TABLE `thesis_work` ENABLE KEYS */;
UNLOCK TABLES;

--
-- Table structure for table `thesis_work_type`
--

DROP TABLE IF EXISTS `thesis_work_type`;
/*!40101 SET @saved_cs_client     = @@character_set_client */;
/*!50503 SET character_set_client = utf8mb4 */;
CREATE TABLE `thesis_work_type` (
  `id` int NOT NULL AUTO_INCREMENT,
  `title` varchar(255) NOT NULL,
  PRIMARY KEY (`id`)
) ENGINE=InnoDB DEFAULT CHARSET=cp1251;
/*!40101 SET character_set_client = @saved_cs_client */;

--
-- Dumping data for table `thesis_work_type`
--

LOCK TABLES `thesis_work_type` WRITE;
/*!40000 ALTER TABLE `thesis_work_type` DISABLE KEYS */;
/*!40000 ALTER TABLE `thesis_work_type` ENABLE KEYS */;
UNLOCK TABLES;

--
-- Table structure for table `title_plan`
--

DROP TABLE IF EXISTS `title_plan`;
/*!40101 SET @saved_cs_client     = @@character_set_client */;
/*!50503 SET character_set_client = utf8mb4 */;
CREATE TABLE `title_plan` (
  `id` int NOT NULL AUTO_INCREMENT,
  `spec_id` int NOT NULL,
  `profile` varchar(255) NOT NULL,
  `date_uchsovet` date NOT NULL,
  `number_uchsovet` int NOT NULL,
  `current_year` year NOT NULL,
  `date_enter` year NOT NULL,
  `date_fgos` date NOT NULL,
  `number_fgos` int NOT NULL,
  `department_id` int NOT NULL,
  `included` varchar(1) NOT NULL,
  PRIMARY KEY (`id`)
) ENGINE=InnoDB AUTO_INCREMENT=5 DEFAULT CHARSET=cp1251;
/*!40101 SET character_set_client = @saved_cs_client */;

--
-- Dumping data for table `title_plan`
--

LOCK TABLES `title_plan` WRITE;
/*!40000 ALTER TABLE `title_plan` DISABLE KEYS */;
INSERT INTO `title_plan` VALUES (1,4,'Профиль: Программирование, анализ данных и математическое моделирование','2003-01-26',0,2023,2023,'2018-01-10',9,66,'1'),(2,3,'профиль \"Информатика и вычислительная техника\"','2003-01-26',0,2023,2023,'2017-09-19',929,66,'1'),(3,0,'','2003-01-26',0,2023,2023,'2018-02-22',125,134,'1'),(4,0,'','2003-01-26',0,2023,2023,'2018-01-10',13,66,'1');
/*!40000 ALTER TABLE `title_plan` ENABLE KEYS */;
UNLOCK TABLES;

--
-- Table structure for table `titles`
--

DROP TABLE IF EXISTS `titles`;
/*!40101 SET @saved_cs_client     = @@character_set_client */;
/*!50503 SET character_set_client = utf8mb4 */;
CREATE TABLE `titles` (
  `id` int NOT NULL AUTO_INCREMENT,
  `title` varchar(50) NOT NULL,
  PRIMARY KEY (`id`)
) ENGINE=InnoDB AUTO_INCREMENT=3 DEFAULT CHARSET=cp1251;
/*!40101 SET character_set_client = @saved_cs_client */;

--
-- Dumping data for table `titles`
--

LOCK TABLES `titles` WRITE;
/*!40000 ALTER TABLE `titles` DISABLE KEYS */;
INSERT INTO `titles` VALUES (1,'доцент'),(2,'профессор');
/*!40000 ALTER TABLE `titles` ENABLE KEYS */;
UNLOCK TABLES;
/*!40103 SET TIME_ZONE=@OLD_TIME_ZONE */;

/*!40101 SET SQL_MODE=@OLD_SQL_MODE */;
/*!40014 SET FOREIGN_KEY_CHECKS=@OLD_FOREIGN_KEY_CHECKS */;
/*!40014 SET UNIQUE_CHECKS=@OLD_UNIQUE_CHECKS */;
/*!40101 SET CHARACTER_SET_CLIENT=@OLD_CHARACTER_SET_CLIENT */;
/*!40101 SET CHARACTER_SET_RESULTS=@OLD_CHARACTER_SET_RESULTS */;
/*!40101 SET COLLATION_CONNECTION=@OLD_COLLATION_CONNECTION */;
/*!40111 SET SQL_NOTES=@OLD_SQL_NOTES */;

-- Dump completed on 2023-07-06  9:55:09
