-- MySQL dump 10.13  Distrib 8.0.32, for Win64 (x86_64)
--
-- Host: 127.0.0.1    Database: work_programs
-- ------------------------------------------------------
-- Server version	8.0.30

/*!40101 SET @OLD_CHARACTER_SET_CLIENT=@@CHARACTER_SET_CLIENT */;
/*!40101 SET @OLD_CHARACTER_SET_RESULTS=@@CHARACTER_SET_RESULTS */;
/*!40101 SET @OLD_COLLATION_CONNECTION=@@COLLATION_CONNECTION */;
/*!50503 SET NAMES utf8 */;
/*!40103 SET @OLD_TIME_ZONE=@@TIME_ZONE */;
/*!40103 SET TIME_ZONE='+00:00' */;
/*!40014 SET @OLD_UNIQUE_CHECKS=@@UNIQUE_CHECKS, UNIQUE_CHECKS=0 */;
/*!40014 SET @OLD_FOREIGN_KEY_CHECKS=@@FOREIGN_KEY_CHECKS, FOREIGN_KEY_CHECKS=0 */;
/*!40101 SET @OLD_SQL_MODE=@@SQL_MODE, SQL_MODE='NO_AUTO_VALUE_ON_ZERO' */;
/*!40111 SET @OLD_SQL_NOTES=@@SQL_NOTES, SQL_NOTES=0 */;

--
-- Table structure for table `block`
--

DROP TABLE IF EXISTS `block`;
/*!40101 SET @saved_cs_client     = @@character_set_client */;
/*!50503 SET character_set_client = utf8mb4 */;
CREATE TABLE `block` (
  `id` int NOT NULL AUTO_INCREMENT,
  `block_title` varchar(255) NOT NULL,
  `part_title` varchar(255) NOT NULL,
  PRIMARY KEY (`id`)
) ENGINE=InnoDB AUTO_INCREMENT=14 DEFAULT CHARSET=cp1251;
/*!40101 SET character_set_client = @saved_cs_client */;

--
-- Dumping data for table `block`
--

LOCK TABLES `block` WRITE;
/*!40000 ALTER TABLE `block` DISABLE KEYS */;
INSERT INTO `block` VALUES (1,'Блок 1.Дисциплины (модули)','Обязательная часть'),(2,'Блок 1.Дисциплины (модули)','Часть, формируемая участниками образовательных отношений'),(3,'Блок 2.Практика','Обязательная часть'),(4,'Блок 2.Практика','Часть, формируемая участниками образовательных отношений'),(5,'Блок 3.Государственная итоговая аттестация','ФТД.Факультативы '),(6,'Блок 1 «Дисциплины (модули)»','Базовая часть'),(7,'Блок 1 «Дисциплины (модули)»','Вариативная часть'),(8,'Блок 2 «Практики»','Вариативная часть'),(9,'Блок 3 «Научные исследования»','Вариативная часть'),(10,'Блок 4 «Государственная итоговая аттестация»','Базовая часть'),(11,'ФТД.Факультативы',''),(12,'Блок 3',''),(13,'Блок 3.Государственная итоговая аттестация','');
/*!40000 ALTER TABLE `block` ENABLE KEYS */;
UNLOCK TABLES;

--
-- Table structure for table `classroom_funds`
--

DROP TABLE IF EXISTS `classroom_funds`;
/*!40101 SET @saved_cs_client     = @@character_set_client */;
/*!50503 SET character_set_client = utf8mb4 */;
CREATE TABLE `classroom_funds` (
  `id` int NOT NULL AUTO_INCREMENT,
  `current_year` year NOT NULL,
  `semester` int NOT NULL,
  `day_week` int NOT NULL,
  `lesson_num` int NOT NULL,
  `week_num` int NOT NULL,
  `croom_id` int NOT NULL,
  PRIMARY KEY (`id`)
) ENGINE=InnoDB DEFAULT CHARSET=cp1251;
/*!40101 SET character_set_client = @saved_cs_client */;

--
-- Dumping data for table `classroom_funds`
--

LOCK TABLES `classroom_funds` WRITE;
/*!40000 ALTER TABLE `classroom_funds` DISABLE KEYS */;
/*!40000 ALTER TABLE `classroom_funds` ENABLE KEYS */;
UNLOCK TABLES;

--
-- Table structure for table `classrooms`
--

DROP TABLE IF EXISTS `classrooms`;
/*!40101 SET @saved_cs_client     = @@character_set_client */;
/*!50503 SET character_set_client = utf8mb4 */;
CREATE TABLE `classrooms` (
  `id` int NOT NULL AUTO_INCREMENT,
  `number` varchar(4) NOT NULL,
  PRIMARY KEY (`id`)
) ENGINE=InnoDB DEFAULT CHARSET=cp1251;
/*!40101 SET character_set_client = @saved_cs_client */;

--
-- Dumping data for table `classrooms`
--

LOCK TABLES `classrooms` WRITE;
/*!40000 ALTER TABLE `classrooms` DISABLE KEYS */;
/*!40000 ALTER TABLE `classrooms` ENABLE KEYS */;
UNLOCK TABLES;

--
-- Table structure for table `competence`
--

DROP TABLE IF EXISTS `competence`;
/*!40101 SET @saved_cs_client     = @@character_set_client */;
/*!50503 SET character_set_client = utf8mb4 */;
CREATE TABLE `competence` (
  `id` int NOT NULL AUTO_INCREMENT,
  `code` varchar(6) NOT NULL,
  `description` text NOT NULL,
  `speciality_id` int NOT NULL,
  PRIMARY KEY (`id`)
) ENGINE=InnoDB AUTO_INCREMENT=26 DEFAULT CHARSET=cp1251;
/*!40101 SET character_set_client = @saved_cs_client */;

--
-- Dumping data for table `competence`
--

LOCK TABLES `competence` WRITE;
/*!40000 ALTER TABLE `competence` DISABLE KEYS */;
INSERT INTO `competence` VALUES (1,'УК-1','Способен осуществлять поиск, критический анализ и синтез информации, применять системный подход для решения поставленных задач',0),(2,'УК-2','Способен определять круг задач в рамках поставленной цели и выбирать оптимальные способы их решения, исходя из действующих правовых норм, имеющихся ресурсов и ограничений',0),(3,'УК-3','Способен осуществлять социальное взаимодействие и реализовывать свою роль в команде',0),(4,'УК-4','Способен осуществлять деловую коммуникацию в устной и письменной формах на государственном языке Российской Федерации и иностранном(ых) языке(ах)',0),(5,'УК-5','Способен воспринимать межкультурное разнообразие общества в социально-историческом, этическом и философском контекстах',0),(6,'УК-6','Способен управлять своим временем, выстраивать и реализовывать траекторию саморазвития на основе принципов образования в течение всей жизни',0),(7,'УК-7','Способен поддерживать должный уровень физической подготовленности для обеспечения полноценной социальной и профессиональной деятельности',0),(8,'УК-8','Способен создавать и поддерживать безопасные условия жизнедеятельности, в том числе при возникновении чрезвычайных ситуаций',0),(9,'ОПК-1','Способен применять фундаментальные знания, полученные в области математических и (или) естественных наук, и использовать их в профессиональной деятельности',0),(10,'ОПК-2','Способен разрабатывать, анализировать и внедрять новые математические модели в современных естествознании, технике, экономике и управлении',0),(11,'ОПК-3','Способен использовать в педагогической деятельности научные знания в сфере математики и информатики',0),(12,'ОПК-4','Способен решать задачи профессиональной деятельности с использованием существующих информационно-коммуникационных технологий и с учетом основных требований информационной безопасности',0),(13,'ПК-1','Способен администрировать средства защиты информации в компьютерных системах и сетях',0),(14,'ПК-2','Способен к программной реализации алгоритмов решения типовых задач обеспечения информационной безопасности и к применению программных средств системного, прикладного и специального назначения',0),(15,'ПК-3','Способен проводить научно-исследовательские и опытно-конструкторские разработки по отдельным разделам темы',0),(16,'ПК-4','Способен использовать педагогически обоснованные формы, методы и приемы организации деятельности обучающихся, применять современные технические средства обучения и образовательные технологии',0),(17,'УК-9','Способен принимать обоснованные экономические решения в различных областях жизнедеятельности',0),(18,'УК-10','Способен формировать нетерпимое отношение к коррупционному поведению',0),(19,'ОПК-5','Способен разрабатывать алгоритмы и компьютерные программы, пригодные для практического применения',0),(20,'ОПК-6','Способен разрабатывать бизнес-планы и технические задания на оснащение отделов, лабораторий, офисов компьютерным и сетевым оборудованием',0),(21,'ОПК-7','Способен участвовать в настройке и наладке программно-аппаратных комплексов',0),(22,'ОПК-8','Способен разрабатывать алгоритмы и программы, пригодные для практического применения',0),(23,'ОПК-9','Способен осваивать методики использования программных средств для решения практических задач',0),(24,'ПК-5','Способен администрировать средства защиты информации в компьютерных системах и сетях',0),(25,'ПК-6','Способен создавать и исследовать новые математические модели в промышленности и бизнесе, в том числе с использованием современных информационных технологий и программирования',0);
/*!40000 ALTER TABLE `competence` ENABLE KEYS */;
UNLOCK TABLES;

--
-- Table structure for table `degrees`
--

DROP TABLE IF EXISTS `degrees`;
/*!40101 SET @saved_cs_client     = @@character_set_client */;
/*!50503 SET character_set_client = utf8mb4 */;
CREATE TABLE `degrees` (
  `id` int NOT NULL AUTO_INCREMENT,
  `title` varchar(255) NOT NULL,
  `short_title` varchar(10) NOT NULL,
  PRIMARY KEY (`id`)
) ENGINE=InnoDB AUTO_INCREMENT=3 DEFAULT CHARSET=cp1251;
/*!40101 SET character_set_client = @saved_cs_client */;

--
-- Dumping data for table `degrees`
--

LOCK TABLES `degrees` WRITE;
/*!40000 ALTER TABLE `degrees` DISABLE KEYS */;
INSERT INTO `degrees` VALUES (1,'кандидат физико-математических наук','к.ф.-м.н.'),(2,'доктор физико-математических наук','д.ф.-м.н.');
/*!40000 ALTER TABLE `degrees` ENABLE KEYS */;
UNLOCK TABLES;

--
-- Table structure for table `departments`
--

DROP TABLE IF EXISTS `departments`;
/*!40101 SET @saved_cs_client     = @@character_set_client */;
/*!50503 SET character_set_client = utf8mb4 */;
CREATE TABLE `departments` (
  `id` int NOT NULL AUTO_INCREMENT,
  `faculty_id` int NOT NULL,
  `title` varchar(255) NOT NULL,
  `head_id` int NOT NULL,
  PRIMARY KEY (`id`)
) ENGINE=InnoDB AUTO_INCREMENT=147 DEFAULT CHARSET=cp1251;
/*!40101 SET character_set_client = @saved_cs_client */;

--
-- Dumping data for table `departments`
--

LOCK TABLES `departments` WRITE;
/*!40000 ALTER TABLE `departments` DISABLE KEYS */;
INSERT INTO `departments` VALUES (1,1,'кафедра прикладной математики и информатики',2),(2,1,'кафедра алгебры и анализа',3),(3,0,'Социально-гуманитарных дисциплин (Политологии)',0),(4,0,'Социально-гуманитарных дисциплин (Философии)',0),(5,0,'Социально-гуманитарных дисциплин (Этнокультурологии)',0),(6,0,'Экономической теории (Экономики)',0),(7,0,'Общей психологии (Психологии)',0),(8,0,'Общей психологии (Педагогики)',0),(9,0,'Общей психологии (Педагогики высшей школы)',0),(10,0,'Иностранных языков для гуманитарных факультетов',0),(11,0,'Иностранных языков для естественнонаучных факультетов',0),(12,0,'Русской и зарубежной литературы (Зарубежной литературы и мировой художественной культуры)',0),(13,0,'Русской и зарубежной литературы (Русской литературы)',0),(14,0,'Русского языка',0),(15,0,'Социологии политических и социальных процессов',0),(16,0,'Фундаментальной социологии',0),(17,0,'Психологии',0),(18,0,'Теории и методологии социальной работы',0),(19,0,'Психолого-педагогических и медицинских проблем социальной работы',0),(20,0,'Технологий и инноваций в социальной работе',0),(21,0,'Теории и методики физического воспитания',0),(22,0,'Физического воспитания',0),(23,0,'Спортивных дисциплин',0),(24,0,'Спортивных игр',0),(25,0,'Теории и методики спортивной борьбы',0),(26,0,'Возрастной морфологии и физиологии',0),(27,0,'Русского языка и литературы в национальной школе  (Русского языка в национальной школе)',0),(28,0,'Русского языка и литературы в национальной школе (Русской литературы в национальной школе)',0),(29,0,'Осетинского и общего языкознания',0),(30,0,'Осетинской литературы (Осетинской литературы)',0),(31,0,'Осетинской литературы (Осетинского литературного творчества)',0),(32,0,'Журналистики (Телерадиовещания, связей с общественностью и рекламы)',0),(33,0,'Журналистики (Истории журналистики и современной печати)',0),(34,0,'Культуры речи и языка массовых коммуникаций',0),(35,0,'Истории древнего мира и средних веков',0),(36,0,'Российской истории (Российской истории и кавказоведения)',0),(37,0,'Новейшей истории и политики России',0),(38,0,'Новой, новейшей истории и исторической  политологии',0),(39,0,'Теории и истории государства и права',0),(40,0,'Уголовного права',0),(41,0,'Уголовного процесса и криминалистики',0),(42,0,'Предпринимательского и гражданского  права',0),(43,0,'Государственного права',0),(44,0,'Английского языка',0),(45,0,'Немецкого языка',0),(46,0,'Французского языка',0),(47,0,'Международных экономических отношений',0),(48,0,'Методики начального обучения',0),(49,0,'Методики начального национального обучения',0),(50,0,'Педагогики и психологии',0),(51,0,'Ботаники',0),(52,0,'Зоологии',0),(53,0,'Анатомии и физиологии человека и животных',0),(54,0,'Технологии пищевых продуктов',0),(55,0,'Физической географии',0),(56,0,'Экономической, социальной и политической географии',0),(57,0,'Геоэкологии и устойчивого развития',0),(58,0,'Землеустройства и кадастров',0),(59,0,'Индустрии сервиса и туризма',0),(60,0,'Технологии лекарственных форм и организации фармацевтического дела',0),(61,0,'Фармацевтической химии и фармакогнозии',0),(62,0,'Общей и неорганической химии',0),(63,0,'Органической химии',0),(64,0,'Товароведения и технологии продуктов питания (Экспертизы товаров)',0),(65,0,'Алгебры и анализа',0),(66,0,'Прикладной математики',0),(67,0,'Функционального анализа и дифференциальных уравнений',0),(68,0,'Математического анализа',0),(69,0,'Общей физики',0),(70,0,'Физики твердого тела и электроники',0),(71,0,'Технологии и конструирования швейных изделий',0),(72,0,'Теоретической и математической физики',0),(73,0,'Физики и астрономии',0),(74,0,'Налогов и налогообложения',0),(75,0,'Бухгалтерского учета и аудита',0),(76,0,'Финансов и кредита',0),(77,0,'Экономической теории',0),(78,0,'Экономики и предпринимательства',0),(79,0,'Менеджмента',0),(80,0,'Маркетинга',0),(81,0,'Театрального искусства',0),(82,0,'Изобразительного искусства',0),(83,0,'Стоматологии',0),(84,0,'Социально-гуманитарных дисциплин',0),(85,0,'Педагогики и психологии',0),(86,0,'Русской и зарубежной литературы',0),(87,0,'Русского языка и литературы в национальной школе',0),(88,0,'Осетинского языка (Осетинского языка и литературы)',0),(89,0,'Журналистики',0),(90,0,'Социологии и социальных процессов',0),(91,0,'Спортивных игр и медико-биологических дисциплин',0),(92,0,'Теории, методики физического воспитания и легкой атлетики',0),(93,0,'Теории, методики спортивной борьбы и гимнастики',0),(94,0,'Начального и дошкольного образования',0),(95,0,'Анатомии, физиологии и ботаники',0),(96,0,'Физической и социально-экономической географии',0),(97,0,'Физики конденсированного состояния',0),(98,0,'Гражданского и предпринимательского права',0),(99,0,'Гражданского процесса и трудового права',0),(100,0,'Терапевтической, хирургической и детской стоматологии',0),(101,0,'Ортопедической стоматологии, пропедевтики и постдипломного образования',0),(102,0,'Бухгалтерского учета и налогообложения',0),(103,0,'Иностранных языков для неязыковых специальностей',0),(104,0,'Всеобщей истории иисторической политологии (Всеобщей истории и политологии)',0),(105,0,'Новейшей отечественной истории (Новейшей отечественной истории и философии) (Политической истории и',0),(106,0,'Уголовного права и процесса',0),(107,0,'Гражданского права и процесса',0),(108,0,'Базовая кафедра Верховного суда РСО-Алания «Судебная деятельность»',0),(109,0,'Менеджмента и маркетинга',0),(110,0,'Теории и истории социальной работы (Теории и практики социальной работы)',0),(111,0,'Психолого-педагогических и медицинских проблем социальной работы (Социального обеспечения и управлен',0),(112,0,'Социологии (Социологии и социальной работы)',0),(113,0,'Зоологии и биоэкологии (Зоологии, биоэкологии и биотехнологии)',0),(114,0,'Геоэкологии и землеустройства',0),(115,0,'Теории и методики физического воспитания и спортивных дисциплин',0),(116,0,'Фундаментальной медицины',0),(117,0,'Фармации',0),(118,0,'Философии и общественных наук (Философии и социально-политических наук)',0),(119,0,'Маркетинга и рекламы',0),(120,0,'Инклюзивного образования',0),(121,0,'Медиакоммуникаций и мультимедийных технологий',0),(122,0,'Технологий современных СМИ (базовая)',0),(123,0,'Социальной работы',0),(124,0,'Экономики',0),(125,0,'Предпринимательства, сервиса и туризма',0),(126,0,'Современных технологий бродильных производств (базовая)',0),(127,0,'Регионального развития (базовая)',0),(128,0,'Дизайна, конструирования изделий легкой промышленности',0),(129,0,'Осетинской литературы',0),(130,0,'Всеобщей истории',0),(131,0,'Политологии',0),(132,0,'Педагогики',0),(133,0,'Прикладной математики и информатики',0),(134,0,'Менеджмента, маркетинга и туризма',0),(135,0,'Социологии и политологии',0),(136,0,'Конкурентного права',0),(137,0,'Финансового и административного права',0),(138,0,'Алгебры и геометрии',0),(139,0,'Кафедра осетинской литературы',0),(140,0,'Кафедра всеобщей истории',0),(141,0,'Кафедра политологии',0),(142,0,'Российской истории и кавказоведения',0),(143,0,'Педагогического образования',0),(144,0,'Осетинского языка и литературы',0),(145,0,'Философии и социально-политических наук',0),(146,0,'Кафедра 128',0);
/*!40000 ALTER TABLE `departments` ENABLE KEYS */;
UNLOCK TABLES;

--
-- Table structure for table `edu_forms`
--

DROP TABLE IF EXISTS `edu_forms`;
/*!40101 SET @saved_cs_client     = @@character_set_client */;
/*!50503 SET character_set_client = utf8mb4 */;
CREATE TABLE `edu_forms` (
  `id` int NOT NULL AUTO_INCREMENT,
  `title` varchar(20) NOT NULL,
  PRIMARY KEY (`id`)
) ENGINE=InnoDB AUTO_INCREMENT=4 DEFAULT CHARSET=cp1251;
/*!40101 SET character_set_client = @saved_cs_client */;

--
-- Dumping data for table `edu_forms`
--

LOCK TABLES `edu_forms` WRITE;
/*!40000 ALTER TABLE `edu_forms` DISABLE KEYS */;
INSERT INTO `edu_forms` VALUES (1,'Очная'),(2,'Очно-заочная'),(3,'Заочная');
/*!40000 ALTER TABLE `edu_forms` ENABLE KEYS */;
UNLOCK TABLES;

--
-- Table structure for table `edu_levels`
--

DROP TABLE IF EXISTS `edu_levels`;
/*!40101 SET @saved_cs_client     = @@character_set_client */;
/*!50503 SET character_set_client = utf8mb4 */;
CREATE TABLE `edu_levels` (
  `id` int NOT NULL AUTO_INCREMENT,
  `title` varchar(50) NOT NULL,
  `level` tinyint(1) NOT NULL DEFAULT '1' COMMENT '1-high level',
  PRIMARY KEY (`id`)
) ENGINE=InnoDB AUTO_INCREMENT=6 DEFAULT CHARSET=cp1251;
/*!40101 SET character_set_client = @saved_cs_client */;

--
-- Dumping data for table `edu_levels`
--

LOCK TABLES `edu_levels` WRITE;
/*!40000 ALTER TABLE `edu_levels` DISABLE KEYS */;
INSERT INTO `edu_levels` VALUES (1,'бакалавриат',1),(2,'магистратура',1),(3,'специалитет',1),(4,'аспирантура',1),(5,'докторантура',1);
/*!40000 ALTER TABLE `edu_levels` ENABLE KEYS */;
UNLOCK TABLES;

--
-- Table structure for table `edu_plan`
--

DROP TABLE IF EXISTS `edu_plan`;
/*!40101 SET @saved_cs_client     = @@character_set_client */;
/*!50503 SET character_set_client = utf8mb4 */;
CREATE TABLE `edu_plan` (
  `id` int NOT NULL AUTO_INCREMENT,
  `block_id` int NOT NULL,
  `subject_id` int NOT NULL,
  `code_subject` varchar(32) NOT NULL,
  `department_id` int NOT NULL,
  `title_plan_id` int NOT NULL,
  PRIMARY KEY (`id`)
) ENGINE=InnoDB AUTO_INCREMENT=1177 DEFAULT CHARSET=cp1251;
/*!40101 SET character_set_client = @saved_cs_client */;

--
-- Dumping data for table `edu_plan`
--

LOCK TABLES `edu_plan` WRITE;
/*!40000 ALTER TABLE `edu_plan` DISABLE KEYS */;
INSERT INTO `edu_plan` VALUES (1,1,1,'Б1.О.01',0,1),(2,1,2,'Б1.О.01.01',36,1),(3,1,3,'Б1.О.01.02',130,1),(4,1,4,'Б1.О.02',22,1),(5,1,5,'Б1.О.03',103,1),(6,1,6,'Б1.О.04',65,1),(7,1,7,'Б1.О.05',68,1),(8,1,8,'Б1.О.06',66,1),(9,1,9,'Б1.О.07',65,1),(10,1,10,'Б1.О.08',65,1),(11,1,11,'Б1.О.09',65,1),(12,1,12,'Б1.О.10',66,1),(13,1,13,'Б1.О.11',66,1),(14,1,14,'Б1.О.12',65,1),(15,1,15,'Б1.О.13',65,1),(16,1,16,'Б1.О.14',73,1),(17,1,17,'Б1.О.15',65,1),(18,1,18,'Б1.О.16',66,1),(19,1,19,'Б1.О.17',67,1),(20,1,20,'Б1.О.18',118,1),(21,1,21,'Б1.О.19',67,1),(22,1,22,'Б1.О.20',43,1),(23,1,23,'Б1.О.21',66,1),(24,1,24,'Б1.О.22',65,1),(25,1,25,'Б1.О.23',66,1),(26,1,26,'Б1.О.24',66,1),(27,1,27,'Б1.О.25',50,1),(28,1,28,'Б1.О.26',50,1),(29,1,29,'Б1.О.27',67,1),(30,1,30,'Б1.О.28',66,1),(31,1,31,'Б1.О.29',67,1),(32,1,32,'Б1.О.30',65,1),(33,1,33,'Б1.О.31',65,1),(34,2,34,'Б1.В.01',22,1),(35,2,35,'Б1.В.02',65,1),(36,2,36,'Б1.В.03',68,1),(37,2,37,'Б1.В.04',66,1),(38,2,38,'Б1.В.05',65,1),(39,2,39,'Б1.В.06',103,1),(40,2,40,'Б1.В.07',65,1),(41,2,41,'Б1.В.08',65,1),(42,2,42,'Б1.В.09',124,1),(43,2,43,'Б1.В.10',66,1),(44,2,44,'Б1.В.11',68,1),(45,2,45,'Б1.В.12',65,1),(46,2,46,'Б1.В.13',50,1),(47,2,47,'Б1.В.14',120,1),(48,2,48,'Б1.В.15',50,1),(49,2,49,'Б1.В.ДВ.01',0,1),(50,2,50,'Б1.В.ДВ.01.01',88,1),(51,2,51,'Б1.В.ДВ.01.02',14,1),(52,2,52,'Б1.В.ДВ.02',0,1),(53,2,53,'Б1.В.ДВ.02.01',65,1),(54,2,54,'Б1.В.ДВ.02.02',66,1),(55,2,55,'Б1.В.ДВ.03',0,1),(56,2,56,'Б1.В.ДВ.03.01',68,1),(57,2,57,'Б1.В.ДВ.03.02',65,1),(58,2,58,'Б1.В.ДВ.04',0,1),(59,2,59,'Б1.В.ДВ.04.01',65,1),(60,2,60,'Б1.В.ДВ.04.02',65,1),(61,2,61,'Б1.В.ДВ.05',0,1),(62,2,62,'Б1.В.ДВ.05.01',66,1),(63,2,63,'Б1.В.ДВ.05.02',65,1),(64,2,64,'Б1.В.ДВ.06',0,1),(65,2,65,'Б1.В.ДВ.06.01',65,1),(66,2,66,'Б1.В.ДВ.06.02',65,1),(67,2,67,'Б1.В.ДВ.07',0,1),(68,2,68,'Б1.В.ДВ.07.01',67,1),(69,2,69,'Б1.В.ДВ.07.02',65,1),(70,2,70,'Б1.В.ДВ.08',0,1),(71,2,71,'Б1.В.ДВ.08.01',66,1),(72,2,72,'Б1.В.ДВ.08.02',65,1),(73,2,73,'Б1.В.ДВ.09',0,1),(74,2,74,'Б1.В.ДВ.09.01',65,1),(75,2,75,'Б1.В.ДВ.09.02',65,1),(76,3,76,'Б2.О.01(У)',66,1),(77,3,77,'Б2.О.02(П)',65,1),(78,4,78,'Б2.В.01(П)',65,1),(79,13,79,'Б3.01(Г)',65,1),(80,13,80,'Б3.02(Д)',65,1),(81,11,81,'ФТД.01',43,1),(82,11,82,'ФТД.02',88,1),(83,11,83,'ФТД.03',88,1),(84,1,1,'Б1.О.01',0,2),(85,1,3,'Б1.О.01.01',130,2),(86,1,2,'Б1.О.01.02',36,2),(87,1,5,'Б1.О.02',103,2),(88,1,4,'Б1.О.03',22,2),(89,1,16,'Б1.О.04',114,2),(90,1,10,'Б1.О.05',65,2),(91,1,6,'Б1.О.06',65,2),(92,1,7,'Б1.О.07',65,2),(93,1,84,'Б1.О.08',133,2),(94,1,85,'Б1.О.09',133,2),(95,1,12,'Б1.О.10',133,2),(96,1,86,'Б1.О.11',65,2),(97,1,87,'Б1.О.12',73,2),(98,1,17,'Б1.О.13',65,2),(99,1,88,'Б1.О.14',65,2),(100,1,89,'Б1.О.15',133,2),(101,1,20,'Б1.О.16',118,2),(102,1,21,'Б1.О.17',65,2),(103,1,31,'Б1.О.18',133,2),(104,1,90,'Б1.О.19',133,2),(105,1,44,'Б1.О.20',133,2),(106,1,75,'Б1.О.21',133,2),(107,1,91,'Б1.О.22',133,2),(108,1,92,'Б1.О.23',65,2),(109,1,26,'Б1.О.24',133,2),(110,1,93,'Б1.О.25',132,2),(111,2,34,'Б1.В.01',22,2),(112,2,94,'Б1.В.02',133,2),(113,2,95,'Б1.В.03',14,2),(114,2,96,'Б1.В.04',133,2),(115,2,97,'Б1.В.05',133,2),(116,2,98,'Б1.В.06',133,2),(117,2,99,'Б1.В.07',133,2),(118,2,100,'Б1.В.08',133,2),(119,2,101,'Б1.В.09',132,2),(120,2,102,'Б1.В.10',134,2),(121,2,103,'Б1.В.11',39,2),(122,2,104,'Б1.В.12',64,2),(123,2,105,'Б1.В.13',133,2),(124,2,15,'Б1.В.14',65,2),(125,2,106,'Б1.В.15',133,2),(126,2,66,'Б1.В.16',65,2),(127,2,37,'Б1.В.17',133,2),(128,2,107,'Б1.В.ДВ.01',0,2),(129,2,108,'Б1.В.ДВ.01.01',118,2),(130,2,109,'Б1.В.ДВ.01.02',118,2),(131,2,110,'Б1.В.ДВ.02',0,2),(132,2,36,'Б1.В.ДВ.02.01',133,2),(133,2,111,'Б1.В.ДВ.02.02',65,2),(134,2,112,'Б1.В.ДВ.03',0,2),(135,2,113,'Б1.В.ДВ.03.01',133,2),(136,2,114,'Б1.В.ДВ.03.02',133,2),(137,2,115,'Б1.В.ДВ.04',0,2),(138,2,116,'Б1.В.ДВ.04.01',133,2),(139,2,117,'Б1.В.ДВ.04.02',133,2),(140,2,118,'Б1.В.ДВ.05',0,2),(141,2,119,'Б1.В.ДВ.05.01',133,2),(142,2,120,'Б1.В.ДВ.05.02',133,2),(143,2,121,'Б1.В.ДВ.06',0,2),(144,2,122,'Б1.В.ДВ.06.01',65,2),(145,2,123,'Б1.В.ДВ.06.02',133,2),(146,3,124,'Б2.О.01(У)',133,2),(147,3,125,'Б2.О.02(П)',133,2),(148,4,0,'Б2.В.01(У)',133,2),(149,4,78,'Б2.В.02(П)',133,2),(150,13,79,'Б3.01(Г)',0,2),(151,13,80,'Б3.02(Д)',0,2),(152,0,126,'ФТД.01',135,2),(153,0,127,'ФТД.02',133,2),(154,1,1,'Б1.О.01',0,3),(155,1,3,'Б1.О.01.01',130,3),(156,1,2,'Б1.О.01.02',36,3),(157,1,5,'Б1.О.02',103,3),(158,1,4,'Б1.О.03',22,3),(159,1,16,'Б1.О.04',73,3),(160,1,10,'Б1.О.05',65,3),(161,1,6,'Б1.О.06',65,3),(162,1,7,'Б1.О.07',65,3),(163,1,84,'Б1.О.08',133,3),(164,1,85,'Б1.О.09',133,3),(165,1,12,'Б1.О.10',133,3),(166,1,86,'Б1.О.11',133,3),(167,1,87,'Б1.О.12',73,3),(168,1,17,'Б1.О.13',65,3),(169,1,88,'Б1.О.14',65,3),(170,1,89,'Б1.О.15',133,3),(171,1,20,'Б1.О.16',118,3),(172,1,21,'Б1.О.17',65,3),(173,1,31,'Б1.О.18',65,3),(174,1,90,'Б1.О.19',133,3),(175,1,44,'Б1.О.20',133,3),(176,1,75,'Б1.О.21',133,3),(177,1,91,'Б1.О.22',133,3),(178,1,36,'Б1.О.23',65,3),(179,1,26,'Б1.О.24',133,3),(180,1,93,'Б1.О.25',132,3),(181,2,34,'Б1.В.01',22,3),(182,2,94,'Б1.В.02',133,3),(183,2,95,'Б1.В.03',14,3),(184,2,96,'Б1.В.04',133,3),(185,2,97,'Б1.В.05',133,3),(186,2,98,'Б1.В.06',133,3),(187,2,99,'Б1.В.07',133,3),(188,2,100,'Б1.В.08',133,3),(189,2,101,'Б1.В.09',132,3),(190,2,102,'Б1.В.10',134,3),(191,2,103,'Б1.В.11',39,3),(192,2,104,'Б1.В.12',64,3),(193,2,105,'Б1.В.13',133,3),(194,2,15,'Б1.В.14',65,3),(195,2,106,'Б1.В.15',133,3),(196,2,66,'Б1.В.16',133,3),(197,2,37,'Б1.В.17',133,3),(198,2,107,'Б1.В.ДВ.01',0,3),(199,2,108,'Б1.В.ДВ.01.01',118,3),(200,2,109,'Б1.В.ДВ.01.02',118,3),(201,2,110,'Б1.В.ДВ.02',0,3),(202,2,128,'Б1.В.ДВ.02.01',133,3),(203,2,92,'Б1.В.ДВ.02.02',65,3),(204,2,112,'Б1.В.ДВ.03',0,3),(205,2,129,'Б1.В.ДВ.03.01',133,3),(206,2,114,'Б1.В.ДВ.03.02',133,3),(207,2,115,'Б1.В.ДВ.04',0,3),(208,2,116,'Б1.В.ДВ.04.01',133,3),(209,2,117,'Б1.В.ДВ.04.02',133,3),(210,2,118,'Б1.В.ДВ.05',0,3),(211,2,119,'Б1.В.ДВ.05.01',133,3),(212,2,120,'Б1.В.ДВ.05.02',133,3),(213,2,121,'Б1.В.ДВ.06',0,3),(214,2,122,'Б1.В.ДВ.06.01',65,3),(215,2,123,'Б1.В.ДВ.06.02',65,3),(216,3,124,'Б2.О.01(У)',133,3),(217,3,125,'Б2.О.02(П)',133,3),(218,4,0,'Б2.В.01(У)',133,3),(219,4,78,'Б2.В.02(П)',133,3),(220,13,79,'Б3.01(Г)',0,3),(221,13,80,'Б3.02(Д)',0,3),(222,0,81,'ФТД.01',107,3),(223,0,82,'ФТД.02',88,3),(224,0,83,'ФТД.03',88,3),(225,0,126,'ФТД.05',135,3),(226,0,127,'ФТД.06',133,3),(227,1,1,'Б1.О.01',0,4),(228,1,3,'Б1.О.01.01',130,4),(229,1,2,'Б1.О.01.02',36,4),(230,1,5,'Б1.О.02',103,4),(231,1,4,'Б1.О.03',22,4),(232,1,16,'Б1.О.04',73,4),(233,1,94,'Б1.О.05',133,4),(234,1,11,'Б1.О.06',138,4),(235,1,10,'Б1.О.07',138,4),(236,1,6,'Б1.О.08',138,4),(237,1,84,'Б1.О.09',133,4),(238,1,85,'Б1.О.10',133,4),(239,1,101,'Б1.О.11',50,4),(240,1,12,'Б1.О.12',133,4),(241,1,7,'Б1.О.13',68,4),(242,1,17,'Б1.О.14',138,4),(243,1,86,'Б1.О.15',133,4),(244,1,88,'Б1.О.16',138,4),(245,1,130,'Б1.О.17',133,4),(246,1,89,'Б1.О.18',133,4),(247,1,44,'Б1.О.19',133,4),(248,1,91,'Б1.О.20',133,4),(249,1,75,'Б1.О.21',133,4),(250,1,20,'Б1.О.22',118,4),(251,1,90,'Б1.О.23',133,4),(252,1,36,'Б1.О.24',138,4),(253,1,26,'Б1.О.25',133,4),(254,1,87,'Б1.О.26',73,4),(255,1,93,'Б1.О.27',50,4),(256,1,21,'Б1.О.28',138,4),(257,1,15,'Б1.О.29',138,4),(258,1,95,'Б1.О.30',14,4),(259,1,104,'Б1.О.31',64,4),(260,1,31,'Б1.О.32',138,4),(261,2,34,'Б1.В.01',22,4),(262,2,100,'Б1.В.02',133,4),(263,2,102,'Б1.В.03',78,4),(264,2,103,'Б1.В.04',39,4),(265,2,131,'Б1.В.05',133,4),(266,2,66,'Б1.В.06',133,4),(267,2,132,'Б1.В.07',133,4),(268,2,106,'Б1.В.08',133,4),(269,2,105,'Б1.В.09',133,4),(270,2,127,'Б1.В.10',133,4),(271,2,133,'Б1.В.11',133,4),(272,2,96,'Б1.В.12',133,4),(273,2,99,'Б1.В.13',133,4),(274,2,37,'Б1.В.14',133,4),(275,2,49,'Б1.В.ДВ.01',0,4),(276,2,108,'Б1.В.ДВ.01.01',118,4),(277,2,109,'Б1.В.ДВ.01.02',118,4),(278,2,52,'Б1.В.ДВ.02',0,4),(279,2,128,'Б1.В.ДВ.02.01',133,4),(280,2,92,'Б1.В.ДВ.02.02',138,4),(281,2,55,'Б1.В.ДВ.03',0,4),(282,2,129,'Б1.В.ДВ.03.01',133,4),(283,2,114,'Б1.В.ДВ.03.02',133,4),(284,2,58,'Б1.В.ДВ.04',0,4),(285,2,116,'Б1.В.ДВ.04.01',133,4),(286,2,117,'Б1.В.ДВ.04.02',133,4),(287,2,61,'Б1.В.ДВ.05',0,4),(288,2,119,'Б1.В.ДВ.05.01',133,4),(289,2,120,'Б1.В.ДВ.05.02',133,4),(290,2,64,'Б1.В.ДВ.06',0,4),(291,2,122,'Б1.В.ДВ.06.01',138,4),(292,2,123,'Б1.В.ДВ.06.02',133,4),(293,3,124,'Б2.О.01(У)',133,4),(294,3,125,'Б2.О.02(П)',133,4),(295,4,0,'Б2.В.01(У)',133,4),(296,4,78,'Б2.В.02(П)',133,4),(297,13,79,'Б3.01(Г)',0,4),(298,13,80,'Б3.02(Д)',0,4),(299,0,81,'ФТД.01',42,4),(300,0,82,'ФТД.02',88,4),(301,0,83,'ФТД.03',88,4),(302,0,126,'ФТД.05',112,4),(303,1,1,'Б1.О.01',0,5),(304,1,3,'Б1.О.01.01',130,5),(305,1,2,'Б1.О.01.02',36,5),(306,1,5,'Б1.О.02',103,5),(307,1,4,'Б1.О.03',22,5),(308,1,16,'Б1.О.04',114,5),(309,1,10,'Б1.О.05',65,5),(310,1,6,'Б1.О.06',65,5),(311,1,7,'Б1.О.07',65,5),(312,1,84,'Б1.О.08',133,5),(313,1,85,'Б1.О.09',133,5),(314,1,134,'Б1.О.10',65,5),(315,1,12,'Б1.О.11',133,5),(316,1,135,'Б1.О.12',133,5),(317,1,87,'Б1.О.13',73,5),(318,1,136,'Б1.О.14',73,5),(319,1,97,'Б1.О.15',65,5),(320,1,137,'Б1.О.16',133,5),(321,1,138,'Б1.О.17',133,5),(322,1,20,'Б1.О.18',118,5),(323,1,91,'Б1.О.19',133,5),(324,1,130,'Б1.О.20',133,5),(325,1,139,'Б1.О.21',64,5),(326,1,140,'Б1.О.22',132,5),(327,2,34,'Б1.В.01',22,5),(328,2,94,'Б1.В.02',133,5),(329,2,141,'Б1.В.03',65,5),(330,2,96,'Б1.В.04',133,5),(331,2,88,'Б1.В.05',65,5),(332,2,44,'Б1.В.06',133,5),(333,2,98,'Б1.В.07',133,5),(334,2,142,'Б1.В.08',133,5),(335,2,75,'Б1.В.09',133,5),(336,2,99,'Б1.В.10',133,5),(337,2,143,'Б1.В.11',133,5),(338,2,100,'Б1.В.12',133,5),(339,2,144,'Б1.В.13',133,5),(340,2,101,'Б1.В.14',132,5),(341,2,145,'Б1.В.15',65,5),(342,2,102,'Б1.В.16',134,5),(343,2,103,'Б1.В.17',39,5),(344,2,131,'Б1.В.18',65,5),(345,2,107,'Б1.В.ДВ.01',0,5),(346,2,95,'Б1.В.ДВ.01.01',14,5),(347,2,146,'Б1.В.ДВ.01.02',132,5),(348,2,110,'Б1.В.ДВ.02',0,5),(349,2,17,'Б1.В.ДВ.02.01',65,5),(350,2,21,'Б1.В.ДВ.02.02',65,5),(351,2,112,'Б1.В.ДВ.03',0,5),(352,2,108,'Б1.В.ДВ.03.01',118,5),(353,2,109,'Б1.В.ДВ.03.02',118,5),(354,2,115,'Б1.В.ДВ.04',0,5),(355,2,147,'Б1.В.ДВ.04.01',65,5),(356,2,148,'Б1.В.ДВ.04.02',65,5),(357,2,118,'Б1.В.ДВ.05',0,5),(358,2,57,'Б1.В.ДВ.05.01',65,5),(359,2,149,'Б1.В.ДВ.05.02',67,5),(360,2,121,'Б1.В.ДВ.06',0,5),(361,2,66,'Б1.В.ДВ.06.01',65,5),(362,2,150,'Б1.В.ДВ.06.02',65,5),(363,2,151,'Б1.В.ДВ.07',0,5),(364,2,152,'Б1.В.ДВ.07.01',133,5),(365,2,120,'Б1.В.ДВ.07.02',133,5),(366,2,153,'Б1.В.ДВ.08',0,5),(367,2,154,'Б1.В.ДВ.08.01',133,5),(368,2,117,'Б1.В.ДВ.08.02',133,5),(369,2,155,'Б1.В.ДВ.09',0,5),(370,2,156,'Б1.В.ДВ.09.01',133,5),(371,2,157,'Б1.В.ДВ.09.02',133,5),(372,3,158,'Б2.О.01(У)',133,5),(373,3,124,'Б2.О.02(У)',133,5),(374,3,78,'Б2.О.03(Пд)',133,5),(375,4,125,'Б2.В.01(П)',133,5),(376,13,79,'Б3.01(Г)',0,5),(377,13,80,'Б3.02(Д)',0,5),(378,11,126,'ФТД.01',135,5),(379,11,23,'ФТД.02',133,5),(380,1,1,'Б1.О.01',0,6),(381,1,3,'Б1.О.01.01',130,6),(382,1,2,'Б1.О.01.02',36,6),(383,1,5,'Б1.О.02',103,6),(384,1,4,'Б1.О.03',22,6),(385,1,16,'Б1.О.04',73,6),(386,1,10,'Б1.О.05',65,6),(387,1,6,'Б1.О.06',65,6),(388,1,7,'Б1.О.07',65,6),(389,1,84,'Б1.О.08',133,6),(390,1,85,'Б1.О.09',133,6),(391,1,134,'Б1.О.10',65,6),(392,1,12,'Б1.О.11',133,6),(393,1,135,'Б1.О.12',133,6),(394,1,87,'Б1.О.13',73,6),(395,1,136,'Б1.О.14',73,6),(396,1,97,'Б1.О.15',65,6),(397,1,137,'Б1.О.16',133,6),(398,1,138,'Б1.О.17',133,6),(399,1,20,'Б1.О.18',118,6),(400,1,91,'Б1.О.19',133,6),(401,1,130,'Б1.О.20',133,6),(402,1,139,'Б1.О.21',64,6),(403,1,140,'Б1.О.22',132,6),(404,2,34,'Б1.В.01',22,6),(405,2,94,'Б1.В.02',133,6),(406,2,141,'Б1.В.03',65,6),(407,2,96,'Б1.В.04',133,6),(408,2,88,'Б1.В.05',65,6),(409,2,44,'Б1.В.06',133,6),(410,2,98,'Б1.В.07',133,6),(411,2,142,'Б1.В.08',133,6),(412,2,75,'Б1.В.09',133,6),(413,2,99,'Б1.В.10',133,6),(414,2,143,'Б1.В.11',133,6),(415,2,100,'Б1.В.12',133,6),(416,2,144,'Б1.В.13',133,6),(417,2,101,'Б1.В.14',132,6),(418,2,145,'Б1.В.15',65,6),(419,2,102,'Б1.В.16',134,6),(420,2,103,'Б1.В.17',39,6),(421,2,131,'Б1.В.18',133,6),(422,2,107,'Б1.В.ДВ.01',0,6),(423,2,51,'Б1.В.ДВ.01.01',14,6),(424,2,146,'Б1.В.ДВ.01.02',132,6),(425,2,110,'Б1.В.ДВ.02',0,6),(426,2,17,'Б1.В.ДВ.02.01',65,6),(427,2,21,'Б1.В.ДВ.02.02',65,6),(428,2,112,'Б1.В.ДВ.03',0,6),(429,2,108,'Б1.В.ДВ.03.01',118,6),(430,2,109,'Б1.В.ДВ.03.02',118,6),(431,2,115,'Б1.В.ДВ.04',0,6),(432,2,147,'Б1.В.ДВ.04.01',133,6),(433,2,148,'Б1.В.ДВ.04.02',133,6),(434,2,118,'Б1.В.ДВ.05',0,6),(435,2,57,'Б1.В.ДВ.05.01',65,6),(436,2,149,'Б1.В.ДВ.05.02',65,6),(437,2,121,'Б1.В.ДВ.06',0,6),(438,2,66,'Б1.В.ДВ.06.01',133,6),(439,2,150,'Б1.В.ДВ.06.02',133,6),(440,2,151,'Б1.В.ДВ.07',0,6),(441,2,152,'Б1.В.ДВ.07.01',133,6),(442,2,120,'Б1.В.ДВ.07.02',133,6),(443,2,153,'Б1.В.ДВ.08',0,6),(444,2,154,'Б1.В.ДВ.08.01',133,6),(445,2,117,'Б1.В.ДВ.08.02',133,6),(446,2,155,'Б1.В.ДВ.09',0,6),(447,2,156,'Б1.В.ДВ.09.01',133,6),(448,2,157,'Б1.В.ДВ.09.02',133,6),(449,3,158,'Б2.О.01(У)',133,6),(450,3,124,'Б2.О.02(У)',133,6),(451,3,78,'Б2.О.03(Пд)',133,6),(452,4,125,'Б2.В.01(П)',133,6),(453,13,79,'Б3.01(Г)',0,6),(454,13,80,'Б3.02(Д)',0,6),(455,11,81,'ФТД.01',107,6),(456,11,82,'ФТД.02',88,6),(457,11,83,'ФТД.03',88,6),(458,11,126,'ФТД.04',135,6),(459,11,23,'ФТД.06',133,6),(460,1,1,'Б1.О.01',0,7),(461,1,3,'Б1.О.01.01',130,7),(462,1,2,'Б1.О.01.02',36,7),(463,1,5,'Б1.О.02',103,7),(464,1,4,'Б1.О.03',22,7),(465,1,16,'Б1.О.04',73,7),(466,1,10,'Б1.О.05',138,7),(467,1,6,'Б1.О.06',138,7),(468,1,84,'Б1.О.07',133,7),(469,1,85,'Б1.О.08',133,7),(470,1,134,'Б1.О.09',67,7),(471,1,7,'Б1.О.10',68,7),(472,1,135,'Б1.О.11',67,7),(473,1,97,'Б1.О.12',68,7),(474,1,136,'Б1.О.13',73,7),(475,1,137,'Б1.О.14',133,7),(476,1,138,'Б1.О.15',67,7),(477,1,20,'Б1.О.16',118,7),(478,1,91,'Б1.О.17',133,7),(479,1,139,'Б1.О.18',64,7),(480,1,87,'Б1.О.19',73,7),(481,1,12,'Б1.О.20',133,7),(482,1,11,'Б1.О.21',67,7),(483,1,130,'Б1.О.22',133,7),(484,1,140,'Б1.О.23',50,7),(485,1,101,'Б1.О.24',50,7),(486,1,94,'Б1.О.25',133,7),(487,2,34,'Б1.В.01',22,7),(488,2,88,'Б1.В.02',67,7),(489,2,142,'Б1.В.03',133,7),(490,2,159,'Б1.В.04',133,7),(491,2,44,'Б1.В.05',133,7),(492,2,133,'Б1.В.06',133,7),(493,2,75,'Б1.В.07',133,7),(494,2,100,'Б1.В.08',133,7),(495,2,143,'Б1.В.09',133,7),(496,2,144,'Б1.В.10',133,7),(497,2,141,'Б1.В.11',138,7),(498,2,23,'Б1.В.12',133,7),(499,2,145,'Б1.В.13',138,7),(500,2,99,'Б1.В.14',133,7),(501,2,96,'Б1.В.15',133,7),(502,2,102,'Б1.В.16',78,7),(503,2,103,'Б1.В.17',39,7),(504,2,131,'Б1.В.18',133,7),(505,2,49,'Б1.В.ДВ.01',0,7),(506,2,51,'Б1.В.ДВ.01.01',14,7),(507,2,146,'Б1.В.ДВ.01.02',14,7),(508,2,52,'Б1.В.ДВ.02',0,7),(509,2,108,'Б1.В.ДВ.02.01',118,7),(510,2,109,'Б1.В.ДВ.02.02',118,7),(511,2,55,'Б1.В.ДВ.03',0,7),(512,2,154,'Б1.В.ДВ.03.01',133,7),(513,2,117,'Б1.В.ДВ.03.02',133,7),(514,2,115,'Б1.В.ДВ.04',0,7),(515,2,147,'Б1.В.ДВ.04.01',133,7),(516,2,148,'Б1.В.ДВ.04.02',133,7),(517,2,118,'Б1.В.ДВ.05',0,7),(518,2,156,'Б1.В.ДВ.05.01',133,7),(519,2,157,'Б1.В.ДВ.05.02',133,7),(520,2,121,'Б1.В.ДВ.06',0,7),(521,2,57,'Б1.В.ДВ.06.01',138,7),(522,2,149,'Б1.В.ДВ.06.02',138,7),(523,2,151,'Б1.В.ДВ.07',0,7),(524,2,66,'Б1.В.ДВ.07.01',133,7),(525,2,150,'Б1.В.ДВ.07.02',133,7),(526,2,70,'Б1.В.ДВ.08',0,7),(527,2,152,'Б1.В.ДВ.08.01',133,7),(528,2,120,'Б1.В.ДВ.08.02',133,7),(529,2,73,'Б1.В.ДВ.09',0,7),(530,2,17,'Б1.В.ДВ.09.01',138,7),(531,2,21,'Б1.В.ДВ.09.02',138,7),(532,3,158,'Б2.О.01(У)',133,7),(533,3,124,'Б2.О.02(У)',133,7),(534,3,78,'Б2.О.03(Пд)',133,7),(535,4,125,'Б2.В.01(П)',133,7),(536,13,79,'Б3.01(Г)',0,7),(537,13,80,'Б3.02(Д)',0,7),(538,11,81,'ФТД.01',42,7),(539,11,82,'ФТД.02',88,7),(540,11,83,'ФТД.03',88,7),(541,11,126,'ФТД.04',112,7),(542,1,1,'Б1.О.01',0,8),(543,1,2,'Б1.О.01.01',36,8),(544,1,3,'Б1.О.01.02',130,8),(545,1,20,'Б1.О.02',118,8),(546,1,16,'Б1.О.03',114,8),(547,1,5,'Б1.О.04',103,8),(548,1,160,'Б1.О.05',39,8),(549,1,161,'Б1.О.06',133,8),(550,1,4,'Б1.О.07',22,8),(551,1,28,'Б1.О.08',132,8),(552,1,27,'Б1.О.09',132,8),(553,1,162,'Б1.О.10',132,8),(554,1,11,'Б1.О.11',65,8),(555,1,163,'Б1.О.12',65,8),(556,1,6,'Б1.О.13',65,8),(557,1,10,'Б1.О.14',65,8),(558,1,7,'Б1.О.15',65,8),(559,1,84,'Б1.О.16',133,8),(560,1,164,'Б1.О.17',133,8),(561,1,12,'Б1.О.18',133,8),(562,1,17,'Б1.О.19',65,8),(563,1,88,'Б1.О.20',65,8),(564,1,99,'Б1.О.21',133,8),(565,1,165,'Б1.О.22',133,8),(566,1,166,'Б1.О.23',65,8),(567,1,167,'Б1.О.24',133,8),(568,1,168,'Б1.О.25',65,8),(569,1,169,'Б1.О.26',133,8),(570,1,87,'Б1.О.27',73,8),(571,1,170,'Б1.О.28',95,8),(572,1,96,'Б1.О.29',133,8),(573,1,171,'Б1.О.30',133,8),(574,1,172,'Б1.О.31',132,8),(575,1,173,'Б1.О.32',132,8),(576,1,141,'Б1.О.33',65,8),(577,1,174,'Б1.О.34',133,8),(578,1,175,'Б1.О.35',65,8),(579,1,176,'Б1.О.36',133,8),(580,2,34,'Б1.В.01',22,8),(581,2,21,'Б1.В.02',65,8),(582,2,177,'Б1.В.03',133,8),(583,2,178,'Б1.В.04',133,8),(584,2,179,'Б1.В.05',133,8),(585,2,180,'Б1.В.06',65,8),(586,2,51,'Б1.В.07',14,8),(587,2,181,'Б1.В.08',65,8),(588,2,36,'Б1.В.09',133,8),(589,2,182,'Б1.В.10',133,8),(590,2,107,'Б1.В.ДВ.01',0,8),(591,2,46,'Б1.В.ДВ.01.01',132,8),(592,2,183,'Б1.В.ДВ.01.02',132,8),(593,2,110,'Б1.В.ДВ.02',0,8),(594,2,108,'Б1.В.ДВ.02.01',118,8),(595,2,184,'Б1.В.ДВ.02.02',118,8),(596,2,112,'Б1.В.ДВ.03',0,8),(597,2,185,'Б1.В.ДВ.03.01',118,8),(598,2,186,'Б1.В.ДВ.03.02',118,8),(599,2,115,'Б1.В.ДВ.04',0,8),(600,2,187,'Б1.В.ДВ.04.01',65,8),(601,2,188,'Б1.В.ДВ.04.02',65,8),(602,2,118,'Б1.В.ДВ.05',0,8),(603,2,189,'Б1.В.ДВ.05.01',133,8),(604,2,190,'Б1.В.ДВ.05.02',65,8),(605,2,121,'Б1.В.ДВ.06',0,8),(606,2,191,'Б1.В.ДВ.06.01',132,8),(607,2,192,'Б1.В.ДВ.06.02',132,8),(608,2,151,'Б1.В.ДВ.07',0,8),(609,2,193,'Б1.В.ДВ.07.01',133,8),(610,2,106,'Б1.В.ДВ.07.02',133,8),(611,2,153,'Б1.В.ДВ.08',0,8),(612,2,194,'Б1.В.ДВ.08.01',133,8),(613,2,152,'Б1.В.ДВ.08.02',133,8),(614,2,155,'Б1.В.ДВ.09',0,8),(615,2,195,'Б1.В.ДВ.09.01',133,8),(616,2,127,'Б1.В.ДВ.09.02',133,8),(617,2,196,'Б1.В.ДВ.10',0,8),(618,2,197,'Б1.В.ДВ.10.01',65,8),(619,2,198,'Б1.В.ДВ.10.02',65,8),(620,2,199,'Б1.В.ДВ.11',0,8),(621,2,200,'Б1.В.ДВ.11.01',132,8),(622,2,201,'Б1.В.ДВ.11.02',65,8),(623,3,158,'Б2.О.01(У)',65,8),(624,3,202,'Б2.О.02(У)',133,8),(625,3,203,'Б2.О.03(Н)',65,8),(626,3,204,'Б2.О.04(У)',133,8),(627,3,205,'Б2.О.05(П)',133,8),(628,3,78,'Б2.О.06(Пд)',65,8),(629,3,206,'Б2.О.07(У)',132,8),(630,3,207,'Б2.О.08(П)',132,8),(631,4,208,'Б2.В.01(П)',65,8),(632,4,209,'Б2.В.02(П)',65,8),(633,4,210,'Б2.В.03(П)',65,8),(634,13,79,'Б3.01(Г)',0,8),(635,13,80,'Б3.02(Д)',0,8),(636,11,81,'ФТД.01',42,8),(637,11,126,'ФТД.02',135,8),(638,1,1,'Б1.О.01',0,9),(639,1,2,'Б1.О.01.01',36,9),(640,1,3,'Б1.О.01.02',130,9),(641,1,20,'Б1.О.02',118,9),(642,1,16,'Б1.О.03',73,9),(643,1,5,'Б1.О.04',103,9),(644,1,160,'Б1.О.05',39,9),(645,1,161,'Б1.О.06',133,9),(646,1,4,'Б1.О.07',22,9),(647,1,28,'Б1.О.08',132,9),(648,1,27,'Б1.О.09',132,9),(649,1,162,'Б1.О.10',132,9),(650,1,11,'Б1.О.11',65,9),(651,1,163,'Б1.О.12',65,9),(652,1,6,'Б1.О.13',65,9),(653,1,10,'Б1.О.14',65,9),(654,1,7,'Б1.О.15',65,9),(655,1,84,'Б1.О.16',133,9),(656,1,164,'Б1.О.17',133,9),(657,1,12,'Б1.О.18',133,9),(658,1,17,'Б1.О.19',65,9),(659,1,88,'Б1.О.20',65,9),(660,1,99,'Б1.О.21',133,9),(661,1,165,'Б1.О.22',133,9),(662,1,166,'Б1.О.23',65,9),(663,1,167,'Б1.О.24',133,9),(664,1,168,'Б1.О.25',65,9),(665,1,169,'Б1.О.26',133,9),(666,1,87,'Б1.О.27',73,9),(667,1,170,'Б1.О.28',95,9),(668,1,96,'Б1.О.29',133,9),(669,1,171,'Б1.О.30',133,9),(670,1,172,'Б1.О.31',132,9),(671,1,173,'Б1.О.32',132,9),(672,1,141,'Б1.О.33',65,9),(673,1,48,'Б1.О.34',132,9),(674,1,174,'Б1.О.35',133,9),(675,1,175,'Б1.О.36',65,9),(676,1,176,'Б1.О.37',133,9),(677,2,34,'Б1.В.01',22,9),(678,2,21,'Б1.В.02',65,9),(679,2,177,'Б1.В.03',133,9),(680,2,178,'Б1.В.04',133,9),(681,2,179,'Б1.В.05',133,9),(682,2,180,'Б1.В.06',65,9),(683,2,51,'Б1.В.07',14,9),(684,2,181,'Б1.В.08',65,9),(685,2,36,'Б1.В.09',133,9),(686,2,182,'Б1.В.10',133,9),(687,2,107,'Б1.В.ДВ.01',0,9),(688,2,46,'Б1.В.ДВ.01.01',132,9),(689,2,183,'Б1.В.ДВ.01.02',132,9),(690,2,110,'Б1.В.ДВ.02',0,9),(691,2,108,'Б1.В.ДВ.02.01',118,9),(692,2,184,'Б1.В.ДВ.02.02',118,9),(693,2,112,'Б1.В.ДВ.03',0,9),(694,2,185,'Б1.В.ДВ.03.01',118,9),(695,2,186,'Б1.В.ДВ.03.02',118,9),(696,2,115,'Б1.В.ДВ.04',0,9),(697,2,187,'Б1.В.ДВ.04.01',65,9),(698,2,188,'Б1.В.ДВ.04.02',65,9),(699,2,118,'Б1.В.ДВ.05',0,9),(700,2,189,'Б1.В.ДВ.05.01',133,9),(701,2,190,'Б1.В.ДВ.05.02',65,9),(702,2,121,'Б1.В.ДВ.06',0,9),(703,2,191,'Б1.В.ДВ.06.01',132,9),(704,2,192,'Б1.В.ДВ.06.02',132,9),(705,2,151,'Б1.В.ДВ.07',0,9),(706,2,193,'Б1.В.ДВ.07.01',133,9),(707,2,106,'Б1.В.ДВ.07.02',133,9),(708,2,153,'Б1.В.ДВ.08',0,9),(709,2,194,'Б1.В.ДВ.08.01',133,9),(710,2,152,'Б1.В.ДВ.08.02',133,9),(711,2,155,'Б1.В.ДВ.09',0,9),(712,2,195,'Б1.В.ДВ.09.01',133,9),(713,2,127,'Б1.В.ДВ.09.02',133,9),(714,2,196,'Б1.В.ДВ.10',0,9),(715,2,197,'Б1.В.ДВ.10.01',65,9),(716,2,198,'Б1.В.ДВ.10.02',65,9),(717,2,199,'Б1.В.ДВ.11',0,9),(718,2,200,'Б1.В.ДВ.11.01',132,9),(719,2,201,'Б1.В.ДВ.11.02',65,9),(720,2,211,'Б1.В.ДВ.12',0,9),(721,2,47,'Б1.В.ДВ.12.01',132,9),(722,2,101,'Б1.В.ДВ.12.02',132,9),(723,3,158,'Б2.О.01(У)',65,9),(724,3,202,'Б2.О.02(У)',133,9),(725,3,203,'Б2.О.03(Н)',65,9),(726,3,204,'Б2.О.04(У)',133,9),(727,3,205,'Б2.О.05(П)',133,9),(728,3,78,'Б2.О.06(Пд)',65,9),(729,3,206,'Б2.О.07(У)',132,9),(730,3,207,'Б2.О.08(П)',132,9),(731,4,208,'Б2.В.01(П)',65,9),(732,4,209,'Б2.В.02(П)',65,9),(733,4,210,'Б2.В.03(П)',65,9),(734,13,79,'Б3.01(Г)',0,9),(735,13,80,'Б3.02(Д)',0,9),(736,11,81,'ФТД.01',42,9),(737,11,82,'ФТД.02',88,9),(738,11,83,'ФТД.03',88,9),(739,11,126,'ФТД.04',135,9),(740,1,1,'Б1.О.01',0,10),(741,1,2,'Б1.О.01.01',36,10),(742,1,3,'Б1.О.01.02',104,10),(743,1,20,'Б1.О.02',118,10),(744,1,16,'Б1.О.03',73,10),(745,1,5,'Б1.О.04',103,10),(746,1,160,'Б1.О.05',39,10),(747,1,161,'Б1.О.06',67,10),(748,1,4,'Б1.О.07',22,10),(749,1,28,'Б1.О.08',50,10),(750,1,27,'Б1.О.09',50,10),(751,1,162,'Б1.О.10',50,10),(752,1,11,'Б1.О.11',67,10),(753,1,212,'Б1.О.12',67,10),(754,1,6,'Б1.О.13',65,10),(755,1,10,'Б1.О.14',65,10),(756,1,7,'Б1.О.15',68,10),(757,1,84,'Б1.О.16',67,10),(758,1,164,'Б1.О.17',67,10),(759,1,12,'Б1.О.18',66,10),(760,1,17,'Б1.О.19',65,10),(761,1,88,'Б1.О.20',67,10),(762,1,213,'Б1.О.21',67,10),(763,1,165,'Б1.О.22',66,10),(764,1,166,'Б1.О.23',68,10),(765,1,167,'Б1.О.24',66,10),(766,1,168,'Б1.О.25',67,10),(767,1,169,'Б1.О.26',66,10),(768,1,87,'Б1.О.27',73,10),(769,1,170,'Б1.О.28',95,10),(770,1,214,'Б1.О.29',67,10),(771,1,171,'Б1.О.30',66,10),(772,1,172,'Б1.О.31',50,10),(773,1,173,'Б1.О.32',50,10),(774,1,189,'Б1.О.33',66,10),(775,1,141,'Б1.О.34',65,10),(776,1,48,'Б1.О.35',50,10),(777,1,174,'Б1.О.36',66,10),(778,1,47,'Б1.О.37',50,10),(779,2,34,'Б1.В.01',22,10),(780,2,187,'Б1.В.02',65,10),(781,2,191,'Б1.В.03',50,10),(782,2,21,'Б1.В.04',67,10),(783,2,177,'Б1.В.05',67,10),(784,2,178,'Б1.В.06',67,10),(785,2,179,'Б1.В.07',67,10),(786,2,215,'Б1.В.08',68,10),(787,2,216,'Б1.В.09',66,10),(788,2,51,'Б1.В.10',14,10),(789,2,107,'Б1.В.ДВ.01',0,10),(790,2,217,'Б1.В.ДВ.01.01',66,10),(791,2,218,'Б1.В.ДВ.01.02',65,10),(792,2,110,'Б1.В.ДВ.02',0,10),(793,2,46,'Б1.В.ДВ.02.01',50,10),(794,2,183,'Б1.В.ДВ.02.02',50,10),(795,2,112,'Б1.В.ДВ.03',0,10),(796,2,108,'Б1.В.ДВ.03.01',118,10),(797,2,184,'Б1.В.ДВ.03.02',118,10),(798,2,115,'Б1.В.ДВ.04',0,10),(799,2,185,'Б1.В.ДВ.04.01',118,10),(800,2,186,'Б1.В.ДВ.04.02',118,10),(801,2,118,'Б1.В.ДВ.05',0,10),(802,2,181,'Б1.В.ДВ.05.01',65,10),(803,2,188,'Б1.В.ДВ.05.02',68,10),(804,2,121,'Б1.В.ДВ.06',0,10),(805,2,36,'Б1.В.ДВ.06.01',68,10),(806,2,190,'Б1.В.ДВ.06.02',68,10),(807,2,151,'Б1.В.ДВ.07',0,10),(808,2,175,'Б1.В.ДВ.07.01',65,10),(809,2,219,'Б1.В.ДВ.07.02',65,10),(810,2,153,'Б1.В.ДВ.08',0,10),(811,2,176,'Б1.В.ДВ.08.01',66,10),(812,2,220,'Б1.В.ДВ.08.02',66,10),(813,2,155,'Б1.В.ДВ.09',0,10),(814,2,182,'Б1.В.ДВ.09.01',66,10),(815,2,192,'Б1.В.ДВ.09.02',50,10),(816,2,196,'Б1.В.ДВ.10',0,10),(817,2,152,'Б1.В.ДВ.10.01',66,10),(818,2,106,'Б1.В.ДВ.10.02',66,10),(819,2,199,'Б1.В.ДВ.11',0,10),(820,2,194,'Б1.В.ДВ.11.01',66,10),(821,2,193,'Б1.В.ДВ.11.02',66,10),(822,2,211,'Б1.В.ДВ.12',0,10),(823,2,127,'Б1.В.ДВ.12.01',66,10),(824,2,195,'Б1.В.ДВ.12.02',66,10),(825,2,221,'Б1.В.ДВ.13',0,10),(826,2,197,'Б1.В.ДВ.13.01',67,10),(827,2,198,'Б1.В.ДВ.13.02',67,10),(828,2,222,'Б1.В.ДВ.14',0,10),(829,2,200,'Б1.В.ДВ.14.01',50,10),(830,2,201,'Б1.В.ДВ.14.02',68,10),(831,3,158,'Б2.О.01(У)',67,10),(832,3,202,'Б2.О.02(У)',66,10),(833,3,203,'Б2.О.03(Н)',68,10),(834,3,204,'Б2.О.04(У)',66,10),(835,3,205,'Б2.О.05(П)',68,10),(836,3,207,'Б2.О.06(П)',50,10),(837,3,78,'Б2.О.07(Пд)',67,10),(838,4,208,'Б2.В.01(П)',67,10),(839,4,209,'Б2.В.02(П)',66,10),(840,4,210,'Б2.В.03(П)',67,10),(841,13,79,'Б3.01(Г)',0,10),(842,13,80,'Б3.02(Д)',0,10),(843,11,81,'ФТД.01',42,10),(844,11,82,'ФТД.02',88,10),(845,11,83,'ФТД.03',88,10),(846,11,126,'ФТД.04',112,10),(847,1,223,'Б1.О.01',65,11),(848,1,224,'Б1.О.02',65,11),(849,1,225,'Б1.О.03',65,11),(850,1,226,'Б1.О.04',103,11),(851,1,227,'Б1.О.05',65,11),(852,1,228,'Б1.О.06',65,11),(853,1,229,'Б1.О.07',65,11),(854,1,230,'Б1.О.08',65,11),(855,1,231,'Б1.О.09',145,11),(856,2,232,'Б1.В.01',65,11),(857,2,233,'Б1.В.02',65,11),(858,2,234,'Б1.В.03',143,11),(859,2,49,'Б1.В.ДВ.01',0,11),(860,2,235,'Б1.В.ДВ.01.01',65,11),(861,2,236,'Б1.В.ДВ.01.02',0,11),(862,2,52,'Б1.В.ДВ.02',0,11),(863,2,237,'Б1.В.ДВ.02.01',65,11),(864,2,238,'Б1.В.ДВ.02.02',0,11),(865,2,55,'Б1.В.ДВ.03',0,11),(866,2,239,'Б1.В.ДВ.03.01',65,11),(867,2,240,'Б1.В.ДВ.03.02',0,11),(868,2,58,'Б1.В.ДВ.04',0,11),(869,2,241,'Б1.В.ДВ.04.01',65,11),(870,2,242,'Б1.В.ДВ.04.02',0,11),(871,3,76,'Б2.О.01(У)',65,11),(872,3,243,'Б2.О.02(У)',65,11),(873,4,244,'Б2.В.01(П)',65,11),(874,4,78,'Б2.В.02(Пд)',65,11),(875,13,79,'Б3.01(Г)',0,11),(876,13,80,'Б3.02(Д)',0,11),(877,11,245,'ФТД.01',66,11),(878,11,246,'ФТД.02',66,11),(879,1,247,'Б1.О.01',133,12),(880,1,248,'Б1.О.02',133,12),(881,1,249,'Б1.О.03',133,12),(882,1,250,'Б1.О.04',103,12),(883,1,251,'Б1.О.05',133,12),(884,1,252,'Б1.О.06',143,12),(885,1,253,'Б1.О.07',14,12),(886,1,231,'Б1.О.08',145,12),(887,1,254,'Б1.О.09',133,12),(888,2,255,'Б1.В.01',133,12),(889,2,256,'Б1.В.02',133,12),(890,2,49,'Б1.В.ДВ.01',0,12),(891,2,257,'Б1.В.ДВ.01.01',133,12),(892,2,258,'Б1.В.ДВ.01.02',0,12),(893,2,52,'Б1.В.ДВ.02',0,12),(894,2,259,'Б1.В.ДВ.02.01',133,12),(895,2,260,'Б1.В.ДВ.02.02',0,12),(896,2,55,'Б1.В.ДВ.03',0,12),(897,2,261,'Б1.В.ДВ.03.01',133,12),(898,2,262,'Б1.В.ДВ.03.02',0,12),(899,2,58,'Б1.В.ДВ.04',0,12),(900,2,263,'Б1.В.ДВ.04.01',133,12),(901,2,264,'Б1.В.ДВ.04.02',0,12),(902,3,0,'Б2.О.01(Н)',133,12),(903,3,265,'Б2.О.02(Пд)',133,12),(904,4,124,'Б2.В.01(У)',133,12),(905,4,125,'Б2.В.02(П)',133,12),(906,13,79,'Б3.01(Г)',0,12),(907,13,80,'Б3.02(Д)',0,12),(908,11,245,'ФТД.01',133,12),(909,11,246,'ФТД.02',133,12),(910,1,2,'Б1.О.01',36,13),(911,1,266,'Б1.О.02',118,13),(912,1,267,'Б1.О.03',130,13),(913,1,5,'Б1.О.04',103,13),(914,1,16,'Б1.О.05',114,13),(915,1,4,'Б1.О.06',22,13),(916,1,10,'Б1.О.07',65,13),(917,1,268,'Б1.О.08',65,13),(918,1,7,'Б1.О.09',65,13),(919,1,84,'Б1.О.10',133,13),(920,1,85,'Б1.О.11',133,13),(921,1,12,'Б1.О.12',133,13),(922,1,269,'Б1.О.13',65,13),(923,1,86,'Б1.О.14',133,13),(924,1,87,'Б1.О.15',73,13),(925,1,270,'Б1.О.16',0,13),(926,1,17,'Б1.О.17',65,13),(927,1,88,'Б1.О.18',65,13),(928,1,89,'Б1.О.19',133,13),(929,1,20,'Б1.О.20',118,13),(930,1,21,'Б1.О.21',65,13),(931,1,31,'Б1.О.22',133,13),(932,1,44,'Б1.О.23',133,13),(933,1,75,'Б1.О.24',133,13),(934,1,90,'Б1.О.25',133,13),(935,1,91,'Б1.О.26',133,13),(936,1,92,'Б1.О.27',65,13),(937,1,26,'Б1.О.28',133,13),(938,1,93,'Б1.О.29',132,13),(939,2,34,'Б1.В.01',22,13),(940,2,95,'Б1.В.02',14,13),(941,2,161,'Б1.В.03',133,13),(942,2,96,'Б1.В.04',133,13),(943,2,97,'Б1.В.05',133,13),(944,2,271,'Б1.В.06',132,13),(945,2,98,'Б1.В.07',133,13),(946,2,120,'Б1.В.08',133,13),(947,2,101,'Б1.В.09',118,13),(948,2,99,'Б1.В.10',133,13),(949,2,66,'Б1.В.11',133,13),(950,2,100,'Б1.В.12',133,13),(951,2,272,'Б1.В.13',114,13),(952,2,273,'Б1.В.14',134,13),(953,2,274,'Б1.В.15',39,13),(954,2,106,'Б1.В.16',133,13),(955,2,107,'Б1.В.ДВ.01',0,13),(956,2,108,'Б1.В.ДВ.01.01',118,13),(957,2,109,'Б1.В.ДВ.01.02',118,13),(958,2,110,'Б1.В.ДВ.02',0,13),(959,2,36,'Б1.В.ДВ.02.01',65,13),(960,2,111,'Б1.В.ДВ.02.02',65,13),(961,2,112,'Б1.В.ДВ.03',0,13),(962,2,275,'Б1.В.ДВ.03.01',133,13),(963,2,114,'Б1.В.ДВ.03.02',133,13),(964,2,115,'Б1.В.ДВ.04',0,13),(965,2,116,'Б1.В.ДВ.04.01',133,13),(966,2,117,'Б1.В.ДВ.04.02',133,13),(967,2,118,'Б1.В.ДВ.05',0,13),(968,2,276,'Б1.В.ДВ.05.01',65,13),(969,2,123,'Б1.В.ДВ.05.02',133,13),(970,3,124,'Б2.О.01(У)',133,13),(971,3,125,'Б2.О.02(П)',133,13),(972,4,0,'Б2.В.01(Н)',133,13),(973,4,78,'Б2.В.02(Пд)',133,13),(974,13,79,'Б3.01(Г)',0,13),(975,13,80,'Б3.02(Д)',0,13),(976,0,126,'ФТД.01',135,13),(977,0,127,'ФТД.02',133,13),(978,0,277,'ФТД.03',36,13),(979,1,2,'Б1.О.01',36,14),(980,1,266,'Б1.О.02',118,14),(981,1,267,'Б1.О.03',130,14),(982,1,5,'Б1.О.04',103,14),(983,1,4,'Б1.О.05',22,14),(984,1,16,'Б1.О.06',114,14),(985,1,10,'Б1.О.07',65,14),(986,1,268,'Б1.О.08',65,14),(987,1,7,'Б1.О.09',65,14),(988,1,84,'Б1.О.10',133,14),(989,1,85,'Б1.О.11',133,14),(990,1,12,'Б1.О.12',133,14),(991,1,17,'Б1.О.13',65,14),(992,1,135,'Б1.О.14',73,14),(993,1,270,'Б1.О.15',0,14),(994,1,87,'Б1.О.16',73,14),(995,1,136,'Б1.О.17',73,14),(996,1,137,'Б1.О.18',133,14),(997,1,20,'Б1.О.19',118,14),(998,1,138,'Б1.О.20',133,14),(999,1,91,'Б1.О.21',133,14),(1000,1,278,'Б1.О.22',133,14),(1001,1,139,'Б1.О.23',64,14),(1002,1,140,'Б1.О.24',132,14),(1003,2,34,'Б1.В.01',22,14),(1004,2,95,'Б1.В.02',14,14),(1005,2,161,'Б1.В.03',133,14),(1006,2,96,'Б1.В.04',133,14),(1007,2,88,'Б1.В.05',65,14),(1008,2,97,'Б1.В.06',65,14),(1009,2,271,'Б1.В.07',132,14),(1010,2,44,'Б1.В.08',133,14),(1011,2,98,'Б1.В.09',133,14),(1012,2,101,'Б1.В.10',118,14),(1013,2,142,'Б1.В.11',133,14),(1014,2,75,'Б1.В.12',133,14),(1015,2,99,'Б1.В.13',133,14),(1016,2,143,'Б1.В.14',133,14),(1017,2,100,'Б1.В.15',133,14),(1018,2,144,'Б1.В.16',133,14),(1019,2,272,'Б1.В.17',114,14),(1020,2,273,'Б1.В.18',134,14),(1021,2,274,'Б1.В.19',39,14),(1022,2,131,'Б1.В.20',65,14),(1023,2,107,'Б1.В.ДВ.01',0,14),(1024,2,108,'Б1.В.ДВ.01.01',118,14),(1025,2,109,'Б1.В.ДВ.01.02',118,14),(1026,2,110,'Б1.В.ДВ.02',0,14),(1027,2,141,'Б1.В.ДВ.02.01',65,14),(1028,2,150,'Б1.В.ДВ.02.02',65,14),(1029,2,112,'Б1.В.ДВ.03',0,14),(1030,2,147,'Б1.В.ДВ.03.01',133,14),(1031,2,120,'Б1.В.ДВ.03.02',133,14),(1032,2,115,'Б1.В.ДВ.04',0,14),(1033,2,57,'Б1.В.ДВ.04.01',65,14),(1034,2,149,'Б1.В.ДВ.04.02',67,14),(1035,2,118,'Б1.В.ДВ.05',0,14),(1036,2,66,'Б1.В.ДВ.05.01',65,14),(1037,2,148,'Б1.В.ДВ.05.02',65,14),(1038,2,121,'Б1.В.ДВ.06',0,14),(1039,2,152,'Б1.В.ДВ.06.01',65,14),(1040,2,90,'Б1.В.ДВ.06.02',133,14),(1041,2,151,'Б1.В.ДВ.07',0,14),(1042,2,154,'Б1.В.ДВ.07.01',133,14),(1043,2,117,'Б1.В.ДВ.07.02',133,14),(1044,2,153,'Б1.В.ДВ.08',0,14),(1045,2,156,'Б1.В.ДВ.08.01',133,14),(1046,2,157,'Б1.В.ДВ.08.02',133,14),(1047,3,158,'Б2.О.01(У)',133,14),(1048,3,78,'Б2.О.02(Пд)',133,14),(1049,4,124,'Б2.В.01(У)',133,14),(1050,4,125,'Б2.В.02(П)',133,14),(1051,13,79,'Б3.01(Г)',0,14),(1052,13,80,'Б3.02(Д)',0,14),(1053,11,126,'ФТД.01',135,14),(1054,11,23,'ФТД.02',133,14),(1055,11,277,'ФТД.03',0,14),(1056,1,279,'Б1.О.01',0,15),(1057,1,2,'Б1.О.01.01',36,15),(1058,1,20,'Б1.О.01.02',118,15),(1059,1,280,'Б1.О.01.03',124,15),(1060,1,281,'Б1.О.01.04',39,15),(1061,1,266,'Б1.О.01.05',118,15),(1062,1,267,'Б1.О.01.06',104,15),(1063,1,282,'Б1.О.02',0,15),(1064,1,5,'Б1.О.02.01',103,15),(1065,1,283,'Б1.О.02.02',14,15),(1066,1,284,'Б1.О.02.03',66,15),(1067,1,285,'Б1.О.03',0,15),(1068,1,286,'Б1.О.03.01',95,15),(1069,1,287,'Б1.О.03.02',95,15),(1070,1,16,'Б1.О.03.03',0,15),(1071,1,4,'Б1.О.03.04',22,15),(1072,1,34,'Б1.О.03.05',22,15),(1073,1,270,'Б1.О.03.06',0,15),(1074,1,271,'Б1.О.03.07',50,15),(1075,1,288,'Б1.О.04',0,15),(1076,1,27,'Б1.О.04.01',17,15),(1077,1,28,'Б1.О.04.02',50,15),(1078,1,289,'Б1.О.04.03',50,15),(1079,1,290,'Б1.О.05',0,15),(1080,1,291,'Б1.О.05.01',118,15),(1081,1,292,'Б1.О.05.02',50,15),(1082,1,293,'Б1.О.05.03',50,15),(1083,1,172,'Б1.О.05.04',50,15),(1084,1,294,'Б1.О.06',0,15),(1085,1,295,'Б1.О.06.01',138,15),(1086,1,296,'Б1.О.06.02',66,15),(1087,1,297,'Б1.О.06.03',138,15),(1088,1,298,'Б1.О.07',0,15),(1089,1,11,'Б1.О.07.01',138,15),(1090,1,269,'Б1.О.07.02',138,15),(1091,1,10,'Б1.О.07.04',138,15),(1092,1,7,'Б1.О.07.03',138,15),(1093,1,17,'Б1.О.07.06',138,15),(1094,1,88,'Б1.О.07.08',138,15),(1095,1,168,'Б1.О.07.09',138,15),(1096,1,299,'Б1.О.07.10',138,15),(1097,1,175,'Б1.О.07.11',138,15),(1098,1,300,'Б1.О.08',0,15),(1099,1,84,'Б1.О.08.01',66,15),(1100,1,12,'Б1.О.08.02',66,15),(1101,1,85,'Б1.О.08.03',66,15),(1102,1,96,'Б1.О.08.04',66,15),(1103,1,99,'Б1.О.08.05',66,15),(1104,1,169,'Б1.О.08.06',66,15),(1105,1,301,'Б1.О.08.07',66,15),(1106,1,174,'Б1.О.08.08',66,15),(1107,1,176,'Б1.О.08.09',66,15),(1108,1,87,'Б1.О.09',73,15),(1109,2,298,'Б1.В.01',0,15),(1110,2,21,'Б1.В.01.02',138,15),(1111,2,197,'Б1.В.01.02',138,15),(1112,2,181,'Б1.В.01.03',138,15),(1113,2,36,'Б1.В.01.04',138,15),(1114,2,300,'Б1.В.02',0,15),(1115,2,135,'Б1.В.01.01',66,15),(1116,2,152,'Б1.В.02.02',66,15),(1117,2,179,'Б1.В.02.04',66,15),(1118,2,107,'Б1.В.ДВ.01',0,15),(1119,2,194,'Б1.В.ДВ.01.01',66,15),(1120,2,193,'Б1.В.ДВ.01.02',0,15),(1121,2,110,'Б1.В.ДВ.02',0,15),(1122,2,195,'Б1.В.ДВ.02.01',66,15),(1123,2,127,'Б1.В.ДВ.02.02',0,15),(1124,2,112,'Б1.В.ДВ.03',0,15),(1125,2,108,'Б1.В.ДВ.03.01',118,15),(1126,2,184,'Б1.В.ДВ.03.02',0,15),(1127,2,115,'Б1.В.ДВ.04',0,15),(1128,2,272,'Б1.В.ДВ.04.01',114,15),(1129,2,304,'Б1.В.ДВ.04.02',0,15),(1130,3,204,'Б2.О.01(У)',138,15),(1131,3,203,'Б2.О.02(П)',138,15),(1132,3,305,'Б2.О.03(П)',138,15),(1133,3,206,'Б2.О.04(У)',138,15),(1134,4,203,'Б2.В.01(У)',138,15),(1135,4,306,'Б2.В.02(У)',138,15),(1136,4,78,'Б2.В.03(Пд)',138,15),(1137,4,205,'Б2.В.04(П)',138,15),(1138,4,207,'Б2.В.05(П)',138,15),(1139,13,307,'Б3.01(Д)',138,15),(1140,11,81,'ФТД.01',42,15),(1141,11,145,'ФТД.02',88,15),(1142,11,126,'ФТД.03',112,15),(1143,0,308,'К.М.01',0,15),(1144,1,250,'Б1.О.01',103,16),(1145,1,253,'Б1.О.02',14,16),(1146,1,223,'Б1.О.03',65,16),(1147,1,163,'Б1.О.04',65,16),(1148,1,248,'Б1.О.05',133,16),(1149,1,224,'Б1.О.06',65,16),(1150,1,249,'Б1.О.07',133,16),(1151,1,309,'Б1.О.08',65,16),(1152,1,252,'Б1.О.09',143,16),(1153,1,310,'Б1.О.10',133,16),(1154,2,311,'Б1.В.01',133,16),(1155,2,231,'Б1.В.02',145,16),(1156,2,312,'Б1.В.03',65,16),(1157,2,49,'Б1.В.ДВ.01',0,16),(1158,2,260,'Б1.В.ДВ.01.01',133,16),(1159,2,259,'Б1.В.ДВ.01.02',0,16),(1160,2,52,'Б1.В.ДВ.02',0,16),(1161,2,313,'Б1.В.ДВ.02.01',133,16),(1162,2,247,'Б1.В.ДВ.02.02',0,16),(1163,2,55,'Б1.В.ДВ.03',0,16),(1164,2,227,'Б1.В.ДВ.03.01',65,16),(1165,2,314,'Б1.В.ДВ.03.02',0,16),(1166,2,58,'Б1.В.ДВ.04',0,16),(1167,2,315,'Б1.В.ДВ.04.01',133,16),(1168,2,264,'Б1.В.ДВ.04.02',0,16),(1169,3,0,'Б2.О.01(Н)',133,16),(1170,3,265,'Б2.О.02(Пд)',133,16),(1171,4,124,'Б2.В.01(У)',133,16),(1172,4,125,'Б2.В.02(П)',133,16),(1173,13,79,'Б3.01(Г)',0,16),(1174,13,80,'Б3.02(Д)',0,16),(1175,11,245,'ФТД.01',65,16),(1176,11,246,'ФТД.02',65,16);
/*!40000 ALTER TABLE `edu_plan` ENABLE KEYS */;
UNLOCK TABLES;

--
-- Table structure for table `edu_plan_competencies`
--

DROP TABLE IF EXISTS `edu_plan_competencies`;
/*!40101 SET @saved_cs_client     = @@character_set_client */;
/*!50503 SET character_set_client = utf8mb4 */;
CREATE TABLE `edu_plan_competencies` (
  `id` int NOT NULL AUTO_INCREMENT,
  `edu_plan_id` int NOT NULL,
  `competency_id` int NOT NULL,
  PRIMARY KEY (`id`)
) ENGINE=InnoDB AUTO_INCREMENT=3724 DEFAULT CHARSET=cp1251;
/*!40101 SET character_set_client = @saved_cs_client */;

--
-- Dumping data for table `edu_plan_competencies`
--

LOCK TABLES `edu_plan_competencies` WRITE;
/*!40000 ALTER TABLE `edu_plan_competencies` DISABLE KEYS */;
INSERT INTO `edu_plan_competencies` VALUES (1,1,5),(2,2,5),(3,3,5),(4,4,7),(5,5,4),(6,6,9),(7,6,11),(8,7,9),(9,7,11),(10,8,1),(11,8,12),(12,9,1),(13,9,11),(14,9,12),(15,10,9),(16,10,11),(17,11,9),(18,11,10),(19,11,11),(20,12,9),(21,12,10),(22,12,11),(23,13,12),(24,14,12),(25,15,9),(26,15,11),(27,16,8),(28,17,1),(29,17,10),(30,18,1),(31,18,12),(32,19,1),(33,19,11),(34,20,5),(35,21,1),(36,21,9),(37,21,11),(38,22,2),(39,23,2),(40,23,12),(41,24,2),(42,24,9),(43,25,2),(44,25,12),(45,26,2),(46,26,10),(47,26,12),(48,27,3),(49,28,6),(50,29,1),(51,29,11),(52,30,1),(53,30,11),(54,31,1),(55,31,9),(56,32,12),(57,33,1),(58,33,12),(59,34,7),(60,35,6),(61,35,15),(62,36,2),(63,36,15),(64,37,6),(65,37,13),(66,38,1),(67,38,13),(68,39,4),(69,39,16),(70,40,1),(71,40,13),(72,41,1),(73,41,14),(74,41,15),(75,42,2),(76,42,13),(77,43,2),(78,43,13),(79,44,1),(80,44,14),(81,44,15),(82,45,1),(83,45,14),(84,46,2),(85,46,3),(86,46,16),(87,47,2),(88,47,3),(89,47,16),(90,48,2),(91,48,3),(92,48,16),(93,49,4),(94,49,16),(95,50,4),(96,50,16),(97,51,4),(98,51,16),(99,52,1),(100,52,15),(101,53,1),(102,53,15),(103,54,1),(104,54,15),(105,55,1),(106,55,15),(107,56,1),(108,56,15),(109,57,1),(110,57,15),(111,58,15),(112,59,15),(113,60,15),(114,61,8),(115,61,15),(116,62,8),(117,62,15),(118,63,8),(119,63,15),(120,64,1),(121,64,14),(122,65,1),(123,65,14),(124,66,1),(125,66,14),(126,67,1),(127,67,15),(128,68,1),(129,68,15),(130,69,1),(131,69,15),(132,70,1),(133,70,15),(134,71,1),(135,71,15),(136,72,1),(137,72,15),(138,73,1),(139,73,14),(140,74,1),(141,74,14),(142,75,1),(143,75,14),(144,76,1),(145,76,9),(146,76,10),(147,76,11),(148,76,12),(149,77,1),(150,77,9),(151,77,10),(152,77,11),(153,77,12),(154,78,1),(155,78,13),(156,78,14),(157,78,15),(158,78,16),(159,79,1),(160,79,2),(161,79,3),(162,79,4),(163,79,5),(164,79,6),(165,79,7),(166,79,8),(167,79,9),(168,79,10),(169,79,11),(170,79,12),(171,79,13),(172,79,14),(173,79,15),(174,79,16),(175,80,1),(176,80,2),(177,80,3),(178,80,4),(179,80,5),(180,80,6),(181,80,7),(182,80,8),(183,80,9),(184,80,10),(185,80,11),(186,80,12),(187,80,13),(188,80,14),(189,80,15),(190,80,16),(191,81,2),(192,82,4),(193,83,4),(194,84,5),(195,85,5),(196,86,5),(197,87,4),(198,88,7),(199,89,8),(200,90,1),(201,90,9),(202,91,1),(203,91,9),(204,92,1),(205,92,9),(206,93,1),(207,93,2),(208,93,10),(209,93,19),(210,94,1),(211,94,2),(212,94,3),(213,94,10),(214,94,19),(215,95,2),(216,95,9),(217,95,10),(218,96,2),(219,96,12),(220,97,2),(221,97,9),(222,98,1),(223,98,9),(224,98,10),(225,99,1),(226,99,9),(227,99,10),(228,100,2),(229,100,8),(230,100,12),(231,101,5),(232,102,1),(233,102,9),(234,103,1),(235,103,9),(236,104,1),(237,104,10),(238,104,11),(239,105,1),(240,105,11),(241,106,1),(242,106,3),(243,106,10),(244,107,2),(245,107,3),(246,107,10),(247,107,12),(248,107,19),(249,108,1),(250,108,9),(251,109,2),(252,109,10),(253,109,11),(254,110,3),(255,110,6),(256,111,7),(257,112,1),(258,112,2),(259,112,6),(260,113,4),(261,114,2),(262,114,15),(263,114,16),(264,115,2),(265,115,14),(266,116,2),(267,116,15),(268,116,16),(269,117,2),(270,117,15),(271,117,16),(272,118,1),(273,118,2),(274,118,15),(275,119,3),(276,119,5),(277,120,1),(278,120,2),(279,120,17),(280,120,18),(281,121,1),(282,121,2),(283,121,18),(284,122,2),(285,122,15),(286,123,2),(287,123,13),(288,123,14),(289,124,1),(290,124,13),(291,125,1),(292,125,13),(293,125,14),(294,126,1),(295,126,13),(296,127,3),(297,127,6),(298,127,17),(299,127,15),(300,128,5),(301,129,5),(302,130,5),(303,131,1),(304,131,13),(305,131,14),(306,132,1),(307,132,13),(308,132,14),(309,133,1),(310,133,13),(311,133,14),(312,134,1),(313,134,3),(314,134,13),(315,134,14),(316,135,1),(317,135,3),(318,135,13),(319,135,14),(320,136,1),(321,136,3),(322,136,13),(323,136,14),(324,137,2),(325,137,3),(326,137,16),(327,138,2),(328,138,3),(329,138,16),(330,139,2),(331,139,3),(332,139,16),(333,140,1),(334,140,2),(335,140,14),(336,141,1),(337,141,2),(338,141,14),(339,142,1),(340,142,2),(341,142,14),(342,143,1),(343,143,13),(344,143,14),(345,144,1),(346,144,13),(347,144,14),(348,145,1),(349,145,13),(350,145,14),(351,146,2),(352,146,3),(353,146,9),(354,146,10),(355,146,11),(356,146,12),(357,147,3),(358,147,4),(359,147,7),(360,147,9),(361,147,10),(362,147,11),(363,147,12),(364,147,19),(365,148,1),(366,148,2),(367,148,13),(368,148,14),(369,149,1),(370,149,2),(371,149,6),(372,149,7),(373,149,13),(374,149,14),(375,149,15),(376,149,16),(377,150,1),(378,150,2),(379,150,3),(380,150,4),(381,150,5),(382,150,6),(383,150,7),(384,150,8),(385,150,17),(386,150,18),(387,150,9),(388,150,10),(389,150,11),(390,150,12),(391,150,19),(392,150,13),(393,150,14),(394,150,15),(395,150,16),(396,151,1),(397,151,2),(398,151,3),(399,151,4),(400,151,5),(401,151,6),(402,151,7),(403,151,8),(404,151,17),(405,151,18),(406,151,9),(407,151,10),(408,151,11),(409,151,12),(410,151,19),(411,151,13),(412,151,14),(413,151,15),(414,151,16),(415,152,1),(416,152,2),(417,152,3),(418,153,1),(419,153,2),(420,154,5),(421,155,5),(422,156,5),(423,157,4),(424,158,7),(425,159,8),(426,160,1),(427,160,9),(428,161,1),(429,161,9),(430,162,1),(431,162,9),(432,163,1),(433,163,2),(434,163,10),(435,163,19),(436,164,1),(437,164,2),(438,164,3),(439,164,10),(440,164,19),(441,165,2),(442,165,9),(443,165,10),(444,166,2),(445,166,12),(446,167,2),(447,167,9),(448,168,1),(449,168,9),(450,168,10),(451,169,1),(452,169,9),(453,169,10),(454,170,2),(455,170,8),(456,170,12),(457,171,5),(458,172,1),(459,172,9),(460,173,1),(461,173,9),(462,174,1),(463,174,10),(464,174,11),(465,175,1),(466,175,11),(467,176,1),(468,176,3),(469,176,10),(470,177,2),(471,177,3),(472,177,10),(473,177,12),(474,177,19),(475,178,1),(476,178,9),(477,178,10),(478,179,2),(479,179,10),(480,179,11),(481,180,3),(482,180,6),(483,181,7),(484,182,1),(485,182,2),(486,182,6),(487,183,4),(488,184,2),(489,184,15),(490,184,16),(491,185,2),(492,185,14),(493,186,2),(494,186,15),(495,186,16),(496,187,2),(497,187,15),(498,187,16),(499,188,1),(500,188,2),(501,188,15),(502,189,3),(503,189,5),(504,190,1),(505,190,2),(506,190,17),(507,190,18),(508,191,1),(509,191,2),(510,191,18),(511,192,2),(512,192,15),(513,193,2),(514,193,13),(515,193,14),(516,194,1),(517,194,13),(518,195,1),(519,195,13),(520,195,14),(521,196,1),(522,196,13),(523,197,3),(524,197,6),(525,197,17),(526,197,15),(527,198,5),(528,199,5),(529,200,5),(530,201,1),(531,201,13),(532,201,14),(533,202,2),(534,202,13),(535,202,14),(536,203,1),(537,203,13),(538,203,14),(539,204,1),(540,204,3),(541,204,13),(542,204,14),(543,205,1),(544,205,3),(545,205,13),(546,205,14),(547,206,1),(548,206,3),(549,206,13),(550,206,14),(551,207,2),(552,207,3),(553,207,16),(554,208,2),(555,208,3),(556,208,16),(557,209,2),(558,209,3),(559,209,16),(560,210,1),(561,210,2),(562,210,14),(563,211,1),(564,211,2),(565,211,14),(566,212,1),(567,212,2),(568,212,14),(569,213,1),(570,213,13),(571,213,14),(572,214,1),(573,214,13),(574,214,14),(575,215,1),(576,215,13),(577,215,14),(578,216,2),(579,216,3),(580,216,9),(581,216,10),(582,216,11),(583,216,12),(584,217,3),(585,217,4),(586,217,7),(587,217,9),(588,217,10),(589,217,11),(590,217,12),(591,217,19),(592,218,1),(593,218,2),(594,218,13),(595,218,14),(596,219,1),(597,219,2),(598,219,6),(599,219,7),(600,219,13),(601,219,14),(602,219,15),(603,219,16),(604,220,1),(605,220,2),(606,220,3),(607,220,4),(608,220,5),(609,220,6),(610,220,7),(611,220,8),(612,220,17),(613,220,18),(614,220,9),(615,220,10),(616,220,11),(617,220,12),(618,220,19),(619,220,13),(620,220,14),(621,220,15),(622,220,16),(623,221,1),(624,221,2),(625,221,3),(626,221,4),(627,221,5),(628,221,6),(629,221,7),(630,221,8),(631,221,17),(632,221,18),(633,221,9),(634,221,10),(635,221,11),(636,221,12),(637,221,19),(638,221,13),(639,221,14),(640,221,15),(641,221,16),(642,222,2),(643,223,4),(644,224,4),(645,225,1),(646,225,2),(647,225,3),(648,226,1),(649,226,2),(650,227,5),(651,228,5),(652,229,5),(653,230,4),(654,231,7),(655,232,8),(656,233,2),(657,233,6),(658,233,9),(659,234,1),(660,234,9),(661,235,1),(662,235,9),(663,236,1),(664,236,9),(665,237,1),(666,237,2),(667,237,10),(668,238,1),(669,238,2),(670,238,3),(671,238,10),(672,239,3),(673,239,5),(674,240,2),(675,240,9),(676,240,10),(677,241,1),(678,241,9),(679,242,1),(680,242,9),(681,242,10),(682,243,2),(683,243,12),(684,244,1),(685,244,9),(686,244,10),(687,245,2),(688,245,10),(689,245,11),(690,246,2),(691,246,8),(692,246,12),(693,247,1),(694,247,11),(695,248,2),(696,248,3),(697,248,10),(698,248,12),(699,248,19),(700,249,1),(701,249,3),(702,249,10),(703,250,5),(704,251,1),(705,251,10),(706,251,11),(707,252,1),(708,252,9),(709,252,10),(710,253,2),(711,253,10),(712,253,11),(713,254,2),(714,254,9),(715,255,3),(716,255,6),(717,256,1),(718,256,9),(719,257,1),(720,257,9),(721,258,4),(722,259,1),(723,259,9),(724,260,1),(725,260,9),(726,261,7),(727,262,1),(728,262,2),(729,262,15),(730,263,1),(731,263,2),(732,263,17),(733,263,18),(734,264,1),(735,264,2),(736,264,18),(737,265,2),(738,265,3),(739,265,6),(740,266,1),(741,266,13),(742,267,2),(743,267,15),(744,267,16),(745,268,1),(746,268,13),(747,268,14),(748,269,2),(749,269,13),(750,269,14),(751,270,1),(752,270,2),(753,271,2),(754,271,3),(755,271,16),(756,272,2),(757,272,15),(758,272,16),(759,273,2),(760,273,15),(761,273,16),(762,274,3),(763,274,6),(764,274,17),(765,274,16),(766,275,5),(767,276,5),(768,277,5),(769,278,1),(770,278,13),(771,278,14),(772,279,2),(773,279,13),(774,279,14),(775,280,1),(776,280,13),(777,280,14),(778,281,1),(779,281,3),(780,281,14),(781,282,1),(782,282,3),(783,282,14),(784,283,1),(785,283,3),(786,283,14),(787,284,2),(788,284,3),(789,284,16),(790,285,2),(791,285,3),(792,285,16),(793,286,2),(794,286,3),(795,286,16),(796,287,1),(797,287,2),(798,287,14),(799,288,1),(800,288,2),(801,288,14),(802,289,1),(803,289,2),(804,289,14),(805,290,1),(806,290,13),(807,290,14),(808,291,1),(809,291,13),(810,291,14),(811,292,1),(812,292,13),(813,292,14),(814,293,2),(815,293,3),(816,293,9),(817,293,10),(818,293,11),(819,293,12),(820,294,3),(821,294,4),(822,294,7),(823,294,9),(824,294,10),(825,294,11),(826,294,12),(827,294,19),(828,295,1),(829,295,2),(830,295,13),(831,295,14),(832,296,1),(833,296,2),(834,296,6),(835,296,7),(836,296,13),(837,296,14),(838,296,15),(839,296,16),(840,297,1),(841,297,2),(842,297,3),(843,297,4),(844,297,5),(845,297,6),(846,297,7),(847,297,8),(848,297,17),(849,297,18),(850,297,9),(851,297,10),(852,297,11),(853,297,12),(854,297,19),(855,297,13),(856,297,14),(857,297,15),(858,297,16),(859,298,1),(860,298,2),(861,298,3),(862,298,4),(863,298,5),(864,298,6),(865,298,7),(866,298,8),(867,298,17),(868,298,18),(869,298,9),(870,298,10),(871,298,11),(872,298,12),(873,298,19),(874,298,13),(875,298,14),(876,298,15),(877,298,16),(878,299,2),(879,300,4),(880,301,4),(881,302,1),(882,302,2),(883,302,3),(884,303,5),(885,304,5),(886,305,5),(887,306,4),(888,307,7),(889,308,8),(890,309,1),(891,309,9),(892,310,1),(893,310,9),(894,311,1),(895,311,9),(896,312,1),(897,312,10),(898,312,12),(899,313,1),(900,313,3),(901,313,11),(902,313,22),(903,314,2),(904,314,10),(905,314,11),(906,314,19),(907,315,1),(908,315,9),(909,316,1),(910,316,10),(911,316,19),(912,316,21),(913,317,1),(914,317,9),(915,318,1),(916,318,8),(917,318,12),(918,319,1),(919,319,9),(920,319,10),(921,320,1),(922,320,2),(923,320,19),(924,320,20),(925,320,21),(926,321,1),(927,321,19),(928,322,5),(929,323,2),(930,323,12),(931,323,22),(932,323,23),(933,324,9),(934,324,10),(935,324,11),(936,325,1),(937,325,12),(938,326,3),(939,326,6),(940,327,7),(941,328,1),(942,328,2),(943,328,6),(944,329,1),(945,329,25),(946,330,1),(947,330,3),(948,330,13),(949,330,14),(950,331,1),(951,331,25),(952,332,1),(953,332,2),(954,332,25),(955,333,2),(956,333,3),(957,333,13),(958,334,2),(959,334,3),(960,334,25),(961,335,2),(962,335,3),(963,335,14),(964,336,14),(965,336,15),(966,336,16),(967,337,2),(968,337,24),(969,338,2),(970,338,13),(971,338,14),(972,339,13),(973,339,14),(974,339,15),(975,340,3),(976,341,16),(977,341,24),(978,342,1),(979,342,2),(980,342,17),(981,342,18),(982,343,1),(983,343,2),(984,343,18),(985,344,2),(986,344,3),(987,344,6),(988,344,17),(989,345,4),(990,346,4),(991,347,4),(992,348,1),(993,348,25),(994,349,1),(995,349,25),(996,350,1),(997,350,25),(998,351,5),(999,352,5),(1000,353,5),(1001,354,1),(1002,354,25),(1003,355,1),(1004,355,25),(1005,356,1),(1006,356,25),(1007,357,1),(1008,357,2),(1009,357,25),(1010,358,1),(1011,358,2),(1012,358,25),(1013,359,1),(1014,359,2),(1015,359,25),(1016,360,1),(1017,360,25),(1018,361,1),(1019,361,25),(1020,362,1),(1021,362,25),(1022,363,2),(1023,363,15),(1024,363,25),(1025,364,2),(1026,364,15),(1027,364,25),(1028,365,2),(1029,365,15),(1030,365,25),(1031,366,15),(1032,366,16),(1033,367,15),(1034,367,16),(1035,368,15),(1036,368,16),(1037,369,1),(1038,369,2),(1039,369,25),(1040,370,1),(1041,370,2),(1042,370,25),(1043,371,1),(1044,371,2),(1045,371,25),(1046,372,2),(1047,372,3),(1048,372,9),(1049,372,10),(1050,372,11),(1051,373,2),(1052,373,3),(1053,373,4),(1054,373,12),(1055,373,19),(1056,373,20),(1057,373,21),(1058,374,1),(1059,374,2),(1060,374,6),(1061,374,9),(1062,374,10),(1063,374,11),(1064,374,12),(1065,374,22),(1066,374,23),(1067,375,2),(1068,375,3),(1069,375,8),(1070,375,13),(1071,375,14),(1072,375,15),(1073,375,16),(1074,375,24),(1075,375,25),(1076,376,1),(1077,376,2),(1078,376,3),(1079,376,4),(1080,376,5),(1081,376,6),(1082,376,7),(1083,376,8),(1084,376,17),(1085,376,18),(1086,376,9),(1087,376,10),(1088,376,11),(1089,376,12),(1090,376,19),(1091,376,20),(1092,376,21),(1093,376,22),(1094,376,23),(1095,376,13),(1096,376,14),(1097,376,15),(1098,376,16),(1099,376,24),(1100,376,25),(1101,377,1),(1102,377,2),(1103,377,3),(1104,377,4),(1105,377,5),(1106,377,6),(1107,377,7),(1108,377,8),(1109,377,17),(1110,377,18),(1111,377,9),(1112,377,10),(1113,377,11),(1114,377,12),(1115,377,19),(1116,377,20),(1117,377,21),(1118,377,22),(1119,377,23),(1120,377,13),(1121,377,14),(1122,377,15),(1123,377,16),(1124,377,24),(1125,377,25),(1126,378,1),(1127,378,2),(1128,378,3),(1129,379,2),(1130,379,24),(1131,380,5),(1132,381,5),(1133,382,5),(1134,383,4),(1135,384,7),(1136,385,8),(1137,386,1),(1138,386,9),(1139,387,1),(1140,387,9),(1141,388,1),(1142,388,9),(1143,389,1),(1144,389,10),(1145,389,12),(1146,390,1),(1147,390,3),(1148,390,11),(1149,390,22),(1150,391,2),(1151,391,10),(1152,391,11),(1153,391,19),(1154,392,1),(1155,392,9),(1156,393,1),(1157,393,10),(1158,393,19),(1159,393,21),(1160,394,1),(1161,394,9),(1162,395,1),(1163,395,8),(1164,395,12),(1165,396,1),(1166,396,9),(1167,396,10),(1168,397,1),(1169,397,2),(1170,397,19),(1171,397,20),(1172,397,21),(1173,398,1),(1174,398,19),(1175,399,5),(1176,400,2),(1177,400,12),(1178,400,22),(1179,400,23),(1180,401,9),(1181,401,10),(1182,401,11),(1183,402,1),(1184,402,12),(1185,403,3),(1186,403,6),(1187,404,7),(1188,405,1),(1189,405,2),(1190,405,6),(1191,406,1),(1192,406,25),(1193,407,1),(1194,407,3),(1195,407,13),(1196,407,14),(1197,408,1),(1198,408,25),(1199,409,1),(1200,409,2),(1201,409,25),(1202,410,2),(1203,410,3),(1204,410,13),(1205,411,2),(1206,411,3),(1207,411,25),(1208,412,2),(1209,412,3),(1210,412,14),(1211,413,14),(1212,413,15),(1213,413,16),(1214,414,2),(1215,414,24),(1216,415,2),(1217,415,13),(1218,415,14),(1219,416,13),(1220,416,14),(1221,416,15),(1222,417,3),(1223,418,16),(1224,418,24),(1225,419,1),(1226,419,2),(1227,419,17),(1228,419,18),(1229,420,1),(1230,420,2),(1231,420,18),(1232,421,2),(1233,421,3),(1234,421,6),(1235,421,17),(1236,422,4),(1237,423,4),(1238,424,4),(1239,425,1),(1240,425,25),(1241,426,1),(1242,426,25),(1243,427,1),(1244,427,25),(1245,428,5),(1246,429,5),(1247,430,5),(1248,431,1),(1249,431,25),(1250,432,1),(1251,432,25),(1252,433,1),(1253,433,25),(1254,434,1),(1255,434,2),(1256,434,25),(1257,435,1),(1258,435,2),(1259,435,25),(1260,436,1),(1261,436,2),(1262,436,25),(1263,437,1),(1264,437,25),(1265,438,1),(1266,438,25),(1267,439,1),(1268,439,25),(1269,440,2),(1270,440,15),(1271,440,25),(1272,441,2),(1273,441,15),(1274,441,25),(1275,442,2),(1276,442,15),(1277,442,25),(1278,443,15),(1279,443,16),(1280,444,15),(1281,444,16),(1282,445,15),(1283,445,16),(1284,446,1),(1285,446,2),(1286,446,25),(1287,447,1),(1288,447,2),(1289,447,25),(1290,448,1),(1291,448,2),(1292,448,25),(1293,449,2),(1294,449,3),(1295,449,9),(1296,449,10),(1297,449,11),(1298,450,2),(1299,450,3),(1300,450,4),(1301,450,12),(1302,450,19),(1303,450,20),(1304,450,21),(1305,451,1),(1306,451,2),(1307,451,6),(1308,451,9),(1309,451,10),(1310,451,11),(1311,451,12),(1312,451,22),(1313,451,23),(1314,452,2),(1315,452,3),(1316,452,8),(1317,452,13),(1318,452,14),(1319,452,15),(1320,452,16),(1321,452,24),(1322,452,25),(1323,453,1),(1324,453,2),(1325,453,3),(1326,453,4),(1327,453,5),(1328,453,6),(1329,453,7),(1330,453,8),(1331,453,17),(1332,453,18),(1333,453,9),(1334,453,10),(1335,453,11),(1336,453,12),(1337,453,19),(1338,453,20),(1339,453,21),(1340,453,22),(1341,453,23),(1342,453,13),(1343,453,14),(1344,453,15),(1345,453,16),(1346,453,24),(1347,453,25),(1348,454,1),(1349,454,2),(1350,454,3),(1351,454,4),(1352,454,5),(1353,454,6),(1354,454,7),(1355,454,8),(1356,454,17),(1357,454,18),(1358,454,9),(1359,454,10),(1360,454,11),(1361,454,12),(1362,454,19),(1363,454,20),(1364,454,21),(1365,454,22),(1366,454,23),(1367,454,13),(1368,454,14),(1369,454,15),(1370,454,16),(1371,454,24),(1372,454,25),(1373,455,2),(1374,456,4),(1375,457,4),(1376,458,1),(1377,458,2),(1378,458,3),(1379,459,2),(1380,459,24),(1381,460,5),(1382,461,5),(1383,462,5),(1384,463,4),(1385,464,7),(1386,465,8),(1387,466,1),(1388,466,9),(1389,467,1),(1390,467,9),(1391,468,1),(1392,468,10),(1393,468,12),(1394,469,1),(1395,469,3),(1396,469,11),(1397,469,22),(1398,470,2),(1399,470,10),(1400,470,11),(1401,470,19),(1402,471,1),(1403,471,9),(1404,472,1),(1405,472,10),(1406,472,19),(1407,472,21),(1408,473,1),(1409,473,9),(1410,473,10),(1411,474,1),(1412,474,8),(1413,474,12),(1414,475,1),(1415,475,2),(1416,475,19),(1417,475,20),(1418,475,21),(1419,476,1),(1420,476,19),(1421,477,5),(1422,478,2),(1423,478,12),(1424,478,22),(1425,478,23),(1426,479,1),(1427,479,12),(1428,480,1),(1429,480,9),(1430,481,1),(1431,481,9),(1432,482,1),(1433,482,9),(1434,483,9),(1435,483,10),(1436,483,11),(1437,484,3),(1438,484,6),(1439,485,3),(1440,486,2),(1441,486,6),(1442,486,9),(1443,487,7),(1444,488,1),(1445,488,25),(1446,489,2),(1447,489,3),(1448,489,25),(1449,490,1),(1450,490,2),(1451,490,24),(1452,491,1),(1453,491,2),(1454,491,25),(1455,492,2),(1456,492,3),(1457,492,13),(1458,493,2),(1459,493,3),(1460,493,14),(1461,494,2),(1462,494,13),(1463,494,14),(1464,495,2),(1465,495,24),(1466,496,13),(1467,496,14),(1468,496,15),(1469,497,1),(1470,497,25),(1471,498,2),(1472,498,24),(1473,499,16),(1474,499,24),(1475,500,14),(1476,500,15),(1477,500,16),(1478,501,1),(1479,501,3),(1480,501,13),(1481,501,14),(1482,502,1),(1483,502,2),(1484,502,17),(1485,502,18),(1486,503,1),(1487,503,2),(1488,503,18),(1489,504,2),(1490,504,3),(1491,504,6),(1492,504,17),(1493,505,4),(1494,506,4),(1495,507,4),(1496,508,5),(1497,509,5),(1498,510,5),(1499,511,15),(1500,511,16),(1501,512,15),(1502,512,16),(1503,513,15),(1504,513,16),(1505,514,1),(1506,514,25),(1507,515,1),(1508,515,25),(1509,516,1),(1510,516,25),(1511,517,1),(1512,517,2),(1513,517,25),(1514,518,1),(1515,518,2),(1516,518,25),(1517,519,1),(1518,519,2),(1519,519,25),(1520,520,1),(1521,520,2),(1522,520,25),(1523,521,1),(1524,521,2),(1525,521,25),(1526,522,1),(1527,522,2),(1528,522,25),(1529,523,1),(1530,523,25),(1531,524,1),(1532,524,25),(1533,525,1),(1534,525,25),(1535,526,2),(1536,526,15),(1537,526,25),(1538,527,2),(1539,527,15),(1540,527,25),(1541,528,2),(1542,528,15),(1543,528,25),(1544,529,1),(1545,529,25),(1546,530,1),(1547,530,25),(1548,531,1),(1549,531,25),(1550,532,2),(1551,532,3),(1552,532,9),(1553,532,10),(1554,532,11),(1555,533,2),(1556,533,3),(1557,533,4),(1558,533,12),(1559,533,19),(1560,533,20),(1561,533,21),(1562,534,1),(1563,534,2),(1564,534,6),(1565,534,9),(1566,534,10),(1567,534,11),(1568,534,12),(1569,534,22),(1570,534,23),(1571,535,2),(1572,535,3),(1573,535,8),(1574,535,13),(1575,535,14),(1576,535,15),(1577,535,16),(1578,535,24),(1579,535,25),(1580,536,1),(1581,536,2),(1582,536,3),(1583,536,4),(1584,536,5),(1585,536,6),(1586,536,7),(1587,536,8),(1588,536,17),(1589,536,18),(1590,536,9),(1591,536,10),(1592,536,11),(1593,536,12),(1594,536,19),(1595,536,20),(1596,536,21),(1597,536,22),(1598,536,23),(1599,536,13),(1600,536,14),(1601,536,15),(1602,536,16),(1603,536,24),(1604,536,25),(1605,537,1),(1606,537,2),(1607,537,3),(1608,537,4),(1609,537,5),(1610,537,6),(1611,537,7),(1612,537,8),(1613,537,17),(1614,537,18),(1615,537,9),(1616,537,10),(1617,537,11),(1618,537,12),(1619,537,19),(1620,537,20),(1621,537,21),(1622,537,22),(1623,537,23),(1624,537,13),(1625,537,14),(1626,537,15),(1627,537,16),(1628,537,24),(1629,537,25),(1630,538,2),(1631,539,4),(1632,540,4),(1633,541,1),(1634,541,2),(1635,541,3),(1636,542,5),(1637,543,5),(1638,544,5),(1639,545,5),(1640,546,8),(1641,547,4),(1642,548,2),(1643,548,18),(1644,548,9),(1645,549,2),(1646,549,10),(1647,549,19),(1648,549,23),(1649,550,7),(1650,551,9),(1651,551,10),(1652,551,12),(1653,551,20),(1654,551,21),(1655,551,22),(1656,552,3),(1657,552,11),(1658,552,20),(1659,552,21),(1660,552,22),(1661,553,9),(1662,553,10),(1663,553,12),(1664,553,20),(1665,553,21),(1666,553,22),(1667,554,1),(1668,554,21),(1669,555,2),(1670,555,22),(1671,556,2),(1672,556,22),(1673,557,2),(1674,557,22),(1675,558,2),(1676,558,22),(1677,559,1),(1678,559,6),(1679,559,10),(1680,560,1),(1681,560,10),(1682,561,2),(1683,561,22),(1684,562,2),(1685,562,22),(1686,563,2),(1687,563,22),(1688,564,1),(1689,564,10),(1690,565,1),(1691,565,2),(1692,565,10),(1693,566,2),(1694,566,11),(1695,566,20),(1696,566,22),(1697,567,1),(1698,567,19),(1699,567,21),(1700,567,22),(1701,568,3),(1702,568,4),(1703,568,11),(1704,568,20),(1705,568,21),(1706,568,22),(1707,568,23),(1708,569,3),(1709,569,4),(1710,569,11),(1711,569,20),(1712,569,21),(1713,569,22),(1714,570,6),(1715,570,8),(1716,571,1),(1717,571,7),(1718,572,1),(1719,572,22),(1720,573,1),(1721,573,10),(1722,574,3),(1723,574,12),(1724,575,11),(1725,575,19),(1726,575,20),(1727,575,22),(1728,576,1),(1729,576,19),(1730,576,22),(1731,577,2),(1732,577,19),(1733,578,2),(1734,578,19),(1735,578,22),(1736,579,1),(1737,579,10),(1738,579,22),(1739,580,7),(1740,581,2),(1741,581,13),(1742,582,1),(1743,582,13),(1744,582,14),(1745,583,1),(1746,583,14),(1747,584,8),(1748,584,14),(1749,585,2),(1750,585,13),(1751,585,16),(1752,586,4),(1753,587,1),(1754,587,13),(1755,587,16),(1756,588,2),(1757,588,6),(1758,588,13),(1759,589,1),(1760,589,3),(1761,589,6),(1762,589,17),(1763,589,15),(1764,590,3),(1765,590,4),(1766,590,13),(1767,591,3),(1768,591,4),(1769,591,13),(1770,592,3),(1771,592,4),(1772,592,13),(1773,593,5),(1774,594,5),(1775,595,5),(1776,596,5),(1777,597,5),(1778,598,5),(1779,599,1),(1780,599,5),(1781,599,16),(1782,600,1),(1783,600,5),(1784,600,16),(1785,601,1),(1786,601,13),(1787,601,16),(1788,602,1),(1789,602,2),(1790,602,14),(1791,603,1),(1792,603,2),(1793,603,14),(1794,604,2),(1795,604,6),(1796,604,13),(1797,605,2),(1798,605,3),(1799,605,4),(1800,605,15),(1801,606,2),(1802,606,3),(1803,606,4),(1804,606,15),(1805,607,1),(1806,607,3),(1807,607,6),(1808,607,15),(1809,608,1),(1810,608,14),(1811,609,1),(1812,609,14),(1813,610,1),(1814,610,6),(1815,610,14),(1816,611,1),(1817,611,17),(1818,611,14),(1819,612,1),(1820,612,17),(1821,612,14),(1822,613,1),(1823,613,6),(1824,613,14),(1825,614,1),(1826,614,13),(1827,614,14),(1828,615,1),(1829,615,13),(1830,615,14),(1831,616,1),(1832,616,13),(1833,616,14),(1834,617,1),(1835,617,2),(1836,617,13),(1837,618,1),(1838,618,2),(1839,618,13),(1840,619,1),(1841,619,2),(1842,619,13),(1843,620,3),(1844,620,7),(1845,620,16),(1846,621,3),(1847,621,7),(1848,621,16),(1849,622,3),(1850,622,7),(1851,622,16),(1852,623,3),(1853,623,11),(1854,623,12),(1855,623,19),(1856,624,1),(1857,624,3),(1858,624,10),(1859,624,12),(1860,625,1),(1861,625,2),(1862,625,10),(1863,625,19),(1864,625,21),(1865,626,2),(1866,626,10),(1867,626,19),(1868,626,20),(1869,626,22),(1870,627,2),(1871,627,10),(1872,627,11),(1873,627,12),(1874,627,19),(1875,627,21),(1876,628,1),(1877,628,9),(1878,628,10),(1879,628,11),(1880,628,12),(1881,628,19),(1882,628,20),(1883,628,21),(1884,628,22),(1885,629,4),(1886,629,5),(1887,629,6),(1888,629,7),(1889,629,8),(1890,629,9),(1891,629,19),(1892,629,20),(1893,629,22),(1894,630,4),(1895,630,5),(1896,630,6),(1897,630,7),(1898,630,8),(1899,630,9),(1900,630,19),(1901,630,20),(1902,630,22),(1903,631,2),(1904,631,3),(1905,631,13),(1906,631,14),(1907,631,15),(1908,631,16),(1909,632,1),(1910,632,3),(1911,632,13),(1912,632,14),(1913,632,15),(1914,632,16),(1915,633,1),(1916,633,2),(1917,633,3),(1918,633,13),(1919,633,14),(1920,634,1),(1921,634,2),(1922,634,3),(1923,634,4),(1924,634,5),(1925,634,6),(1926,634,7),(1927,634,8),(1928,634,17),(1929,634,18),(1930,634,9),(1931,634,10),(1932,634,11),(1933,634,12),(1934,634,19),(1935,634,20),(1936,634,21),(1937,634,22),(1938,634,23),(1939,634,13),(1940,634,14),(1941,634,15),(1942,634,16),(1943,635,1),(1944,635,2),(1945,635,3),(1946,635,4),(1947,635,5),(1948,635,6),(1949,635,7),(1950,635,8),(1951,635,17),(1952,635,18),(1953,635,9),(1954,635,10),(1955,635,11),(1956,635,12),(1957,635,19),(1958,635,20),(1959,635,21),(1960,635,22),(1961,635,23),(1962,635,13),(1963,635,14),(1964,635,15),(1965,635,16),(1966,636,2),(1967,637,1),(1968,637,2),(1969,637,3),(1970,638,5),(1971,639,5),(1972,640,5),(1973,641,5),(1974,642,8),(1975,643,4),(1976,644,2),(1977,644,9),(1978,644,18),(1979,645,2),(1980,645,10),(1981,645,19),(1982,645,23),(1983,646,7),(1984,647,3),(1985,647,6),(1986,647,9),(1987,647,11),(1988,647,12),(1989,647,19),(1990,647,20),(1991,647,22),(1992,648,3),(1993,648,6),(1994,648,9),(1995,648,11),(1996,648,12),(1997,648,19),(1998,648,20),(1999,648,22),(2000,649,5),(2001,649,9),(2002,649,12),(2003,649,18),(2004,649,23),(2005,650,1),(2006,650,21),(2007,651,2),(2008,651,22),(2009,652,2),(2010,652,22),(2011,653,2),(2012,653,22),(2013,654,2),(2014,654,22),(2015,655,1),(2016,655,6),(2017,655,10),(2018,656,1),(2019,656,10),(2020,657,2),(2021,657,22),(2022,658,2),(2023,658,22),(2024,659,2),(2025,659,22),(2026,660,1),(2027,660,10),(2028,661,1),(2029,661,2),(2030,661,10),(2031,662,2),(2032,662,11),(2033,662,20),(2034,662,22),(2035,663,1),(2036,663,19),(2037,663,21),(2038,663,22),(2039,664,3),(2040,664,4),(2041,664,11),(2042,664,20),(2043,664,21),(2044,664,22),(2045,664,23),(2046,665,3),(2047,665,4),(2048,665,11),(2049,665,20),(2050,665,21),(2051,665,22),(2052,666,6),(2053,666,8),(2054,667,1),(2055,667,7),(2056,668,1),(2057,668,22),(2058,669,1),(2059,669,10),(2060,670,3),(2061,670,11),(2062,670,12),(2063,671,9),(2064,671,11),(2065,671,20),(2066,672,1),(2067,672,19),(2068,672,22),(2069,673,9),(2070,673,11),(2071,673,20),(2072,674,2),(2073,674,19),(2074,675,2),(2075,675,19),(2076,675,22),(2077,676,1),(2078,676,10),(2079,676,22),(2080,677,7),(2081,678,2),(2082,678,13),(2083,679,1),(2084,679,13),(2085,679,14),(2086,680,1),(2087,680,14),(2088,681,8),(2089,681,14),(2090,682,2),(2091,682,13),(2092,682,16),(2093,683,4),(2094,684,1),(2095,684,13),(2096,684,16),(2097,685,2),(2098,685,6),(2099,685,13),(2100,686,1),(2101,686,3),(2102,686,6),(2103,686,15),(2104,686,17),(2105,687,3),(2106,687,4),(2107,687,13),(2108,688,3),(2109,688,4),(2110,688,13),(2111,689,3),(2112,689,4),(2113,689,13),(2114,690,5),(2115,691,5),(2116,692,5),(2117,693,5),(2118,694,5),(2119,695,5),(2120,696,1),(2121,696,5),(2122,696,16),(2123,697,1),(2124,697,5),(2125,697,16),(2126,698,1),(2127,698,13),(2128,698,16),(2129,699,1),(2130,699,2),(2131,699,14),(2132,700,1),(2133,700,2),(2134,700,14),(2135,701,2),(2136,701,6),(2137,701,13),(2138,702,2),(2139,702,3),(2140,702,4),(2141,702,15),(2142,703,2),(2143,703,3),(2144,703,4),(2145,703,15),(2146,704,1),(2147,704,3),(2148,704,6),(2149,704,15),(2150,705,1),(2151,705,14),(2152,706,1),(2153,706,14),(2154,707,1),(2155,707,6),(2156,707,14),(2157,708,1),(2158,708,14),(2159,708,17),(2160,709,1),(2161,709,14),(2162,709,17),(2163,710,1),(2164,710,6),(2165,710,14),(2166,711,1),(2167,711,13),(2168,711,14),(2169,712,1),(2170,712,13),(2171,712,14),(2172,713,1),(2173,713,13),(2174,713,14),(2175,714,1),(2176,714,2),(2177,714,13),(2178,715,1),(2179,715,2),(2180,715,13),(2181,716,1),(2182,716,2),(2183,716,13),(2184,717,3),(2185,717,7),(2186,717,16),(2187,718,3),(2188,718,7),(2189,718,16),(2190,719,3),(2191,719,7),(2192,719,16),(2193,720,3),(2194,720,6),(2195,721,3),(2196,721,6),(2197,722,3),(2198,722,6),(2199,723,3),(2200,723,11),(2201,723,12),(2202,723,19),(2203,724,1),(2204,724,3),(2205,724,10),(2206,724,12),(2207,725,1),(2208,725,2),(2209,725,10),(2210,725,19),(2211,725,21),(2212,726,2),(2213,726,10),(2214,726,19),(2215,726,20),(2216,726,22),(2217,727,2),(2218,727,10),(2219,727,11),(2220,727,12),(2221,727,19),(2222,727,21),(2223,728,1),(2224,728,9),(2225,728,10),(2226,728,11),(2227,728,12),(2228,728,19),(2229,728,20),(2230,728,21),(2231,728,22),(2232,729,4),(2233,729,5),(2234,729,6),(2235,729,7),(2236,729,8),(2237,729,9),(2238,729,19),(2239,729,20),(2240,729,22),(2241,730,4),(2242,730,5),(2243,730,6),(2244,730,7),(2245,730,8),(2246,730,9),(2247,730,19),(2248,730,20),(2249,730,22),(2250,731,2),(2251,731,3),(2252,731,13),(2253,731,14),(2254,731,15),(2255,731,16),(2256,732,1),(2257,732,3),(2258,732,13),(2259,732,14),(2260,732,15),(2261,732,16),(2262,733,1),(2263,733,2),(2264,733,3),(2265,733,13),(2266,733,14),(2267,734,1),(2268,734,2),(2269,734,3),(2270,734,4),(2271,734,5),(2272,734,6),(2273,734,7),(2274,734,8),(2275,734,9),(2276,734,10),(2277,734,11),(2278,734,12),(2279,734,19),(2280,734,20),(2281,734,21),(2282,734,22),(2283,734,13),(2284,734,14),(2285,734,15),(2286,734,16),(2287,734,17),(2288,734,18),(2289,734,23),(2290,735,1),(2291,735,2),(2292,735,3),(2293,735,4),(2294,735,5),(2295,735,6),(2296,735,7),(2297,735,8),(2298,735,9),(2299,735,10),(2300,735,11),(2301,735,12),(2302,735,19),(2303,735,20),(2304,735,21),(2305,735,22),(2306,735,13),(2307,735,14),(2308,735,15),(2309,735,16),(2310,735,17),(2311,735,18),(2312,735,23),(2313,736,2),(2314,737,4),(2315,738,4),(2316,739,1),(2317,739,2),(2318,739,3),(2319,740,5),(2320,741,5),(2321,742,5),(2322,743,5),(2323,744,8),(2324,745,4),(2325,746,2),(2326,746,18),(2327,746,9),(2328,747,2),(2329,747,10),(2330,747,19),(2331,748,7),(2332,749,3),(2333,749,6),(2334,749,9),(2335,749,11),(2336,749,12),(2337,749,19),(2338,749,20),(2339,749,22),(2340,750,3),(2341,750,6),(2342,750,9),(2343,750,11),(2344,750,12),(2345,750,19),(2346,750,20),(2347,750,22),(2348,751,5),(2349,751,18),(2350,751,9),(2351,751,12),(2352,752,1),(2353,752,21),(2354,753,1),(2355,753,6),(2356,753,10),(2357,754,2),(2358,754,22),(2359,755,2),(2360,755,22),(2361,756,2),(2362,756,22),(2363,757,1),(2364,757,6),(2365,757,10),(2366,758,1),(2367,758,10),(2368,759,2),(2369,759,22),(2370,760,2),(2371,760,22),(2372,761,2),(2373,761,22),(2374,762,1),(2375,762,10),(2376,763,1),(2377,763,2),(2378,763,23),(2379,764,2),(2380,764,11),(2381,764,20),(2382,764,22),(2383,765,1),(2384,765,19),(2385,765,21),(2386,765,22),(2387,766,3),(2388,766,4),(2389,766,11),(2390,766,20),(2391,766,21),(2392,766,22),(2393,766,23),(2394,767,3),(2395,767,4),(2396,767,11),(2397,767,20),(2398,767,21),(2399,767,22),(2400,768,6),(2401,768,8),(2402,769,1),(2403,769,7),(2404,770,2),(2405,770,22),(2406,771,1),(2407,771,10),(2408,772,3),(2409,772,11),(2410,772,12),(2411,773,9),(2412,773,11),(2413,773,20),(2414,774,2),(2415,774,10),(2416,775,1),(2417,775,19),(2418,775,22),(2419,776,9),(2420,776,11),(2421,776,20),(2422,777,2),(2423,777,19),(2424,778,3),(2425,778,6),(2426,779,7),(2427,780,1),(2428,780,5),(2429,780,16),(2430,781,2),(2431,781,3),(2432,781,4),(2433,781,15),(2434,782,2),(2435,782,13),(2436,783,1),(2437,783,13),(2438,783,14),(2439,784,1),(2440,784,14),(2441,785,8),(2442,785,14),(2443,786,2),(2444,786,13),(2445,786,16),(2446,787,1),(2447,787,14),(2448,787,16),(2449,788,4),(2450,789,1),(2451,789,14),(2452,790,1),(2453,790,14),(2454,791,1),(2455,791,14),(2456,792,3),(2457,792,4),(2458,792,13),(2459,793,3),(2460,793,4),(2461,793,13),(2462,794,3),(2463,794,4),(2464,794,13),(2465,795,5),(2466,796,5),(2467,797,5),(2468,798,5),(2469,799,5),(2470,800,5),(2471,801,1),(2472,801,13),(2473,801,16),(2474,802,1),(2475,802,13),(2476,802,16),(2477,803,1),(2478,803,13),(2479,803,16),(2480,804,2),(2481,804,6),(2482,804,13),(2483,805,2),(2484,805,6),(2485,805,13),(2486,806,2),(2487,806,6),(2488,806,13),(2489,807,2),(2490,807,15),(2491,807,16),(2492,808,2),(2493,808,15),(2494,808,16),(2495,809,2),(2496,809,15),(2497,809,16),(2498,810,1),(2499,810,13),(2500,810,14),(2501,811,1),(2502,811,13),(2503,811,14),(2504,812,1),(2505,812,13),(2506,812,14),(2507,813,1),(2508,813,3),(2509,813,6),(2510,813,17),(2511,813,15),(2512,814,1),(2513,814,3),(2514,814,6),(2515,814,17),(2516,814,15),(2517,815,1),(2518,815,3),(2519,815,6),(2520,815,15),(2521,816,1),(2522,816,6),(2523,816,14),(2524,817,1),(2525,817,6),(2526,817,14),(2527,818,1),(2528,818,6),(2529,818,14),(2530,819,1),(2531,819,17),(2532,819,14),(2533,820,1),(2534,820,17),(2535,820,14),(2536,821,1),(2537,821,14),(2538,822,1),(2539,822,13),(2540,822,14),(2541,823,1),(2542,823,13),(2543,823,14),(2544,824,1),(2545,824,13),(2546,824,14),(2547,825,1),(2548,825,2),(2549,825,13),(2550,826,1),(2551,826,2),(2552,826,13),(2553,827,1),(2554,827,2),(2555,827,13),(2556,828,3),(2557,828,7),(2558,828,16),(2559,829,3),(2560,829,7),(2561,829,16),(2562,830,3),(2563,830,7),(2564,830,16),(2565,831,3),(2566,831,11),(2567,831,12),(2568,831,19),(2569,832,1),(2570,832,3),(2571,832,10),(2572,832,12),(2573,833,1),(2574,833,2),(2575,833,10),(2576,833,19),(2577,833,21),(2578,834,2),(2579,834,10),(2580,834,19),(2581,834,20),(2582,834,22),(2583,835,2),(2584,835,10),(2585,835,11),(2586,835,12),(2587,835,19),(2588,835,21),(2589,836,4),(2590,836,5),(2591,836,6),(2592,836,7),(2593,836,8),(2594,836,9),(2595,836,19),(2596,836,20),(2597,836,22),(2598,837,1),(2599,837,9),(2600,837,10),(2601,837,11),(2602,837,12),(2603,837,19),(2604,837,20),(2605,837,21),(2606,837,22),(2607,838,2),(2608,838,3),(2609,838,13),(2610,838,14),(2611,838,15),(2612,838,16),(2613,839,1),(2614,839,3),(2615,839,13),(2616,839,14),(2617,839,15),(2618,839,16),(2619,840,1),(2620,840,2),(2621,840,3),(2622,840,13),(2623,840,14),(2624,841,1),(2625,841,2),(2626,841,3),(2627,841,4),(2628,841,5),(2629,841,6),(2630,841,7),(2631,841,8),(2632,841,17),(2633,841,18),(2634,841,9),(2635,841,10),(2636,841,11),(2637,841,12),(2638,841,19),(2639,841,20),(2640,841,21),(2641,841,22),(2642,841,23),(2643,841,13),(2644,841,14),(2645,841,15),(2646,841,16),(2647,842,1),(2648,842,2),(2649,842,3),(2650,842,4),(2651,842,5),(2652,842,6),(2653,842,7),(2654,842,8),(2655,842,17),(2656,842,18),(2657,842,9),(2658,842,10),(2659,842,11),(2660,842,12),(2661,842,19),(2662,842,20),(2663,842,21),(2664,842,22),(2665,842,23),(2666,842,13),(2667,842,14),(2668,842,15),(2669,842,16),(2670,843,2),(2671,844,4),(2672,845,4),(2673,846,1),(2674,846,2),(2675,846,3),(2676,847,1),(2677,847,9),(2678,847,10),(2679,847,11),(2680,848,1),(2681,848,9),(2682,848,10),(2683,848,11),(2684,849,1),(2685,849,9),(2686,849,10),(2687,849,11),(2688,850,4),(2689,850,5),(2690,851,1),(2691,851,9),(2692,851,10),(2693,852,1),(2694,852,9),(2695,852,10),(2696,852,11),(2697,853,1),(2698,853,9),(2699,853,10),(2700,853,11),(2701,854,1),(2702,854,2),(2703,854,3),(2704,854,10),(2705,855,5),(2706,856,13),(2707,856,14),(2708,857,1),(2709,857,13),(2710,858,3),(2711,858,6),(2712,859,1),(2713,859,13),(2714,860,1),(2715,860,13),(2716,861,1),(2717,861,13),(2718,862,13),(2719,862,14),(2720,863,13),(2721,863,14),(2722,864,13),(2723,864,14),(2724,865,13),(2725,866,13),(2726,867,13),(2727,868,13),(2728,869,13),(2729,870,13),(2730,871,2),(2731,871,6),(2732,871,9),(2733,871,10),(2734,871,11),(2735,872,2),(2736,872,3),(2737,872,9),(2738,872,10),(2739,872,11),(2740,873,4),(2741,873,6),(2742,873,13),(2743,873,14),(2744,874,1),(2745,874,2),(2746,874,4),(2747,874,6),(2748,874,13),(2749,874,14),(2750,875,1),(2751,875,2),(2752,875,3),(2753,875,4),(2754,875,5),(2755,875,6),(2756,875,9),(2757,875,10),(2758,875,11),(2759,875,13),(2760,875,14),(2761,876,1),(2762,876,2),(2763,876,3),(2764,876,4),(2765,876,5),(2766,876,6),(2767,876,9),(2768,876,10),(2769,876,11),(2770,876,13),(2771,876,14),(2772,877,13),(2773,878,13),(2774,879,1),(2775,879,12),(2776,880,1),(2777,880,2),(2778,880,10),(2779,880,11),(2780,881,1),(2781,881,9),(2782,881,10),(2783,882,4),(2784,883,1),(2785,883,12),(2786,884,3),(2787,884,6),(2788,885,4),(2789,885,5),(2790,886,5),(2791,887,1),(2792,887,2),(2793,887,3),(2794,887,12),(2795,888,1),(2796,888,13),(2797,889,1),(2798,889,2),(2799,889,13),(2800,890,2),(2801,890,3),(2802,890,14),(2803,891,2),(2804,891,3),(2805,891,14),(2806,892,2),(2807,892,3),(2808,892,14),(2809,893,1),(2810,893,14),(2811,894,1),(2812,894,14),(2813,895,1),(2814,895,14),(2815,896,1),(2816,896,13),(2817,897,1),(2818,897,13),(2819,898,1),(2820,898,13),(2821,899,2),(2822,899,3),(2823,899,14),(2824,900,2),(2825,900,3),(2826,900,14),(2827,901,2),(2828,901,3),(2829,901,14),(2830,902,4),(2831,902,6),(2832,902,9),(2833,902,10),(2834,902,11),(2835,902,12),(2836,903,1),(2837,903,2),(2838,903,4),(2839,903,6),(2840,903,9),(2841,903,10),(2842,903,11),(2843,903,12),(2844,904,2),(2845,904,6),(2846,904,14),(2847,905,2),(2848,905,3),(2849,905,4),(2850,905,6),(2851,905,13),(2852,905,14),(2853,906,1),(2854,906,2),(2855,906,3),(2856,906,4),(2857,906,5),(2858,906,6),(2859,906,9),(2860,906,10),(2861,906,11),(2862,906,12),(2863,906,13),(2864,906,14),(2865,907,1),(2866,907,2),(2867,907,3),(2868,907,4),(2869,907,5),(2870,907,6),(2871,907,9),(2872,907,10),(2873,907,11),(2874,907,12),(2875,907,13),(2876,907,14),(2877,908,13),(2878,909,13),(2879,910,5),(2880,911,2),(2881,911,5),(2882,912,5),(2883,913,4),(2884,914,8),(2885,915,7),(2886,916,1),(2887,916,9),(2888,917,1),(2889,917,9),(2890,918,1),(2891,918,9),(2892,919,1),(2893,919,2),(2894,919,10),(2895,919,19),(2896,920,1),(2897,920,3),(2898,920,10),(2899,920,19),(2900,921,1),(2901,921,9),(2902,921,10),(2903,922,1),(2904,922,9),(2905,923,2),(2906,923,12),(2907,924,2),(2908,924,9),(2909,925,1),(2910,925,8),(2911,926,1),(2912,926,9),(2913,926,10),(2914,927,1),(2915,927,9),(2916,927,10),(2917,928,2),(2918,928,8),(2919,928,12),(2920,929,5),(2921,930,1),(2922,930,9),(2923,931,1),(2924,931,9),(2925,932,1),(2926,932,11),(2927,933,2),(2928,933,3),(2929,933,10),(2930,934,1),(2931,934,10),(2932,934,11),(2933,935,2),(2934,935,3),(2935,935,10),(2936,935,12),(2937,935,19),(2938,936,1),(2939,936,9),(2940,937,2),(2941,937,10),(2942,937,11),(2943,938,3),(2944,938,6),(2945,939,7),(2946,940,4),(2947,941,1),(2948,941,2),(2949,941,6),(2950,942,2),(2951,942,15),(2952,942,16),(2953,943,2),(2954,943,14),(2955,944,2),(2956,944,3),(2957,944,18),(2958,945,2),(2959,945,3),(2960,945,15),(2961,945,16),(2962,946,2),(2963,946,13),(2964,946,14),(2965,947,3),(2966,947,5),(2967,948,2),(2968,948,15),(2969,948,16),(2970,949,1),(2971,949,13),(2972,950,1),(2973,950,2),(2974,950,15),(2975,951,2),(2976,951,8),(2977,952,1),(2978,952,2),(2979,952,17),(2980,952,18),(2981,953,2),(2982,953,18),(2983,954,1),(2984,954,13),(2985,954,14),(2986,955,5),(2987,956,5),(2988,957,5),(2989,958,1),(2990,958,13),(2991,958,14),(2992,959,1),(2993,959,13),(2994,959,14),(2995,960,1),(2996,960,13),(2997,960,14),(2998,961,1),(2999,961,3),(3000,961,13),(3001,961,14),(3002,962,1),(3003,962,3),(3004,962,13),(3005,962,14),(3006,963,1),(3007,963,3),(3008,963,13),(3009,963,14),(3010,964,2),(3011,964,3),(3012,964,16),(3013,965,2),(3014,965,3),(3015,965,16),(3016,966,2),(3017,966,3),(3018,966,16),(3019,967,1),(3020,967,13),(3021,967,14),(3022,968,1),(3023,968,13),(3024,968,14),(3025,969,1),(3026,969,13),(3027,969,14),(3028,970,2),(3029,970,3),(3030,970,9),(3031,970,10),(3032,970,11),(3033,970,12),(3034,971,3),(3035,971,4),(3036,971,7),(3037,971,9),(3038,971,10),(3039,971,11),(3040,971,12),(3041,971,19),(3042,972,1),(3043,972,2),(3044,972,13),(3045,972,14),(3046,973,1),(3047,973,2),(3048,973,6),(3049,973,7),(3050,973,13),(3051,973,14),(3052,973,15),(3053,973,16),(3054,974,1),(3055,974,2),(3056,974,3),(3057,974,4),(3058,974,5),(3059,974,6),(3060,974,7),(3061,974,8),(3062,974,17),(3063,974,18),(3064,974,9),(3065,974,10),(3066,974,11),(3067,974,12),(3068,974,19),(3069,974,13),(3070,974,14),(3071,974,15),(3072,974,16),(3073,975,1),(3074,975,2),(3075,975,3),(3076,975,4),(3077,975,5),(3078,975,6),(3079,975,7),(3080,975,8),(3081,975,17),(3082,975,18),(3083,975,9),(3084,975,10),(3085,975,11),(3086,975,12),(3087,975,19),(3088,975,13),(3089,975,14),(3090,975,15),(3091,975,16),(3092,976,1),(3093,976,2),(3094,976,3),(3095,977,1),(3096,977,2),(3097,978,0),(3098,979,5),(3099,980,2),(3100,980,5),(3101,981,5),(3102,982,4),(3103,983,7),(3104,984,8),(3105,985,1),(3106,985,9),(3107,986,1),(3108,986,9),(3109,987,1),(3110,987,9),(3111,988,1),(3112,988,2),(3113,988,10),(3114,988,12),(3115,989,1),(3116,989,3),(3117,989,11),(3118,989,22),(3119,990,1),(3120,990,9),(3121,991,1),(3122,991,9),(3123,992,2),(3124,992,10),(3125,992,19),(3126,992,21),(3127,993,1),(3128,993,8),(3129,994,2),(3130,994,9),(3131,995,1),(3132,995,8),(3133,995,12),(3134,996,1),(3135,996,2),(3136,996,19),(3137,996,20),(3138,996,21),(3139,997,5),(3140,998,1),(3141,998,19),(3142,999,2),(3143,999,12),(3144,999,22),(3145,999,23),(3146,1000,9),(3147,1000,10),(3148,1000,11),(3149,1001,1),(3150,1001,12),(3151,1002,3),(3152,1002,6),(3153,1003,7),(3154,1004,4),(3155,1005,1),(3156,1005,2),(3157,1005,6),(3158,1006,2),(3159,1006,13),(3160,1006,14),(3161,1007,1),(3162,1007,25),(3163,1008,1),(3164,1008,25),(3165,1009,2),(3166,1009,3),(3167,1009,18),(3168,1010,1),(3169,1010,2),(3170,1010,25),(3171,1011,2),(3172,1011,3),(3173,1011,13),(3174,1012,3),(3175,1012,5),(3176,1013,2),(3177,1013,3),(3178,1013,25),(3179,1014,2),(3180,1014,3),(3181,1014,14),(3182,1015,2),(3183,1015,14),(3184,1015,15),(3185,1015,16),(3186,1016,2),(3187,1016,24),(3188,1017,1),(3189,1017,2),(3190,1017,13),(3191,1017,14),(3192,1018,13),(3193,1018,14),(3194,1018,15),(3195,1019,2),(3196,1019,8),(3197,1020,1),(3198,1020,2),(3199,1020,17),(3200,1020,18),(3201,1021,1),(3202,1021,2),(3203,1021,18),(3204,1022,2),(3205,1022,3),(3206,1022,6),(3207,1022,17),(3208,1023,5),(3209,1024,5),(3210,1025,5),(3211,1026,1),(3212,1026,25),(3213,1027,1),(3214,1027,25),(3215,1028,1),(3216,1028,25),(3217,1029,2),(3218,1029,25),(3219,1030,2),(3220,1030,25),(3221,1031,2),(3222,1031,25),(3223,1032,1),(3224,1032,2),(3225,1032,25),(3226,1033,1),(3227,1033,2),(3228,1033,25),(3229,1034,1),(3230,1034,2),(3231,1034,25),(3232,1035,1),(3233,1035,25),(3234,1036,1),(3235,1036,25),(3236,1037,1),(3237,1037,25),(3238,1038,1),(3239,1038,25),(3240,1039,1),(3241,1039,25),(3242,1040,2),(3243,1040,25),(3244,1041,15),(3245,1041,16),(3246,1042,15),(3247,1042,16),(3248,1043,15),(3249,1043,16),(3250,1044,1),(3251,1044,2),(3252,1044,25),(3253,1045,1),(3254,1045,2),(3255,1045,25),(3256,1046,1),(3257,1046,2),(3258,1046,25),(3259,1047,2),(3260,1047,3),(3261,1047,9),(3262,1047,10),(3263,1047,11),(3264,1048,1),(3265,1048,2),(3266,1048,6),(3267,1048,9),(3268,1048,10),(3269,1048,11),(3270,1048,12),(3271,1048,19),(3272,1048,20),(3273,1048,21),(3274,1048,22),(3275,1048,23),(3276,1049,2),(3277,1049,3),(3278,1049,4),(3279,1049,13),(3280,1049,14),(3281,1049,16),(3282,1049,24),(3283,1050,2),(3284,1050,3),(3285,1050,8),(3286,1050,13),(3287,1050,14),(3288,1050,15),(3289,1050,16),(3290,1050,24),(3291,1050,25),(3292,1051,1),(3293,1051,2),(3294,1051,3),(3295,1051,4),(3296,1051,5),(3297,1051,6),(3298,1051,7),(3299,1051,8),(3300,1051,17),(3301,1051,18),(3302,1051,9),(3303,1051,10),(3304,1051,11),(3305,1051,12),(3306,1051,19),(3307,1051,20),(3308,1051,21),(3309,1051,22),(3310,1051,23),(3311,1051,13),(3312,1051,14),(3313,1051,15),(3314,1051,16),(3315,1051,24),(3316,1051,25),(3317,1052,1),(3318,1052,2),(3319,1052,3),(3320,1052,4),(3321,1052,5),(3322,1052,6),(3323,1052,7),(3324,1052,8),(3325,1052,17),(3326,1052,18),(3327,1052,9),(3328,1052,10),(3329,1052,11),(3330,1052,12),(3331,1052,19),(3332,1052,20),(3333,1052,21),(3334,1052,22),(3335,1052,23),(3336,1052,13),(3337,1052,14),(3338,1052,15),(3339,1052,16),(3340,1052,24),(3341,1052,25),(3342,1053,1),(3343,1053,2),(3344,1053,3),(3345,1054,2),(3346,1054,24),(3347,1055,0),(3348,1056,2),(3349,1056,5),(3350,1057,5),(3351,1057,12),(3352,1058,5),(3353,1058,12),(3354,1059,17),(3355,1060,9),(3356,1060,2),(3357,1060,18),(3358,1061,2),(3359,1061,5),(3360,1062,5),(3361,1063,0),(3362,1064,4),(3363,1065,4),(3364,1065,13),(3365,1066,2),(3366,1066,15),(3367,1066,1),(3368,1067,8),(3369,1067,11),(3370,1067,2),(3371,1067,3),(3372,1067,18),(3373,1068,6),(3374,1068,15),(3375,1069,8),(3376,1069,11),(3377,1070,8),(3378,1070,9),(3379,1071,7),(3380,1072,7),(3381,1073,8),(3382,1074,2),(3383,1074,3),(3384,1074,18),(3385,1075,0),(3386,1076,22),(3387,1076,19),(3388,1076,20),(3389,1076,3),(3390,1076,21),(3391,1076,11),(3392,1076,6),(3393,1077,19),(3394,1077,20),(3395,1077,9),(3396,1077,22),(3397,1077,11),(3398,1077,21),(3399,1077,3),(3400,1077,6),(3401,1078,15),(3402,1078,3),(3403,1078,14),(3404,1079,12),(3405,1079,5),(3406,1079,11),(3407,1079,3),(3408,1079,20),(3409,1080,5),(3410,1080,12),(3411,1081,11),(3412,1081,12),(3413,1081,20),(3414,1082,11),(3415,1082,3),(3416,1082,20),(3417,1082,12),(3418,1083,3),(3419,1083,12),(3420,1084,0),(3421,1085,1),(3422,1085,13),(3423,1086,3),(3424,1086,13),(3425,1086,2),(3426,1086,14),(3427,1087,10),(3428,1087,1),(3429,1087,23),(3430,1088,2),(3431,1088,22),(3432,1088,1),(3433,1088,21),(3434,1088,11),(3435,1088,20),(3436,1088,19),(3437,1088,3),(3438,1089,1),(3439,1089,21),(3440,1090,2),(3441,1090,22),(3442,1091,2),(3443,1091,22),(3444,1092,2),(3445,1092,22),(3446,1093,2),(3447,1093,22),(3448,1094,2),(3449,1094,22),(3450,1095,11),(3451,1095,3),(3452,1095,20),(3453,1095,22),(3454,1095,21),(3455,1096,11),(3456,1096,2),(3457,1096,22),(3458,1096,20),(3459,1097,2),(3460,1097,19),(3461,1097,22),(3462,1098,22),(3463,1098,3),(3464,1098,10),(3465,1098,2),(3466,1098,1),(3467,1098,19),(3468,1098,11),(3469,1098,20),(3470,1098,21),(3471,1098,23),(3472,1099,1),(3473,1099,10),(3474,1100,2),(3475,1100,22),(3476,1101,1),(3477,1101,10),(3478,1102,1),(3479,1102,22),(3480,1102,23),(3481,1103,1),(3482,1103,10),(3483,1103,23),(3484,1104,11),(3485,1104,3),(3486,1104,20),(3487,1104,22),(3488,1104,21),(3489,1105,19),(3490,1105,1),(3491,1105,22),(3492,1105,21),(3493,1106,2),(3494,1106,19),(3495,1107,1),(3496,1107,10),(3497,1107,22),(3498,1108,6),(3499,1108,8),(3500,1109,2),(3501,1109,13),(3502,1109,6),(3503,1109,1),(3504,1110,13),(3505,1110,2),(3506,1111,13),(3507,1111,2),(3508,1112,13),(3509,1112,1),(3510,1113,13),(3511,1113,2),(3512,1113,6),(3513,1114,14),(3514,1114,13),(3515,1114,1),(3516,1114,6),(3517,1114,8),(3518,1115,13),(3519,1115,14),(3520,1115,1),(3521,1116,14),(3522,1116,1),(3523,1116,6),(3524,1117,14),(3525,1117,8),(3526,1118,14),(3527,1118,1),(3528,1118,17),(3529,1119,14),(3530,1119,1),(3531,1119,17),(3532,1120,14),(3533,1120,1),(3534,1120,17),(3535,1121,13),(3536,1121,14),(3537,1121,1),(3538,1122,13),(3539,1122,14),(3540,1122,1),(3541,1123,13),(3542,1123,14),(3543,1123,1),(3544,1124,5),(3545,1125,5),(3546,1126,5),(3547,1127,2),(3548,1127,8),(3549,1128,2),(3550,1128,8),(3551,1129,2),(3552,1129,8),(3553,1130,9),(3554,1130,6),(3555,1130,11),(3556,1131,10),(3557,1131,1),(3558,1131,11),(3559,1132,21),(3560,1132,20),(3561,1132,19),(3562,1132,12),(3563,1132,6),(3564,1132,22),(3565,1133,0),(3566,1134,14),(3567,1134,13),(3568,1134,8),(3569,1134,6),(3570,1135,13),(3571,1135,8),(3572,1136,6),(3573,1136,15),(3574,1136,8),(3575,1136,14),(3576,1136,13),(3577,1137,0),(3578,1138,0),(3579,1139,21),(3580,1139,20),(3581,1139,22),(3582,1139,14),(3583,1139,13),(3584,1139,6),(3585,1139,5),(3586,1139,8),(3587,1139,19),(3588,1139,11),(3589,1139,1),(3590,1139,10),(3591,1139,9),(3592,1139,15),(3593,1139,12),(3594,1139,3),(3595,1139,2),(3596,1139,7),(3597,1139,4),(3598,1139,17),(3599,1139,18),(3600,1139,23),(3601,1140,2),(3602,1141,4),(3603,1142,1),(3604,1142,2),(3605,1142,3),(3606,1143,0),(3607,1144,4),(3608,1145,4),(3609,1145,5),(3610,1146,9),(3611,1146,10),(3612,1146,11),(3613,1147,1),(3614,1147,9),(3615,1147,10),(3616,1148,1),(3617,1148,2),(3618,1148,10),(3619,1148,11),(3620,1149,1),(3621,1149,9),(3622,1149,10),(3623,1150,1),(3624,1150,9),(3625,1150,10),(3626,1150,12),(3627,1151,9),(3628,1151,10),(3629,1151,11),(3630,1152,2),(3631,1152,3),(3632,1152,6),(3633,1153,1),(3634,1153,2),(3635,1153,11),(3636,1153,12),(3637,1154,1),(3638,1154,2),(3639,1154,13),(3640,1154,14),(3641,1155,5),(3642,1156,1),(3643,1156,13),(3644,1156,14),(3645,1157,1),(3646,1157,14),(3647,1158,1),(3648,1158,14),(3649,1159,1),(3650,1159,14),(3651,1160,1),(3652,1160,14),(3653,1161,1),(3654,1161,14),(3655,1162,2),(3656,1162,14),(3657,1163,1),(3658,1163,13),(3659,1164,1),(3660,1164,13),(3661,1165,1),(3662,1165,13),(3663,1166,1),(3664,1166,2),(3665,1166,14),(3666,1167,1),(3667,1167,2),(3668,1167,14),(3669,1168,1),(3670,1168,2),(3671,1168,14),(3672,1169,4),(3673,1169,6),(3674,1169,9),(3675,1169,10),(3676,1169,11),(3677,1169,12),(3678,1170,1),(3679,1170,2),(3680,1170,4),(3681,1170,6),(3682,1170,9),(3683,1170,10),(3684,1170,11),(3685,1170,12),(3686,1171,1),(3687,1171,2),(3688,1171,3),(3689,1171,6),(3690,1171,13),(3691,1171,14),(3692,1172,1),(3693,1172,2),(3694,1172,3),(3695,1172,6),(3696,1172,13),(3697,1172,14),(3698,1173,1),(3699,1173,2),(3700,1173,3),(3701,1173,4),(3702,1173,5),(3703,1173,6),(3704,1173,9),(3705,1173,10),(3706,1173,11),(3707,1173,12),(3708,1173,13),(3709,1173,14),(3710,1174,1),(3711,1174,2),(3712,1174,3),(3713,1174,4),(3714,1174,5),(3715,1174,6),(3716,1174,9),(3717,1174,10),(3718,1174,11),(3719,1174,12),(3720,1174,13),(3721,1174,14),(3722,1175,13),(3723,1176,13);
/*!40000 ALTER TABLE `edu_plan_competencies` ENABLE KEYS */;
UNLOCK TABLES;

--
-- Table structure for table `edu_plan_form_control`
--

DROP TABLE IF EXISTS `edu_plan_form_control`;
/*!40101 SET @saved_cs_client     = @@character_set_client */;
/*!50503 SET character_set_client = utf8mb4 */;
CREATE TABLE `edu_plan_form_control` (
  `id` int NOT NULL AUTO_INCREMENT,
  `edu_semester_id` int NOT NULL,
  `form_control_id` int NOT NULL,
  PRIMARY KEY (`id`)
) ENGINE=InnoDB AUTO_INCREMENT=1519 DEFAULT CHARSET=cp1251;
/*!40101 SET character_set_client = @saved_cs_client */;

--
-- Dumping data for table `edu_plan_form_control`
--

LOCK TABLES `edu_plan_form_control` WRITE;
/*!40000 ALTER TABLE `edu_plan_form_control` DISABLE KEYS */;
INSERT INTO `edu_plan_form_control` VALUES (1,1,2),(2,2,2),(3,3,2),(4,4,2),(5,5,2),(6,6,2),(7,7,1),(8,8,2),(9,9,1),(10,10,1),(11,11,1),(12,12,1),(13,13,1),(14,14,1),(15,15,1),(16,16,1),(17,17,1),(18,18,1),(19,19,1),(20,20,1),(21,21,2),(22,22,2),(23,23,2),(24,24,2),(25,25,1),(26,26,1),(27,27,2),(28,28,2),(29,29,1),(30,30,2),(31,31,1),(32,32,2),(33,33,2),(34,34,1),(35,35,2),(36,36,1),(37,37,1),(38,38,2),(39,39,1),(40,40,1),(41,41,2),(42,42,1),(43,43,2),(44,44,1),(45,45,1),(46,46,1),(47,47,1),(48,48,1),(49,49,1),(50,50,2),(51,51,1),(52,52,2),(53,53,2),(54,54,2),(55,55,2),(56,56,2),(57,57,2),(58,58,2),(59,59,1),(60,60,2),(61,61,2),(62,62,2),(63,63,2),(64,64,1),(65,65,2),(66,66,2),(67,67,2),(68,68,2),(69,69,1),(70,70,2),(71,71,1),(72,72,2),(73,73,1),(74,74,1),(75,75,1),(76,76,1),(77,77,2),(78,78,2),(79,79,2),(80,80,2),(81,81,2),(82,82,2),(83,83,1),(84,84,1),(85,85,1),(86,86,1),(87,87,1),(88,88,1),(89,89,1),(90,90,1),(91,91,1),(92,92,2),(93,93,2),(94,94,2),(95,95,3),(96,96,3),(97,97,3),(98,98,3),(99,99,0),(100,100,0),(101,101,2),(102,102,2),(103,103,2),(104,104,2),(105,105,2),(106,106,2),(107,107,2),(108,108,2),(109,109,2),(110,110,2),(111,111,2),(112,112,2),(113,113,2),(114,114,1),(115,115,1),(116,116,1),(117,117,1),(118,118,1),(119,119,1),(120,120,1),(121,121,1),(122,122,3),(123,123,1),(124,124,3),(125,125,1),(126,126,3),(127,127,1),(128,128,2),(129,129,1),(130,130,2),(131,131,2),(132,132,1),(133,133,1),(134,134,1),(135,135,2),(136,136,2),(137,137,1),(138,138,1),(139,139,1),(140,140,3),(141,141,1),(142,142,2),(143,143,2),(144,144,2),(145,145,1),(146,146,1),(147,147,2),(148,148,2),(149,149,2),(150,150,3),(151,151,3),(152,152,2),(153,153,2),(154,154,2),(155,155,1),(156,156,2),(157,157,2),(158,158,2),(159,159,2),(160,160,2),(161,161,3),(162,162,1),(163,163,1),(164,164,1),(165,165,2),(166,166,2),(167,167,2),(168,168,2),(169,169,1),(170,170,1),(171,171,1),(172,172,3),(173,173,3),(174,174,3),(175,175,2),(176,176,2),(177,177,2),(178,178,2),(179,179,2),(180,180,2),(181,181,2),(182,182,2),(183,183,2),(184,184,3),(185,185,3),(186,186,3),(187,187,3),(188,188,3),(189,189,0),(190,190,0),(191,191,2),(192,192,2),(193,193,2),(194,194,2),(195,195,2),(196,196,2),(197,197,2),(198,198,2),(199,199,2),(200,200,2),(201,201,2),(202,202,2),(203,203,2),(204,204,1),(205,205,1),(206,206,1),(207,207,1),(208,208,1),(209,209,1),(210,210,1),(211,211,1),(212,212,1),(213,213,1),(214,214,3),(215,215,1),(216,216,3),(217,217,1),(218,218,2),(219,219,1),(220,220,2),(221,221,2),(222,222,2),(223,223,1),(224,224,3),(225,225,2),(226,226,2),(227,227,1),(228,228,1),(229,229,1),(230,230,1),(231,231,1),(232,232,2),(233,233,2),(234,234,2),(235,235,1),(236,236,1),(237,237,2),(238,238,2),(239,239,2),(240,240,3),(241,241,1),(242,242,2),(243,243,2),(244,244,2),(245,245,1),(246,246,3),(247,247,2),(248,248,2),(249,249,2),(250,250,2),(251,251,1),(252,252,1),(253,253,1),(254,254,1),(255,255,2),(256,256,2),(257,257,2),(258,258,2),(259,259,2),(260,260,2),(261,261,2),(262,262,3),(263,263,3),(264,264,3),(265,265,3),(266,266,3),(267,267,3),(268,268,2),(269,269,2),(270,270,2),(271,271,2),(272,272,2),(273,273,2),(274,274,2),(275,275,2),(276,276,2),(277,277,3),(278,278,3),(279,279,3),(280,280,3),(281,281,3),(282,282,0),(283,283,0),(284,284,2),(285,285,2),(286,286,2),(287,287,2),(288,288,2),(289,289,2),(290,290,2),(291,291,2),(292,292,2),(293,293,2),(294,294,2),(295,295,2),(296,296,2),(297,297,1),(298,298,2),(299,299,2),(300,300,2),(301,301,2),(302,302,1),(303,303,1),(304,304,1),(305,305,1),(306,306,1),(307,307,2),(308,308,1),(309,309,2),(310,310,1),(311,311,1),(312,312,1),(313,313,1),(314,314,1),(315,315,1),(316,316,1),(317,317,1),(318,318,1),(319,319,2),(320,320,2),(321,321,1),(322,322,1),(323,323,1),(324,324,2),(325,325,2),(326,326,2),(327,327,2),(328,328,1),(329,329,1),(330,330,1),(331,331,2),(332,332,2),(333,333,1),(334,334,2),(335,335,2),(336,336,2),(337,337,1),(338,338,2),(339,339,2),(340,340,2),(341,341,2),(342,342,1),(343,343,2),(344,344,1),(345,345,1),(346,346,1),(347,347,1),(348,348,2),(349,349,2),(350,350,2),(351,351,1),(352,352,2),(353,353,1),(354,354,2),(355,355,2),(356,356,2),(357,357,2),(358,358,2),(359,359,2),(360,360,2),(361,361,2),(362,362,2),(363,363,2),(364,364,2),(365,365,2),(366,366,2),(367,367,2),(368,368,2),(369,369,2),(370,370,2),(371,371,2),(372,372,2),(373,373,2),(374,374,2),(375,375,2),(376,376,3),(377,377,3),(378,378,3),(379,379,3),(380,380,3),(381,381,0),(382,382,0),(383,383,2),(384,384,2),(385,385,2),(386,386,2),(387,387,2),(388,388,2),(389,389,2),(390,390,2),(391,391,2),(392,392,2),(393,393,2),(394,394,2),(395,395,2),(396,396,2),(397,397,2),(398,398,1),(399,399,1),(400,400,1),(401,401,1),(402,402,1),(403,403,1),(404,404,1),(405,405,1),(406,406,3),(407,407,1),(408,408,3),(409,409,1),(410,410,2),(411,411,2),(412,412,1),(413,413,3),(414,414,1),(415,415,2),(416,416,2),(417,417,2),(418,418,2),(419,419,2),(420,420,1),(421,421,1),(422,422,2),(423,423,2),(424,424,2),(425,425,2),(426,426,3),(427,427,1),(428,428,1),(429,429,1),(430,430,2),(431,431,2),(432,432,2),(433,433,2),(434,434,2),(435,435,1),(436,436,1),(437,437,1),(438,438,2),(439,439,2),(440,440,2),(441,441,1),(442,442,2),(443,443,2),(444,444,2),(445,445,2),(446,446,2),(447,447,2),(448,448,1),(449,449,1),(450,450,1),(451,451,1),(452,452,1),(453,453,1),(454,454,2),(455,455,2),(456,456,2),(457,457,2),(458,458,2),(459,459,2),(460,460,1),(461,461,1),(462,462,1),(463,463,1),(464,464,1),(465,465,1),(466,466,1),(467,467,1),(468,468,1),(469,469,2),(470,470,1),(471,471,2),(472,472,1),(473,473,2),(474,474,1),(475,475,2),(476,476,2),(477,477,2),(478,478,3),(479,479,3),(480,480,3),(481,481,3),(482,482,3),(483,483,0),(484,484,0),(485,485,2),(486,486,2),(487,487,2),(488,488,2),(489,489,2),(490,490,2),(491,491,2),(492,492,2),(493,493,2),(494,494,2),(495,495,1),(496,496,2),(497,497,2),(498,498,1),(499,499,1),(500,500,1),(501,501,1),(502,502,1),(503,503,1),(504,504,1),(505,505,1),(506,506,3),(507,507,1),(508,508,3),(509,509,1),(510,510,2),(511,511,2),(512,512,1),(513,513,3),(514,514,1),(515,515,2),(516,516,2),(517,517,2),(518,518,2),(519,519,2),(520,520,1),(521,521,1),(522,522,2),(523,523,2),(524,524,2),(525,525,2),(526,526,3),(527,527,1),(528,528,3),(529,529,1),(530,530,2),(531,531,2),(532,532,2),(533,533,2),(534,534,2),(535,535,1),(536,536,1),(537,537,1),(538,538,2),(539,539,2),(540,540,2),(541,541,1),(542,542,2),(543,543,2),(544,544,2),(545,545,2),(546,546,2),(547,547,2),(548,548,1),(549,549,1),(550,550,1),(551,551,1),(552,552,1),(553,553,1),(554,554,2),(555,555,2),(556,556,2),(557,557,2),(558,558,2),(559,559,2),(560,560,1),(561,561,1),(562,562,1),(563,563,1),(564,564,1),(565,565,1),(566,566,1),(567,567,1),(568,568,1),(569,569,2),(570,570,1),(571,571,2),(572,572,1),(573,573,2),(574,574,1),(575,575,2),(576,576,2),(577,577,2),(578,578,3),(579,579,3),(580,580,3),(581,581,3),(582,582,3),(583,583,0),(584,584,0),(585,585,2),(586,586,2),(587,587,2),(588,588,2),(589,589,2),(590,590,2),(591,591,2),(592,592,2),(593,593,2),(594,594,2),(595,595,2),(596,596,2),(597,597,2),(598,598,1),(599,599,2),(600,600,2),(601,601,1),(602,602,1),(603,603,1),(604,604,1),(605,605,1),(606,606,2),(607,607,2),(608,608,2),(609,609,1),(610,610,1),(611,611,2),(612,612,2),(613,613,1),(614,614,2),(615,615,2),(616,616,2),(617,617,1),(618,618,2),(619,619,1),(620,620,1),(621,621,1),(622,622,2),(623,623,1),(624,624,2),(625,625,2),(626,626,2),(627,627,1),(628,628,2),(629,629,2),(630,630,2),(631,631,1),(632,632,2),(633,633,2),(634,634,1),(635,635,2),(636,636,2),(637,637,1),(638,638,1),(639,639,2),(640,640,2),(641,641,1),(642,642,1),(643,643,1),(644,644,2),(645,645,1),(646,646,2),(647,647,2),(648,648,2),(649,649,2),(650,650,2),(651,651,2),(652,652,2),(653,653,2),(654,654,2),(655,655,2),(656,656,1),(657,657,2),(658,658,1),(659,659,2),(660,660,1),(661,661,2),(662,662,2),(663,663,2),(664,664,2),(665,665,2),(666,666,2),(667,667,1),(668,668,1),(669,669,1),(670,670,1),(671,671,1),(672,672,1),(673,673,1),(674,674,2),(675,675,1),(676,676,2),(677,677,1),(678,678,2),(679,679,1),(680,680,1),(681,681,1),(682,682,1),(683,683,1),(684,684,1),(685,685,3),(686,686,3),(687,687,3),(688,688,3),(689,689,3),(690,690,0),(691,691,0),(692,692,2),(693,693,2),(694,694,2),(695,695,2),(696,696,2),(697,697,2),(698,698,2),(699,699,2),(700,700,2),(701,701,2),(702,702,2),(703,703,2),(704,704,2),(705,705,2),(706,706,1),(707,707,2),(708,708,2),(709,709,2),(710,710,2),(711,711,2),(712,712,1),(713,713,2),(714,714,1),(715,715,2),(716,716,2),(717,717,2),(718,718,1),(719,719,1),(720,720,1),(721,721,1),(722,722,1),(723,723,1),(724,724,1),(725,725,1),(726,726,1),(727,727,2),(728,728,1),(729,729,2),(730,730,1),(731,731,2),(732,732,1),(733,733,1),(734,734,1),(735,735,2),(736,736,1),(737,737,0),(738,738,1),(739,739,0),(740,740,1),(741,741,1),(742,742,1),(743,743,2),(744,744,1),(745,745,2),(746,746,1),(747,747,2),(748,748,2),(749,749,2),(750,750,3),(751,751,1),(752,752,1),(753,753,1),(754,754,1),(755,755,2),(756,756,2),(757,757,2),(758,758,0),(759,759,2),(760,760,2),(761,761,1),(762,762,2),(763,763,0),(764,764,2),(765,765,2),(766,766,2),(767,767,2),(768,768,2),(769,769,2),(770,770,2),(771,771,2),(772,772,2),(773,773,2),(774,774,2),(775,775,2),(776,776,2),(777,777,2),(778,778,2),(779,779,2),(780,780,2),(781,781,2),(782,782,2),(783,783,2),(784,784,2),(785,785,2),(786,786,2),(787,787,2),(788,788,0),(789,789,0),(790,790,0),(791,791,2),(792,792,2),(793,793,2),(794,794,2),(795,795,2),(796,796,2),(797,797,3),(798,798,3),(799,799,3),(800,800,0),(801,801,3),(802,802,3),(803,803,3),(804,804,0),(805,805,3),(806,806,3),(807,807,3),(808,808,3),(809,809,3),(810,810,0),(811,811,0),(812,812,0),(813,813,2),(814,814,2),(815,815,2),(816,816,2),(817,817,2),(818,818,2),(819,819,2),(820,820,2),(821,821,2),(822,822,2),(823,823,2),(824,824,1),(825,825,2),(826,826,2),(827,827,2),(828,828,2),(829,829,2),(830,830,1),(831,831,2),(832,832,1),(833,833,2),(834,834,2),(835,835,2),(836,836,1),(837,837,1),(838,838,1),(839,839,1),(840,840,1),(841,841,1),(842,842,1),(843,843,1),(844,844,1),(845,845,2),(846,846,1),(847,847,2),(848,848,1),(849,849,2),(850,850,1),(851,851,1),(852,852,1),(853,853,2),(854,854,1),(855,855,0),(856,856,1),(857,857,0),(858,858,1),(859,859,1),(860,860,1),(861,861,2),(862,862,2),(863,863,2),(864,864,2),(865,865,1),(866,866,2),(867,867,1),(868,868,1),(869,869,2),(870,870,1),(871,871,1),(872,872,1),(873,873,1),(874,874,2),(875,875,2),(876,876,1),(877,877,0),(878,878,2),(879,879,2),(880,880,1),(881,881,2),(882,882,0),(883,883,2),(884,884,2),(885,885,2),(886,886,2),(887,887,2),(888,888,2),(889,889,2),(890,890,2),(891,891,2),(892,892,2),(893,893,2),(894,894,2),(895,895,2),(896,896,2),(897,897,2),(898,898,2),(899,899,2),(900,900,2),(901,901,2),(902,902,2),(903,903,2),(904,904,2),(905,905,2),(906,906,2),(907,907,0),(908,908,0),(909,909,0),(910,910,2),(911,911,2),(912,912,2),(913,913,2),(914,914,2),(915,915,2),(916,916,2),(917,917,2),(918,918,2),(919,919,3),(920,920,3),(921,921,3),(922,922,0),(923,923,3),(924,924,3),(925,925,3),(926,926,0),(927,927,3),(928,928,3),(929,929,3),(930,930,3),(931,931,3),(932,932,0),(933,933,0),(934,934,0),(935,935,2),(936,936,2),(937,937,2),(938,938,2),(939,939,2),(940,940,2),(941,941,2),(942,942,2),(943,943,2),(944,944,2),(945,945,2),(946,946,2),(947,947,2),(948,948,1),(949,949,2),(950,950,2),(951,951,2),(952,952,2),(953,953,2),(954,954,1),(955,955,2),(956,956,1),(957,957,2),(958,958,1),(959,959,1),(960,960,1),(961,961,1),(962,962,1),(963,963,1),(964,964,1),(965,965,1),(966,966,1),(967,967,2),(968,968,1),(969,969,1),(970,970,1),(971,971,1),(972,972,1),(973,973,1),(974,974,2),(975,975,1),(976,976,2),(977,977,1),(978,978,0),(979,979,1),(980,980,0),(981,981,1),(982,982,1),(983,983,1),(984,984,1),(985,985,2),(986,986,2),(987,987,2),(988,988,2),(989,989,2),(990,990,2),(991,991,1),(992,992,2),(993,993,1),(994,994,1),(995,995,1),(996,996,2),(997,997,2),(998,998,2),(999,999,1),(1000,1000,2),(1001,1001,2),(1002,1002,2),(1003,1003,0),(1004,1004,0),(1005,1005,2),(1006,1006,2),(1007,1007,2),(1008,1008,2),(1009,1009,2),(1010,1010,2),(1011,1011,2),(1012,1012,2),(1013,1013,2),(1014,1014,2),(1015,1015,2),(1016,1016,2),(1017,1017,2),(1018,1018,2),(1019,1019,2),(1020,1020,2),(1021,1021,1),(1022,1022,1),(1023,1023,1),(1024,1024,2),(1025,1025,2),(1026,1026,2),(1027,1027,2),(1028,1028,2),(1029,1029,2),(1030,1030,2),(1031,1031,0),(1032,1032,2),(1033,1033,0),(1034,1034,2),(1035,1035,0),(1036,1036,1),(1037,1037,1),(1038,1038,1),(1039,1039,1),(1040,1040,1),(1041,1041,1),(1042,1042,2),(1043,1043,2),(1044,1044,2),(1045,1045,0),(1046,1046,0),(1047,1047,0),(1048,1048,2),(1049,1049,2),(1050,1050,2),(1051,1051,2),(1052,1052,2),(1053,1053,2),(1054,1054,3),(1055,1055,3),(1056,1056,0),(1057,1057,3),(1058,1058,3),(1059,1059,3),(1060,1060,3),(1061,1061,3),(1062,1062,0),(1063,1063,3),(1064,1064,3),(1065,1065,3),(1066,1066,0),(1067,1067,0),(1068,1068,0),(1069,1069,2),(1070,1070,2),(1071,1071,2),(1072,1072,2),(1073,1073,1),(1074,1074,1),(1075,1075,2),(1076,1076,1),(1077,1077,1),(1078,1078,2),(1079,1079,2),(1080,1080,1),(1081,1081,1),(1082,1082,1),(1083,1083,2),(1084,1084,2),(1085,1085,2),(1086,1086,1),(1087,1087,2),(1088,1088,1),(1089,1089,1),(1090,1090,2),(1091,1091,2),(1092,1092,2),(1093,1093,2),(1094,1094,2),(1095,1095,2),(1096,1096,2),(1097,1097,2),(1098,1098,2),(1099,1099,2),(1100,1100,1),(1101,1101,1),(1102,1102,1),(1103,1103,2),(1104,1104,2),(1105,1105,2),(1106,1106,3),(1107,1107,3),(1108,1108,3),(1109,1109,0),(1110,1110,0),(1111,1111,2),(1112,1112,2),(1113,1113,1),(1114,1114,1),(1115,1115,1),(1116,1116,1),(1117,1117,2),(1118,1118,2),(1119,1119,2),(1120,1120,1),(1121,1121,2),(1122,1122,2),(1123,1123,2),(1124,1124,1),(1125,1125,2),(1126,1126,1),(1127,1127,1),(1128,1128,2),(1129,1129,2),(1130,1130,2),(1131,1131,2),(1132,1132,2),(1133,1133,2),(1134,1134,1),(1135,1135,1),(1136,1136,1),(1137,1137,1),(1138,1138,1),(1139,1139,1),(1140,1140,2),(1141,1141,2),(1142,1142,3),(1143,1143,3),(1144,1144,3),(1145,1145,3),(1146,1146,0),(1147,1147,0),(1148,1148,2),(1149,1149,2),(1150,1150,2),(1151,1151,1),(1152,1152,3),(1153,1153,2),(1154,1154,2),(1155,1155,2),(1156,1156,2),(1157,1157,2),(1158,1158,2),(1159,1159,2),(1160,1160,1),(1161,1161,1),(1162,1162,1),(1163,1163,1),(1164,1164,1),(1165,1165,1),(1166,1166,1),(1167,1167,2),(1168,1168,1),(1169,1169,2),(1170,1170,2),(1171,1171,2),(1172,1172,2),(1173,1173,2),(1174,1174,1),(1175,1175,1),(1176,1176,2),(1177,1177,2),(1178,1178,2),(1179,1179,2),(1180,1180,1),(1181,1181,1),(1182,1182,2),(1183,1183,2),(1184,1184,1),(1185,1185,1),(1186,1186,1),(1187,1187,1),(1188,1188,2),(1189,1189,2),(1190,1190,1),(1191,1191,2),(1192,1192,2),(1193,1193,1),(1194,1194,2),(1195,1195,2),(1196,1196,2),(1197,1197,3),(1198,1198,3),(1199,1199,2),(1200,1200,2),(1201,1201,2),(1202,1202,2),(1203,1203,2),(1204,1204,2),(1205,1205,1),(1206,1206,2),(1207,1207,2),(1208,1208,2),(1209,1209,2),(1210,1210,2),(1211,1211,1),(1212,1212,2),(1213,1213,2),(1214,1214,2),(1215,1215,1),(1216,1216,1),(1217,1217,1),(1218,1218,1),(1219,1219,1),(1220,1220,1),(1221,1221,1),(1222,1222,1),(1223,1223,1),(1224,1224,2),(1225,1225,2),(1226,1226,2),(1227,1227,0),(1228,1228,0),(1229,1229,3),(1230,1230,0),(1231,1231,3),(1232,1232,0),(1233,1233,0),(1234,1234,2),(1235,1235,2),(1236,1236,2),(1237,1237,2),(1238,1238,2),(1239,1239,1),(1240,1240,3),(1241,1241,2),(1242,1242,2),(1243,1243,2),(1244,1244,2),(1245,1245,2),(1246,1246,2),(1247,1247,2),(1248,1248,1),(1249,1249,1),(1250,1250,1),(1251,1251,1),(1252,1252,1),(1253,1253,1),(1254,1254,2),(1255,1255,1),(1256,1256,2),(1257,1257,2),(1258,1258,2),(1259,1259,2),(1260,1260,2),(1261,1261,1),(1262,1262,2),(1263,1263,1),(1264,1264,2),(1265,1265,2),(1266,1266,1),(1267,1267,2),(1268,1268,1),(1269,1269,2),(1270,1270,2),(1271,1271,1),(1272,1272,1),(1273,1273,2),(1274,1274,2),(1275,1275,2),(1276,1276,2),(1277,1277,3),(1278,1278,3),(1279,1279,1),(1280,1280,2),(1281,1281,2),(1282,1282,1),(1283,1283,2),(1284,1284,2),(1285,1285,2),(1286,1286,2),(1287,1287,1),(1288,1288,2),(1289,1289,1),(1290,1290,1),(1291,1291,2),(1292,1292,2),(1293,1293,1),(1294,1294,2),(1295,1295,2),(1296,1296,2),(1297,1297,2),(1298,1298,2),(1299,1299,2),(1300,1300,2),(1301,1301,2),(1302,1302,2),(1303,1303,2),(1304,1304,2),(1305,1305,2),(1306,1306,2),(1307,1307,1),(1308,1308,1),(1309,1309,1),(1310,1310,2),(1311,1311,2),(1312,1312,2),(1313,1313,1),(1314,1314,1),(1315,1315,1),(1316,1316,2),(1317,1317,1),(1318,1318,2),(1319,1319,1),(1320,1320,2),(1321,1321,1),(1322,1322,2),(1323,1323,2),(1324,1324,2),(1325,1325,0),(1326,1326,3),(1327,1327,0),(1328,1328,0),(1329,1329,3),(1330,1330,0),(1331,1331,0),(1332,1332,2),(1333,1333,2),(1334,1334,2),(1335,1335,2),(1336,1336,1),(1337,1337,3),(1338,1338,3),(1339,1339,3),(1340,1340,3),(1341,1341,1),(1342,1342,3),(1343,1343,3),(1344,1344,3),(1345,1345,3),(1346,1346,1),(1347,1347,3),(1348,1348,1),(1349,1349,2),(1350,1350,3),(1351,1351,1),(1352,1352,2),(1353,1353,3),(1354,1354,3),(1355,1355,1),(1356,1356,3),(1357,1357,3),(1358,1358,3),(1359,1359,3),(1360,1360,1),(1361,1361,1),(1362,1362,3),(1363,1363,3),(1364,1364,3),(1365,1365,3),(1366,1366,2),(1367,1367,2),(1368,1368,3),(1369,1369,3),(1370,1370,2),(1371,1371,3),(1372,1372,3),(1373,1373,2),(1374,1374,3),(1375,1375,3),(1376,1376,3),(1377,1377,3),(1378,1378,3),(1379,1379,3),(1380,1380,3),(1381,1381,3),(1382,1382,3),(1383,1383,3),(1384,1384,3),(1385,1385,3),(1386,1386,3),(1387,1387,3),(1388,1388,1),(1389,1389,2),(1390,1390,2),(1391,1391,2),(1392,1392,2),(1393,1393,2),(1394,1394,3),(1395,1395,2),(1396,1396,2),(1397,1397,0),(1398,1398,1),(1399,1399,1),(1400,1400,2),(1401,1401,2),(1402,1402,1),(1403,1403,1),(1404,1404,2),(1405,1405,2),(1406,1406,2),(1407,1407,2),(1408,1408,2),(1409,1409,2),(1410,1410,3),(1411,1411,2),(1412,1412,0),(1413,1413,2),(1414,1414,2),(1415,1415,2),(1416,1416,2),(1417,1417,3),(1418,1418,2),(1419,1419,2),(1420,1420,2),(1421,1421,2),(1422,1422,0),(1423,1423,2),(1424,1424,2),(1425,1425,3),(1426,1426,3),(1427,1427,3),(1428,1428,2),(1429,1429,3),(1430,1430,2),(1431,1431,3),(1432,1432,2),(1433,1433,3),(1434,1434,0),(1435,1435,2),(1436,1436,2),(1437,1437,2),(1438,1438,2),(1439,1439,2),(1440,1440,2),(1441,1441,3),(1442,1442,2),(1443,1443,2),(1444,1444,2),(1445,1445,3),(1446,1446,3),(1447,1447,3),(1448,1448,2),(1449,1449,3),(1450,1450,2),(1451,1451,3),(1452,1452,2),(1453,1453,2),(1454,1454,2),(1455,1455,0),(1456,1456,0),(1457,1457,0),(1458,1458,3),(1459,1459,3),(1460,1460,3),(1461,1461,3),(1462,1462,3),(1463,1463,3),(1464,1464,0),(1465,1465,0),(1466,1466,0),(1467,1467,0),(1468,1468,0),(1469,1469,0),(1470,1470,1),(1471,1471,0),(1472,1472,0),(1473,1473,0),(1474,1474,0),(1475,1475,0),(1476,1476,0),(1477,1477,0),(1478,1478,3),(1479,1479,3),(1480,1480,3),(1481,1481,2),(1482,1482,2),(1483,1483,2),(1484,1484,1),(1485,1485,1),(1486,1486,2),(1487,1487,1),(1488,1488,1),(1489,1489,2),(1490,1490,1),(1491,1491,1),(1492,1492,2),(1493,1493,2),(1494,1494,1),(1495,1495,2),(1496,1496,1),(1497,1497,2),(1498,1498,2),(1499,1499,2),(1500,1500,1),(1501,1501,1),(1502,1502,1),(1503,1503,1),(1504,1504,1),(1505,1505,1),(1506,1506,2),(1507,1507,2),(1508,1508,2),(1509,1509,2),(1510,1510,2),(1511,1511,3),(1512,1512,3),(1513,1513,3),(1514,1514,3),(1515,1515,0),(1516,1516,0),(1517,1517,2),(1518,1518,2);
/*!40000 ALTER TABLE `edu_plan_form_control` ENABLE KEYS */;
UNLOCK TABLES;

--
-- Table structure for table `edu_semesters`
--

DROP TABLE IF EXISTS `edu_semesters`;
/*!40101 SET @saved_cs_client     = @@character_set_client */;
/*!50503 SET character_set_client = utf8mb4 */;
CREATE TABLE `edu_semesters` (
  `id` int NOT NULL AUTO_INCREMENT,
  `edu_plan_id` int NOT NULL,
  `semester` int NOT NULL,
  `zed` decimal(10,2) NOT NULL,
  `lecture` int NOT NULL,
  `practice` int NOT NULL,
  `laboratory` int NOT NULL,
  `ind_work` int NOT NULL,
  PRIMARY KEY (`id`)
) ENGINE=InnoDB AUTO_INCREMENT=1519 DEFAULT CHARSET=cp1251;
/*!40101 SET character_set_client = @saved_cs_client */;

--
-- Dumping data for table `edu_semesters`
--

LOCK TABLES `edu_semesters` WRITE;
/*!40000 ALTER TABLE `edu_semesters` DISABLE KEYS */;
INSERT INTO `edu_semesters` VALUES (1,1,1,2.00,18,18,0,36),(2,1,2,2.00,16,16,0,40),(3,2,1,2.00,18,18,0,36),(4,3,2,2.00,16,16,0,40),(5,4,1,2.00,18,0,0,54),(6,5,1,2.00,0,36,0,36),(7,5,2,2.00,0,32,0,49),(8,5,3,2.00,0,36,0,36),(9,5,4,2.00,0,32,0,49),(10,6,1,3.00,36,36,0,45),(11,6,2,3.00,32,32,0,44),(12,6,3,3.00,36,36,0,63),(13,6,4,3.00,32,32,0,62),(14,7,1,3.00,36,36,0,45),(15,7,2,3.00,32,32,0,44),(16,7,3,3.00,36,36,0,63),(17,7,4,3.00,32,32,0,62),(18,8,1,3.00,18,36,0,63),(19,9,1,3.00,36,0,36,45),(20,10,2,3.00,32,32,0,44),(21,11,1,3.00,0,0,72,36),(22,11,2,2.00,0,0,32,40),(23,12,2,2.00,32,32,0,8),(24,13,2,2.00,0,0,32,40),(25,14,2,2.00,0,0,32,49),(26,15,3,3.00,32,32,0,53),(27,16,3,2.00,18,18,0,36),(28,17,3,3.00,36,36,0,36),(29,17,4,2.00,32,32,0,8),(30,18,3,3.00,0,0,36,72),(31,19,3,3.00,36,36,0,45),(32,20,4,2.00,16,16,0,40),(33,21,5,3.00,36,36,0,36),(34,22,7,3.00,34,18,0,65),(35,23,6,3.00,0,0,64,44),(36,24,5,2.00,36,36,0,9),(37,24,6,2.00,32,32,0,17),(38,25,5,2.00,0,0,36,36),(39,25,6,2.00,0,0,32,49),(40,26,5,3.00,36,36,0,36),(41,27,5,2.00,18,18,0,36),(42,27,6,1.00,16,16,0,13),(43,28,4,2.00,18,34,0,20),(44,28,5,1.00,18,18,0,9),(45,29,7,3.00,34,0,0,83),(46,30,6,2.00,16,16,0,49),(47,31,4,2.00,32,32,0,17),(48,32,8,3.00,20,20,0,77),(49,33,5,3.00,36,0,36,36),(50,35,7,3.00,34,0,0,74),(51,36,5,3.00,36,36,0,36),(52,37,6,2.00,0,0,32,40),(53,38,5,2.00,36,0,36,0),(54,39,6,2.00,16,16,0,40),(55,40,8,3.00,20,0,20,68),(56,41,4,2.00,16,16,0,40),(57,42,6,1.00,16,16,0,13),(58,43,4,2.00,0,0,32,40),(59,44,7,3.00,34,34,0,49),(60,45,3,2.00,0,0,36,36),(61,45,4,2.00,0,0,32,40),(62,46,6,2.00,16,16,0,40),(63,47,7,2.00,16,16,0,40),(64,48,8,3.00,36,36,0,45),(65,49,1,2.00,0,36,0,36),(66,50,1,2.00,0,36,0,36),(67,51,1,2.00,0,36,0,36),(68,52,7,3.00,0,0,34,83),(69,52,8,3.00,0,0,40,77),(70,53,7,3.00,0,18,34,65),(71,53,8,3.00,0,0,40,77),(72,54,7,3.00,0,0,34,83),(73,54,8,3.00,0,0,40,77),(74,55,6,3.00,32,16,0,69),(75,56,6,3.00,32,16,0,69),(76,57,6,3.00,32,16,0,69),(77,58,5,2.00,16,16,0,40),(78,59,5,2.00,16,16,0,40),(79,60,5,2.00,16,16,0,40),(80,61,1,3.00,36,36,0,45),(81,62,1,3.00,36,36,0,45),(82,63,1,3.00,36,36,0,45),(83,64,7,3.00,34,34,0,49),(84,65,7,3.00,34,34,0,49),(85,66,7,3.00,34,34,0,49),(86,67,7,3.00,34,34,0,49),(87,68,7,3.00,34,34,0,49),(88,69,7,3.00,34,34,0,49),(89,70,8,3.00,20,20,0,77),(90,71,8,3.00,20,20,0,77),(91,72,8,3.00,20,20,0,77),(92,73,5,3.00,0,0,36,72),(93,74,5,3.00,0,0,36,72),(94,75,5,3.00,0,0,36,72),(95,76,2,3.00,0,30,0,78),(96,76,4,3.00,0,30,0,78),(97,77,6,3.00,0,30,0,78),(98,78,8,6.00,0,2,0,214),(99,79,8,0.00,10,0,0,0),(100,80,8,0.00,0,0,0,0),(101,81,7,2.00,0,18,0,54),(102,82,2,1.00,0,36,0,0),(103,83,2,1.00,0,36,0,0),(104,84,1,2.00,36,18,0,18),(105,84,2,2.00,36,18,0,18),(106,85,2,2.00,36,18,0,18),(107,86,1,2.00,36,18,0,18),(108,87,1,2.00,0,36,0,36),(109,87,2,2.00,0,32,0,40),(110,87,3,2.00,0,36,0,36),(111,87,4,2.00,0,32,0,40),(112,88,1,2.00,18,0,0,54),(113,89,1,2.00,36,18,0,18),(114,90,1,3.00,36,0,36,36),(115,91,1,3.00,36,0,36,36),(116,91,2,3.00,32,0,32,44),(117,91,3,3.00,36,0,36,36),(118,92,1,4.00,54,0,54,36),(119,92,2,4.00,48,0,48,48),(120,92,3,3.00,36,0,36,36),(121,92,4,3.00,32,0,32,44),(122,93,1,3.00,36,36,0,36),(123,93,2,3.00,32,32,0,44),(124,94,1,3.00,0,0,72,36),(125,94,2,3.00,0,0,64,44),(126,94,3,2.00,0,0,36,36),(127,94,4,2.00,0,0,32,40),(128,95,2,3.00,32,0,32,44),(129,95,3,3.00,36,0,36,36),(130,96,3,3.00,36,0,36,36),(131,97,3,3.00,36,0,36,36),(132,98,3,3.00,36,36,0,36),(133,98,4,3.00,32,32,0,44),(134,99,4,3.00,32,0,32,44),(135,100,4,3.00,32,0,32,44),(136,101,5,3.00,18,18,0,72),(137,102,5,3.00,54,18,0,36),(138,103,5,3.00,36,0,36,36),(139,104,5,3.00,36,0,36,36),(140,105,5,3.00,36,0,36,36),(141,105,6,3.00,32,0,32,44),(142,106,5,3.00,0,0,72,36),(143,106,6,3.00,0,0,32,76),(144,107,6,3.00,32,0,32,44),(145,108,6,3.00,32,32,0,44),(146,109,7,3.00,36,0,36,36),(147,110,7,3.00,36,36,0,36),(148,112,1,3.00,18,36,0,54),(149,113,2,3.00,16,32,0,60),(150,114,3,3.00,0,0,72,36),(151,114,4,3.00,0,0,64,44),(152,115,4,3.00,0,0,64,44),(153,116,5,3.00,18,0,36,54),(154,117,5,3.00,18,0,36,54),(155,117,6,3.00,16,0,48,44),(156,118,6,3.00,16,0,48,44),(157,119,5,3.00,36,36,0,36),(158,120,7,3.00,36,18,0,54),(159,121,7,3.00,36,18,0,54),(160,122,7,3.00,36,18,0,54),(161,123,7,3.00,18,0,36,54),(162,124,7,3.00,36,36,0,36),(163,125,8,3.00,18,0,36,54),(164,126,8,3.00,36,0,18,54),(165,127,8,3.00,18,18,0,72),(166,128,4,2.00,16,16,0,40),(167,129,4,2.00,16,16,0,40),(168,130,4,2.00,16,16,0,40),(169,131,7,3.00,36,36,0,36),(170,132,7,3.00,36,36,0,36),(171,133,7,3.00,36,36,0,36),(172,134,6,3.00,32,32,0,44),(173,135,6,3.00,32,32,0,44),(174,136,6,3.00,32,32,0,44),(175,137,7,3.00,18,0,36,54),(176,138,7,3.00,18,0,36,54),(177,139,7,3.00,18,0,36,54),(178,140,8,2.00,18,0,18,36),(179,141,8,2.00,18,0,18,36),(180,142,8,2.00,18,0,18,36),(181,143,8,2.00,18,18,0,36),(182,144,8,2.00,18,18,0,36),(183,145,8,2.00,18,18,0,36),(184,146,2,3.00,0,30,0,78),(185,146,4,3.00,0,30,0,78),(186,147,8,6.00,0,60,0,156),(187,148,6,6.00,0,60,0,156),(188,149,8,3.00,0,1,0,107),(189,150,8,0.00,10,0,0,0),(190,151,8,0.00,0,0,0,0),(191,152,3,2.00,0,36,0,36),(192,152,4,2.00,0,32,0,40),(193,153,7,2.00,18,0,18,36),(194,154,1,2.00,36,18,0,18),(195,154,2,2.00,36,18,0,18),(196,155,2,2.00,36,18,0,18),(197,156,1,2.00,36,18,0,18),(198,157,1,2.00,0,36,0,36),(199,157,2,2.00,0,32,0,40),(200,157,3,2.00,0,36,0,36),(201,157,4,2.00,0,32,0,40),(202,158,1,2.00,18,0,0,54),(203,159,1,2.00,36,18,0,18),(204,160,1,3.00,36,0,36,36),(205,161,1,3.00,36,0,36,36),(206,161,2,3.00,32,0,32,44),(207,161,3,3.00,36,0,36,36),(208,162,1,3.00,36,0,36,36),(209,162,2,4.00,48,0,48,48),(210,162,3,3.00,36,0,36,36),(211,162,4,3.00,32,0,32,44),(212,163,1,3.00,36,36,0,36),(213,163,2,3.00,32,32,0,44),(214,164,1,3.00,0,0,72,36),(215,164,2,3.00,0,0,64,44),(216,164,3,2.00,0,0,36,36),(217,164,4,3.00,0,0,32,76),(218,165,2,3.00,32,0,32,44),(219,165,3,3.00,36,0,36,36),(220,166,3,3.00,36,0,36,36),(221,167,3,3.00,36,0,36,36),(222,168,3,3.00,36,36,0,36),(223,168,4,3.00,32,32,0,44),(224,169,4,3.00,32,0,32,44),(225,170,4,3.00,32,0,32,44),(226,171,5,3.00,18,18,0,72),(227,172,5,3.00,54,18,0,36),(228,173,5,3.00,36,0,36,36),(229,174,5,3.00,36,0,36,36),(230,175,5,3.00,36,0,36,36),(231,175,6,3.00,32,0,32,44),(232,176,5,3.00,0,0,72,36),(233,176,6,3.00,0,0,32,76),(234,177,6,3.00,32,0,32,44),(235,178,6,3.00,32,32,0,44),(236,179,7,3.00,36,0,36,36),(237,180,7,3.00,36,36,0,36),(238,182,1,3.00,18,36,0,54),(239,183,2,3.00,16,32,0,60),(240,184,3,3.00,0,0,72,36),(241,184,4,3.00,0,0,64,44),(242,185,4,3.00,0,0,64,44),(243,186,5,3.00,18,0,36,54),(244,187,5,3.00,18,0,36,54),(245,187,6,3.00,16,0,48,44),(246,188,6,3.00,16,0,48,44),(247,189,6,3.00,32,32,0,44),(248,190,7,3.00,36,18,0,54),(249,191,7,3.00,36,18,0,54),(250,192,7,3.00,36,18,0,54),(251,193,7,3.00,18,0,36,54),(252,194,7,3.00,36,36,0,36),(253,195,8,3.00,18,0,36,54),(254,196,8,3.00,36,0,36,36),(255,197,8,3.00,18,36,0,54),(256,198,4,2.00,16,16,0,40),(257,199,4,2.00,16,16,0,40),(258,200,4,2.00,16,16,0,40),(259,201,7,2.00,36,18,0,18),(260,202,7,2.00,36,18,0,18),(261,203,7,2.00,36,18,0,18),(262,204,6,2.00,0,32,0,40),(263,204,7,2.00,0,36,0,36),(264,205,6,2.00,0,32,0,40),(265,205,7,2.00,0,36,0,36),(266,206,6,2.00,0,32,0,40),(267,206,7,2.00,0,36,0,36),(268,207,7,2.00,18,0,36,18),(269,208,7,2.00,18,0,36,18),(270,209,7,2.00,18,0,36,18),(271,210,8,2.00,18,0,18,36),(272,211,8,2.00,18,0,18,36),(273,212,8,2.00,18,0,18,36),(274,213,8,2.00,36,18,0,18),(275,214,8,2.00,36,18,0,18),(276,215,8,2.00,36,18,0,18),(277,216,2,3.00,0,30,0,78),(278,216,4,3.00,0,30,0,78),(279,217,8,6.00,0,60,0,156),(280,218,6,6.00,0,60,0,156),(281,219,8,3.00,0,1,0,107),(282,220,8,0.00,10,0,0,0),(283,221,8,0.00,0,0,0,0),(284,222,1,2.00,0,18,0,54),(285,223,3,1.00,0,36,0,0),(286,224,1,1.00,0,36,0,0),(287,225,3,2.00,0,36,0,36),(288,225,4,2.00,0,32,0,40),(289,226,7,2.00,18,0,18,36),(290,227,1,2.00,18,18,0,36),(291,227,2,2.00,18,18,0,36),(292,228,1,2.00,18,18,0,36),(293,229,2,2.00,18,18,0,36),(294,230,1,2.00,0,36,0,36),(295,230,2,2.00,0,32,0,40),(296,230,3,2.00,0,36,0,36),(297,230,4,2.00,0,32,0,49),(298,231,1,2.00,18,0,0,54),(299,232,1,2.00,18,18,0,36),(300,233,1,2.00,18,18,0,36),(301,234,1,3.00,0,72,0,36),(302,235,1,3.00,36,0,36,36),(303,236,1,4.00,36,0,72,36),(304,236,2,3.00,34,0,64,10),(305,237,1,3.00,36,36,0,36),(306,237,2,3.00,34,32,0,51),(307,238,1,3.00,0,0,72,36),(308,238,2,3.00,0,0,64,53),(309,239,2,2.00,18,16,0,38),(310,240,2,2.00,34,0,32,33),(311,240,3,3.00,36,0,36,45),(312,241,2,3.00,48,0,48,21),(313,241,3,3.00,54,0,54,27),(314,241,4,3.00,34,0,32,42),(315,242,3,3.00,36,36,0,54),(316,242,4,3.00,34,32,0,51),(317,243,3,3.00,34,0,34,58),(318,244,4,3.00,32,0,34,42),(319,245,4,2.00,0,0,32,40),(320,246,4,3.00,32,0,34,42),(321,247,5,2.00,34,0,34,31),(322,247,6,3.00,34,0,32,51),(323,248,5,3.00,18,0,34,56),(324,249,5,2.00,0,0,68,4),(325,249,6,2.00,0,0,32,40),(326,250,5,3.00,34,36,0,38),(327,251,5,2.00,16,0,18,38),(328,251,6,2.00,32,0,32,17),(329,252,6,3.00,32,34,0,51),(330,253,7,3.00,34,0,36,38),(331,254,3,4.00,36,0,36,72),(332,255,4,2.00,16,18,0,38),(333,256,5,3.00,50,18,0,40),(334,257,2,2.00,0,0,32,40),(335,258,3,2.00,0,36,0,36),(336,259,7,2.00,36,0,0,36),(337,260,5,2.00,36,0,34,29),(338,262,6,2.00,18,0,48,6),(339,263,7,2.00,18,16,0,38),(340,264,7,2.00,18,16,0,38),(341,265,8,2.00,18,18,0,36),(342,266,7,3.00,34,0,34,49),(343,267,8,3.00,36,0,18,54),(344,268,7,3.00,18,0,34,56),(345,268,8,3.00,18,0,36,54),(346,269,7,3.00,34,0,36,38),(347,269,8,3.00,0,0,36,72),(348,270,7,2.00,18,0,16,38),(349,271,5,2.00,0,0,34,38),(350,272,3,4.00,0,36,38,70),(351,272,4,3.00,0,32,34,42),(352,273,5,3.00,18,0,34,56),(353,273,6,2.00,16,0,48,17),(354,274,5,2.00,16,0,18,38),(355,275,4,2.00,18,16,0,38),(356,276,4,2.00,18,16,0,38),(357,277,4,2.00,18,16,0,38),(358,278,6,4.00,34,32,0,78),(359,279,6,4.00,34,32,0,78),(360,280,6,4.00,34,32,0,78),(361,281,6,2.00,0,32,0,40),(362,281,7,2.00,0,34,0,38),(363,282,6,2.00,0,32,0,40),(364,282,7,2.00,0,34,0,38),(365,283,6,2.00,0,32,0,40),(366,283,7,2.00,0,34,0,38),(367,284,7,2.00,16,0,34,22),(368,285,7,2.00,16,0,34,22),(369,286,7,2.00,16,0,34,22),(370,287,7,1.00,18,0,16,11),(371,288,7,1.00,18,0,16,11),(372,289,7,1.00,18,0,16,11),(373,290,8,2.00,36,18,0,18),(374,291,8,2.00,36,18,0,18),(375,292,8,2.00,36,18,0,18),(376,293,2,3.00,0,30,0,78),(377,293,4,3.00,0,30,0,78),(378,294,8,6.00,0,60,0,156),(379,295,6,6.00,0,60,0,156),(380,296,8,3.00,0,1,0,107),(381,297,8,0.00,10,0,0,0),(382,298,8,0.00,0,0,0,0),(383,299,1,2.00,0,18,0,54),(384,300,3,1.00,0,36,0,0),(385,301,1,1.00,0,36,0,0),(386,302,3,2.00,0,36,0,36),(387,302,4,2.00,0,36,0,36),(388,303,1,2.00,36,18,0,18),(389,303,2,2.00,36,18,0,18),(390,304,2,2.00,36,18,0,18),(391,305,1,2.00,36,18,0,18),(392,306,1,2.00,0,36,0,36),(393,306,2,2.00,0,32,0,40),(394,306,3,2.00,0,36,0,36),(395,306,4,2.00,0,32,0,40),(396,307,1,2.00,18,0,0,54),(397,308,1,2.00,36,18,0,18),(398,309,1,3.00,36,0,36,36),(399,310,1,3.00,36,36,0,36),(400,310,2,3.00,32,32,0,44),(401,311,1,3.00,36,36,0,36),(402,311,2,3.00,32,32,0,44),(403,311,3,3.00,36,36,0,36),(404,312,1,3.00,36,36,0,36),(405,312,2,3.00,32,32,0,44),(406,313,1,3.00,0,0,72,36),(407,313,2,3.00,0,0,64,44),(408,313,3,3.00,0,0,36,72),(409,313,4,3.00,0,0,32,76),(410,314,2,3.00,16,0,32,60),(411,315,2,3.00,32,0,32,44),(412,315,3,3.00,36,0,36,36),(413,316,3,3.00,36,0,36,36),(414,317,3,3.00,36,0,36,36),(415,318,4,3.00,32,0,32,44),(416,319,4,3.00,0,0,64,44),(417,320,5,3.00,36,36,0,36),(418,321,5,3.00,18,36,0,54),(419,322,5,3.00,18,18,0,72),(420,323,5,3.00,18,0,36,54),(421,324,6,3.00,32,0,32,44),(422,325,7,3.00,36,18,0,54),(423,326,7,3.00,36,36,0,36),(424,328,1,3.00,18,36,0,54),(425,329,3,3.00,36,36,0,36),(426,330,3,3.00,0,0,72,36),(427,330,4,4.00,0,0,64,80),(428,331,4,3.00,32,0,32,44),(429,332,5,3.00,36,0,36,36),(430,333,5,3.00,18,0,36,54),(431,334,5,2.00,0,36,0,36),(432,334,6,2.00,0,32,0,40),(433,335,5,3.00,0,0,72,36),(434,335,6,2.00,0,0,32,40),(435,336,5,3.00,18,0,36,54),(436,336,6,3.00,16,0,48,44),(437,337,6,3.00,32,0,32,44),(438,338,6,3.00,16,0,48,44),(439,339,6,3.00,16,0,64,28),(440,340,6,3.00,32,32,0,44),(441,341,7,3.00,18,36,0,54),(442,342,7,3.00,36,18,0,54),(443,343,8,3.00,28,14,0,66),(444,344,8,3.00,14,28,0,66),(445,345,2,2.00,16,32,0,24),(446,346,2,2.00,16,32,0,24),(447,347,2,2.00,16,32,0,24),(448,348,3,3.00,36,36,0,36),(449,348,4,3.00,32,32,0,44),(450,349,3,3.00,36,36,0,36),(451,349,4,3.00,32,32,0,44),(452,350,3,3.00,36,36,0,36),(453,350,4,3.00,32,32,0,44),(454,351,4,2.00,16,16,0,40),(455,352,4,2.00,16,16,0,40),(456,353,4,2.00,16,16,0,40),(457,354,7,2.00,18,36,0,18),(458,355,7,2.00,18,36,0,18),(459,356,7,2.00,18,36,0,18),(460,357,7,3.00,18,18,0,72),(461,358,7,3.00,18,18,0,72),(462,359,7,3.00,18,18,0,72),(463,360,7,3.00,36,36,0,36),(464,361,7,3.00,36,36,0,36),(465,362,7,3.00,36,36,0,36),(466,363,7,3.00,36,0,36,36),(467,364,7,3.00,36,0,36,36),(468,365,7,3.00,36,0,36,36),(469,366,7,3.00,36,0,36,36),(470,366,8,3.00,0,42,28,38),(471,367,7,3.00,36,0,36,36),(472,367,8,3.00,0,42,28,38),(473,368,7,3.00,36,0,36,36),(474,368,8,3.00,0,42,28,38),(475,369,8,2.00,28,14,0,30),(476,370,8,2.00,28,14,0,30),(477,371,8,2.00,28,14,0,30),(478,372,2,2.00,0,20,0,52),(479,373,4,3.00,0,30,0,78),(480,374,8,3.00,0,1,0,107),(481,375,6,6.00,0,60,0,156),(482,375,8,6.00,0,60,0,156),(483,376,8,0.00,10,0,0,0),(484,377,8,0.00,0,0,0,0),(485,378,3,2.00,0,36,0,36),(486,378,4,2.00,0,32,0,40),(487,379,5,2.00,18,0,18,36),(488,380,1,2.00,36,18,0,18),(489,380,2,2.00,36,18,0,18),(490,381,2,2.00,36,18,0,18),(491,382,1,2.00,36,18,0,18),(492,383,1,2.00,0,36,0,36),(493,383,2,2.00,0,32,0,40),(494,383,3,2.00,0,36,0,36),(495,383,4,3.00,0,32,0,76),(496,384,1,2.00,18,0,0,54),(497,385,1,2.00,36,18,0,18),(498,386,1,3.00,36,36,0,36),(499,387,1,3.00,36,36,0,36),(500,387,2,3.00,32,32,0,44),(501,388,1,3.00,36,36,0,36),(502,388,2,3.00,32,32,0,44),(503,388,3,3.00,36,36,0,36),(504,389,1,3.00,36,36,0,36),(505,389,2,3.00,32,32,0,44),(506,390,1,3.00,0,0,72,36),(507,390,2,3.00,0,0,64,44),(508,390,3,3.00,0,0,36,72),(509,390,4,3.00,0,0,32,76),(510,391,2,3.00,16,0,32,60),(511,392,2,3.00,32,0,32,44),(512,392,3,3.00,36,0,36,36),(513,393,3,3.00,36,0,36,36),(514,394,3,3.00,36,0,36,36),(515,395,4,3.00,32,0,32,44),(516,396,4,3.00,0,0,64,44),(517,397,5,3.00,36,36,0,36),(518,398,5,3.00,18,36,0,54),(519,399,5,3.00,18,18,0,72),(520,400,5,3.00,18,0,36,54),(521,401,6,3.00,32,0,32,44),(522,402,7,3.00,36,18,0,54),(523,403,7,3.00,36,36,0,36),(524,405,1,3.00,18,36,0,54),(525,406,3,3.00,36,36,0,36),(526,407,3,3.00,0,0,72,36),(527,407,4,3.00,0,0,64,44),(528,408,4,3.00,32,0,32,44),(529,409,5,3.00,36,0,36,36),(530,410,5,3.00,18,0,36,54),(531,411,5,2.00,0,36,0,36),(532,411,6,2.00,0,32,0,40),(533,412,5,3.00,0,0,72,36),(534,412,6,2.00,0,0,32,40),(535,413,5,3.00,18,0,36,54),(536,413,6,3.00,16,0,32,60),(537,414,6,3.00,32,0,32,44),(538,415,6,3.00,16,0,64,28),(539,416,6,3.00,16,0,64,28),(540,417,6,3.00,32,32,0,44),(541,418,7,3.00,18,36,0,54),(542,419,7,3.00,36,18,0,54),(543,420,8,3.00,28,14,0,66),(544,421,8,3.00,14,28,0,66),(545,422,2,2.00,16,32,0,24),(546,423,2,2.00,16,32,0,24),(547,424,2,2.00,16,32,0,24),(548,425,3,3.00,36,36,0,36),(549,425,4,3.00,32,32,0,44),(550,426,3,3.00,36,36,0,36),(551,426,4,3.00,32,32,0,44),(552,427,3,3.00,36,36,0,36),(553,427,4,3.00,32,32,0,44),(554,428,4,2.00,32,16,0,24),(555,429,4,2.00,32,16,0,24),(556,430,4,2.00,32,16,0,24),(557,431,7,2.00,18,36,0,18),(558,432,7,2.00,18,36,0,18),(559,433,7,2.00,18,36,0,18),(560,434,7,3.00,18,18,0,72),(561,435,7,3.00,18,18,0,72),(562,436,7,3.00,18,18,0,72),(563,437,7,3.00,36,36,0,36),(564,438,7,3.00,36,36,0,36),(565,439,7,3.00,36,36,0,36),(566,440,7,3.00,36,0,36,36),(567,441,7,3.00,36,0,36,36),(568,442,7,3.00,36,0,36,36),(569,443,7,3.00,36,0,36,36),(570,443,8,3.00,0,42,28,38),(571,444,7,3.00,36,0,36,36),(572,444,8,3.00,0,42,28,38),(573,445,7,3.00,36,0,36,36),(574,445,8,3.00,0,42,28,38),(575,446,8,2.00,28,14,0,30),(576,447,8,2.00,28,14,0,30),(577,448,8,2.00,28,14,0,30),(578,449,2,2.00,0,20,0,52),(579,450,4,3.00,0,30,0,78),(580,451,8,3.00,0,1,0,107),(581,452,6,6.00,0,60,0,156),(582,452,8,6.00,0,60,0,156),(583,453,8,0.00,10,0,0,0),(584,454,8,0.00,0,0,0,0),(585,455,1,2.00,0,18,0,54),(586,456,3,1.00,0,36,0,0),(587,457,1,1.00,0,36,0,0),(588,458,3,2.00,0,36,0,36),(589,458,4,2.00,0,32,0,40),(590,459,5,2.00,18,0,18,36),(591,460,1,3.00,18,18,0,72),(592,460,2,2.00,18,18,0,36),(593,461,1,3.00,18,18,0,72),(594,462,2,2.00,18,18,0,36),(595,463,1,2.00,0,36,0,54),(596,463,2,2.00,0,32,0,58),(597,463,3,2.00,0,36,0,36),(598,463,4,3.00,0,32,0,76),(599,464,1,2.00,18,0,0,54),(600,465,1,2.00,18,18,0,36),(601,466,1,3.00,36,36,0,36),(602,467,1,3.00,36,36,0,54),(603,467,2,3.00,34,32,0,51),(604,468,1,4.00,36,36,0,72),(605,468,2,3.00,34,32,0,42),(606,469,1,3.00,0,0,72,54),(607,469,2,3.00,0,0,64,62),(608,470,2,3.00,18,0,32,58),(609,471,2,2.00,34,32,0,33),(610,471,3,3.00,36,36,0,45),(611,472,3,3.00,36,0,18,63),(612,473,3,3.00,0,0,72,36),(613,474,4,3.00,32,0,66,19),(614,475,4,3.00,32,32,0,44),(615,476,4,2.00,16,32,0,24),(616,477,5,3.00,34,34,0,40),(617,478,5,3.00,18,0,34,56),(618,479,7,2.00,36,0,0,36),(619,480,3,3.00,36,0,36,45),(620,481,2,3.00,34,0,32,42),(621,481,3,3.00,36,0,36,45),(622,482,1,2.00,0,72,0,0),(623,483,6,3.00,16,0,48,44),(624,484,6,2.00,16,16,0,40),(625,485,4,2.00,16,18,0,38),(626,486,1,2.00,18,18,0,36),(627,488,4,3.00,32,0,34,51),(628,489,5,2.00,0,34,0,38),(629,489,6,2.00,0,30,0,42),(630,490,5,2.00,18,0,16,38),(631,491,5,2.00,34,0,34,31),(632,492,5,2.00,0,0,34,38),(633,493,5,3.00,0,0,68,40),(634,493,6,2.00,0,0,60,39),(635,494,6,2.00,30,0,30,12),(636,495,6,2.00,16,0,30,26),(637,495,7,3.00,34,0,36,47),(638,496,6,3.00,16,34,0,58),(639,497,3,2.00,32,34,0,6),(640,498,5,2.00,16,0,18,38),(641,499,7,3.00,16,34,0,67),(642,500,5,3.00,18,0,34,56),(643,500,6,3.00,16,0,48,44),(644,501,3,3.00,36,0,36,36),(645,501,4,3.00,32,0,34,42),(646,502,7,2.00,18,16,0,38),(647,503,8,2.00,18,18,0,36),(648,504,8,2.00,18,16,0,38),(649,505,3,2.00,0,36,0,36),(650,506,3,2.00,0,36,0,36),(651,507,3,2.00,0,36,0,36),(652,508,3,2.00,18,16,0,38),(653,509,3,2.00,18,16,0,38),(654,510,3,2.00,18,16,0,38),(655,511,7,3.00,30,0,32,46),(656,511,8,3.00,28,0,14,66),(657,512,7,3.00,30,0,32,46),(658,512,8,3.00,28,0,14,66),(659,513,7,3.00,30,0,32,46),(660,513,8,3.00,28,0,14,66),(661,514,7,3.00,16,32,0,60),(662,515,7,3.00,16,32,0,60),(663,516,7,3.00,16,32,0,60),(664,517,8,2.00,14,16,0,42),(665,518,8,2.00,14,16,0,42),(666,519,8,2.00,14,16,0,42),(667,520,7,3.00,28,24,0,56),(668,521,7,3.00,28,24,0,56),(669,522,7,3.00,28,24,0,56),(670,523,7,3.00,34,34,0,40),(671,524,7,3.00,34,34,0,40),(672,525,7,3.00,34,34,0,40),(673,526,7,3.00,34,0,34,40),(674,526,8,2.00,14,0,28,30),(675,527,7,3.00,34,0,34,40),(676,527,8,2.00,14,0,28,30),(677,528,7,3.00,34,0,34,40),(678,528,8,2.00,14,0,28,30),(679,529,4,3.00,32,34,0,42),(680,529,5,2.00,34,34,0,31),(681,530,4,3.00,32,34,0,42),(682,530,5,2.00,34,34,0,31),(683,531,4,3.00,32,34,0,42),(684,531,5,2.00,34,34,0,31),(685,532,2,2.00,0,20,0,52),(686,533,4,3.00,0,30,0,78),(687,534,8,3.00,0,1,0,107),(688,535,6,6.00,0,60,0,156),(689,535,8,6.00,0,60,0,156),(690,536,8,0.00,10,0,0,0),(691,537,8,0.00,0,0,0,0),(692,538,1,2.00,0,18,0,54),(693,539,3,1.00,0,36,0,0),(694,540,1,1.00,0,36,0,0),(695,541,3,2.00,0,36,0,36),(696,541,4,2.00,0,36,0,36),(697,542,1,2.00,36,18,0,18),(698,542,2,2.00,36,18,0,18),(699,543,1,2.00,36,18,0,18),(700,544,2,2.00,36,18,0,18),(701,545,5,3.00,18,18,0,72),(702,546,1,2.00,36,18,0,18),(703,547,1,3.00,0,36,0,72),(704,547,2,2.00,0,32,0,40),(705,547,3,2.00,0,36,0,36),(706,547,4,2.00,0,32,0,40),(707,548,8,3.00,26,26,0,56),(708,549,1,2.00,0,0,36,36),(709,549,2,2.00,0,0,32,40),(710,550,1,2.00,18,0,0,54),(711,551,3,3.00,18,36,0,54),(712,551,4,3.00,18,36,0,54),(713,552,3,3.00,18,36,0,54),(714,552,4,3.00,18,36,0,54),(715,553,5,3.00,36,36,0,36),(716,554,1,3.00,0,72,0,36),(717,554,2,2.00,0,32,0,40),(718,555,3,3.00,36,36,0,36),(719,556,1,3.00,36,36,0,36),(720,556,2,3.00,32,32,0,44),(721,557,1,3.00,36,36,0,36),(722,558,1,3.00,36,36,0,36),(723,558,2,3.00,32,32,0,44),(724,558,3,3.00,36,34,0,38),(725,559,1,3.00,36,36,0,36),(726,559,2,2.00,32,32,0,8),(727,560,3,3.00,36,0,34,38),(728,560,4,2.00,32,0,32,8),(729,561,2,3.00,32,32,0,44),(730,561,3,3.00,36,34,0,38),(731,562,5,3.00,32,32,0,44),(732,563,5,3.00,28,28,0,52),(733,564,5,2.00,14,0,28,30),(734,564,6,2.00,18,0,36,18),(735,565,6,3.00,0,36,0,72),(736,566,9,2.00,10,30,0,32),(737,566,10,2.00,16,16,0,40),(738,567,9,2.00,10,30,0,32),(739,567,10,2.00,16,32,0,24),(740,568,7,3.00,28,28,0,52),(741,568,8,2.00,26,26,0,20),(742,569,8,3.00,26,26,0,56),(743,570,5,3.00,28,0,28,52),(744,571,6,2.00,16,32,0,24),(745,572,4,3.00,0,0,72,36),(746,573,7,3.00,28,0,28,52),(747,574,4,3.00,16,16,0,76),(748,575,3,3.00,18,36,0,54),(749,575,4,3.00,18,36,0,54),(750,576,4,3.00,32,32,0,44),(751,577,7,3.00,28,28,0,52),(752,578,9,3.00,10,30,0,68),(753,579,9,3.00,10,30,0,68),(754,581,5,3.00,28,28,0,52),(755,582,2,3.00,32,0,32,44),(756,583,6,3.00,18,0,36,54),(757,584,7,2.00,14,0,28,30),(758,585,10,3.00,0,32,0,76),(759,586,3,3.00,0,36,0,72),(760,587,8,3.00,26,26,0,56),(761,588,8,3.00,26,26,0,56),(762,589,9,2.00,20,20,0,32),(763,589,10,2.00,16,16,0,40),(764,590,2,2.00,18,18,0,36),(765,591,2,2.00,18,18,0,36),(766,592,2,2.00,18,18,0,36),(767,593,4,2.00,16,16,0,40),(768,594,4,2.00,16,16,0,40),(769,595,4,2.00,16,16,0,40),(770,596,5,2.00,14,16,0,42),(771,597,5,2.00,14,16,0,42),(772,598,5,2.00,14,16,0,42),(773,599,8,2.00,26,26,0,20),(774,600,8,2.00,26,26,0,20),(775,601,8,2.00,26,26,0,20),(776,602,8,3.00,26,26,0,56),(777,603,8,3.00,26,26,0,56),(778,604,8,3.00,26,26,0,56),(779,605,9,2.00,20,20,0,32),(780,606,9,2.00,20,20,0,32),(781,607,9,2.00,20,20,0,32),(782,608,7,3.00,14,0,28,66),(783,609,7,3.00,14,0,28,66),(784,610,7,3.00,14,0,28,66),(785,611,7,3.00,14,0,28,66),(786,612,7,3.00,14,0,28,66),(787,613,7,3.00,14,0,28,66),(788,614,10,3.00,14,0,28,66),(789,615,10,3.00,14,0,28,66),(790,616,10,3.00,14,0,28,66),(791,617,6,2.00,18,18,0,36),(792,618,6,2.00,18,18,0,36),(793,619,6,2.00,18,18,0,36),(794,620,7,2.00,14,16,0,42),(795,621,7,2.00,14,16,0,42),(796,622,7,2.00,14,16,0,42),(797,623,5,6.00,0,60,0,156),(798,624,2,3.00,0,30,0,78),(799,624,4,3.00,0,30,0,78),(800,625,10,3.00,0,1,0,107),(801,626,6,6.00,0,60,0,156),(802,627,7,6.00,0,60,0,156),(803,627,8,6.00,0,60,0,156),(804,628,10,3.00,0,1,0,107),(805,629,6,3.00,0,30,0,78),(806,630,8,3.00,0,30,0,78),(807,631,9,6.00,0,60,0,156),(808,632,9,6.00,0,60,0,156),(809,633,6,6.00,0,60,0,156),(810,634,10,0.00,10,0,0,0),(811,635,10,0.00,0,0,0,0),(812,636,10,2.00,0,18,0,54),(813,637,1,2.00,0,36,0,36),(814,637,2,2.00,0,36,0,36),(815,638,1,2.00,36,18,0,18),(816,638,2,2.00,36,18,0,18),(817,639,1,2.00,36,18,0,18),(818,640,2,2.00,36,18,0,18),(819,641,5,3.00,18,18,0,72),(820,642,1,2.00,36,18,0,18),(821,643,1,3.00,0,36,0,72),(822,643,2,2.00,0,32,0,40),(823,643,3,2.00,0,36,0,36),(824,643,4,2.00,0,32,0,40),(825,644,8,3.00,26,26,0,56),(826,645,1,2.00,0,0,36,36),(827,645,2,2.00,0,0,32,40),(828,646,1,2.00,18,0,0,54),(829,647,2,2.00,16,32,0,24),(830,647,3,2.00,18,34,0,20),(831,648,3,2.00,18,34,0,20),(832,648,4,2.00,16,32,0,24),(833,649,7,3.00,26,26,0,56),(834,650,1,3.00,0,72,0,36),(835,650,2,2.00,0,32,0,40),(836,651,3,3.00,34,36,0,38),(837,652,1,3.00,36,36,0,36),(838,652,2,3.00,32,32,0,44),(839,653,1,3.00,36,36,0,36),(840,654,1,3.00,36,36,0,36),(841,654,2,3.00,32,32,0,44),(842,654,3,3.00,36,34,0,38),(843,655,1,3.00,36,36,0,36),(844,655,2,2.00,16,32,0,24),(845,656,3,3.00,36,0,34,38),(846,656,4,2.00,32,0,32,8),(847,657,2,3.00,32,32,0,44),(848,657,3,3.00,36,34,0,38),(849,658,4,3.00,32,32,0,44),(850,659,5,3.00,28,28,0,52),(851,660,5,2.00,14,0,28,30),(852,660,6,2.00,18,0,36,18),(853,661,6,3.00,0,36,0,72),(854,662,9,2.00,10,30,0,32),(855,662,10,2.00,16,16,0,40),(856,663,9,2.00,10,30,0,32),(857,663,10,2.00,16,32,0,24),(858,664,7,3.00,28,28,0,52),(859,664,8,2.00,26,26,0,20),(860,665,8,3.00,26,26,0,56),(861,666,5,3.00,28,0,28,52),(862,667,4,3.00,16,32,0,60),(863,668,3,3.00,0,0,72,36),(864,668,4,3.00,0,0,64,44),(865,669,7,3.00,28,0,28,52),(866,670,4,3.00,16,16,0,76),(867,671,6,3.00,18,36,0,54),(868,672,4,3.00,32,32,0,44),(869,673,5,3.00,28,28,0,52),(870,674,7,3.00,28,28,0,52),(871,675,9,3.00,10,30,0,68),(872,676,9,3.00,10,30,0,68),(873,678,5,3.00,28,28,0,52),(874,679,2,3.00,32,0,32,44),(875,680,6,3.00,18,0,36,54),(876,681,7,2.00,14,0,28,30),(877,682,10,3.00,0,32,0,76),(878,683,3,3.00,0,36,0,72),(879,684,8,3.00,26,26,0,56),(880,685,8,3.00,26,26,0,56),(881,686,9,2.00,20,20,0,32),(882,686,10,2.00,16,16,0,40),(883,687,3,2.00,18,18,0,36),(884,688,3,2.00,18,18,0,36),(885,689,3,2.00,18,18,0,36),(886,690,4,2.00,16,16,0,40),(887,691,4,2.00,16,16,0,40),(888,692,4,2.00,16,16,0,40),(889,693,5,2.00,14,16,0,42),(890,694,5,2.00,14,16,0,42),(891,695,5,2.00,14,16,0,42),(892,696,8,2.00,26,26,0,20),(893,697,8,2.00,26,26,0,20),(894,698,8,2.00,26,26,0,20),(895,699,8,2.00,26,26,0,20),(896,700,8,2.00,26,26,0,20),(897,701,8,2.00,26,26,0,20),(898,702,9,2.00,20,20,0,32),(899,703,9,2.00,20,20,0,32),(900,704,9,2.00,20,20,0,32),(901,705,7,2.00,14,0,28,30),(902,706,7,2.00,14,0,28,30),(903,707,7,2.00,14,0,28,30),(904,708,7,2.00,14,0,28,30),(905,709,7,2.00,14,0,28,30),(906,710,7,2.00,14,0,28,30),(907,711,10,3.00,14,0,28,66),(908,712,10,3.00,14,0,28,66),(909,713,10,3.00,14,0,28,66),(910,714,6,2.00,18,18,0,36),(911,715,6,2.00,18,18,0,36),(912,716,6,2.00,18,18,0,36),(913,717,7,2.00,14,16,0,42),(914,718,7,2.00,14,16,0,42),(915,719,7,2.00,14,16,0,42),(916,720,5,2.00,14,16,0,42),(917,721,5,2.00,14,16,0,42),(918,722,5,2.00,14,16,0,42),(919,723,5,6.00,0,60,0,156),(920,724,2,3.00,0,30,0,78),(921,724,4,3.00,0,30,0,78),(922,725,10,3.00,0,1,0,107),(923,726,6,6.00,0,60,0,156),(924,727,7,6.00,0,60,0,156),(925,727,8,6.00,0,60,0,156),(926,728,10,3.00,0,1,0,107),(927,729,6,3.00,0,30,0,78),(928,730,8,3.00,0,30,0,78),(929,731,9,6.00,0,60,0,156),(930,732,9,6.00,0,60,0,156),(931,733,6,6.00,0,60,0,156),(932,734,10,0.00,10,0,0,0),(933,735,10,0.00,0,0,0,0),(934,736,10,2.00,0,18,0,54),(935,737,2,2.00,0,36,0,36),(936,738,2,2.00,0,36,0,36),(937,739,1,2.00,0,36,0,36),(938,739,2,2.00,0,36,0,36),(939,740,1,2.00,18,18,0,36),(940,740,2,2.00,18,18,0,36),(941,741,2,2.00,18,18,0,36),(942,742,1,2.00,18,18,0,36),(943,743,3,3.00,14,16,0,78),(944,744,4,2.00,14,16,0,42),(945,745,1,2.00,0,36,0,36),(946,745,2,2.00,0,36,0,36),(947,745,3,2.00,0,28,0,44),(948,745,4,1.00,0,30,0,15),(949,746,8,2.00,12,14,0,46),(950,747,1,2.00,18,54,0,18),(951,747,2,1.00,0,36,0,18),(952,748,1,2.00,18,0,0,54),(953,749,1,3.00,18,36,0,54),(954,749,2,2.00,18,36,0,27),(955,750,2,3.00,18,36,0,54),(956,750,3,2.00,14,28,0,39),(957,751,7,2.00,14,16,0,42),(958,752,1,2.00,18,54,0,9),(959,752,2,4.00,18,54,0,81),(960,753,1,3.00,18,0,36,63),(961,754,1,3.00,54,54,0,9),(962,754,2,4.00,56,56,0,41),(963,755,1,3.00,36,36,0,45),(964,756,2,4.00,56,0,56,41),(965,756,3,3.00,42,0,44,31),(966,756,4,3.00,44,0,46,27),(967,757,2,3.00,18,0,38,52),(968,758,3,2.00,14,0,44,41),(969,758,4,2.00,14,0,30,55),(970,759,4,3.00,30,30,0,57),(971,760,5,2.00,28,28,0,43),(972,760,6,2.00,26,26,0,47),(973,761,5,3.00,28,28,0,61),(974,762,5,3.00,14,0,28,66),(975,762,6,3.00,38,0,40,39),(976,763,6,2.00,0,0,26,46),(977,764,9,2.00,20,22,0,39),(978,764,10,2.00,16,34,0,31),(979,765,9,2.00,20,22,0,39),(980,765,10,2.00,16,34,0,31),(981,766,7,3.00,28,28,0,61),(982,766,8,2.00,26,26,0,29),(983,767,7,2.00,14,28,0,39),(984,767,8,2.00,12,26,0,43),(985,768,5,2.00,28,0,28,16),(986,769,1,2.00,18,18,0,36),(987,770,3,2.00,0,56,0,16),(988,770,4,3.00,0,60,0,48),(989,771,7,2.00,14,0,28,30),(990,772,4,2.00,14,16,0,42),(991,773,6,3.00,12,26,0,79),(992,774,8,2.00,12,14,0,46),(993,775,3,3.00,28,28,0,61),(994,776,5,3.00,28,28,0,61),(995,777,7,3.00,28,28,0,61),(996,778,4,2.00,14,16,0,42),(997,780,8,2.00,26,26,0,20),(998,781,9,2.00,18,18,0,36),(999,782,5,3.00,28,28,0,61),(1000,783,5,2.00,0,0,28,44),(1001,784,6,2.00,26,0,26,20),(1002,785,7,2.00,14,0,28,30),(1003,786,10,2.00,0,34,0,38),(1004,787,10,2.00,0,34,0,38),(1005,788,1,2.00,18,18,0,36),(1006,789,6,2.00,0,40,0,32),(1007,790,6,2.00,0,40,0,32),(1008,791,6,2.00,0,40,0,32),(1009,792,3,2.00,14,16,0,42),(1010,793,3,2.00,14,16,0,42),(1011,794,3,2.00,14,16,0,42),(1012,795,4,2.00,14,16,0,42),(1013,796,4,2.00,14,16,0,42),(1014,797,4,2.00,14,16,0,42),(1015,798,5,2.00,14,14,0,44),(1016,799,5,2.00,14,14,0,44),(1017,800,5,2.00,14,14,0,44),(1018,801,8,2.00,26,26,0,20),(1019,802,8,2.00,26,26,0,20),(1020,803,8,2.00,26,26,0,20),(1021,804,8,3.00,26,26,0,65),(1022,805,8,3.00,26,26,0,65),(1023,806,8,3.00,26,26,0,65),(1024,807,9,3.00,20,32,0,65),(1025,808,9,3.00,20,32,0,65),(1026,809,9,3.00,20,32,0,65),(1027,810,9,3.00,20,32,0,65),(1028,811,9,3.00,20,32,0,65),(1029,812,9,3.00,20,32,0,65),(1030,813,9,2.00,20,32,0,38),(1031,813,10,2.00,16,16,0,58),(1032,814,9,2.00,20,32,0,38),(1033,814,10,2.00,16,16,0,58),(1034,815,9,2.00,20,32,0,38),(1035,815,10,2.00,16,16,0,58),(1036,816,7,2.00,14,0,28,39),(1037,816,8,2.00,26,0,26,29),(1038,817,7,2.00,14,0,28,39),(1039,817,8,2.00,26,0,26,29),(1040,818,7,2.00,14,0,28,39),(1041,818,8,2.00,26,0,26,29),(1042,819,7,2.00,14,0,28,30),(1043,820,7,2.00,14,0,28,30),(1044,821,7,2.00,14,0,28,30),(1045,822,10,2.00,8,24,0,40),(1046,823,10,2.00,8,24,0,40),(1047,824,10,2.00,8,24,0,40),(1048,825,6,3.00,26,26,0,56),(1049,826,6,3.00,26,26,0,56),(1050,827,6,3.00,26,26,0,56),(1051,828,7,2.00,14,16,0,42),(1052,829,7,2.00,14,16,0,42),(1053,830,7,2.00,14,16,0,42),(1054,831,4,6.00,0,60,0,156),(1055,832,3,6.00,0,60,0,156),(1056,833,10,3.00,0,1,0,107),(1057,834,5,6.00,0,60,0,156),(1058,835,7,6.00,0,60,0,156),(1059,835,8,6.00,0,60,0,156),(1060,836,6,3.00,0,30,0,78),(1061,836,8,3.00,0,30,0,78),(1062,837,10,3.00,0,1,0,107),(1063,838,9,6.00,0,60,0,156),(1064,839,9,6.00,0,60,0,156),(1065,840,6,6.00,0,60,0,156),(1066,841,10,0.00,10,0,0,0),(1067,842,10,0.00,0,0,0,0),(1068,843,10,2.00,0,18,0,54),(1069,844,2,1.00,0,36,0,0),(1070,845,2,1.00,0,36,0,0),(1071,846,1,2.00,0,36,0,36),(1072,846,2,2.00,0,36,0,36),(1073,847,1,2.00,18,18,0,36),(1074,847,2,2.00,17,17,0,47),(1075,848,1,2.00,18,18,0,36),(1076,848,2,2.00,0,34,0,47),(1077,849,3,2.00,18,36,0,18),(1078,850,1,3.00,0,36,0,72),(1079,850,2,3.00,0,34,0,74),(1080,851,1,1.00,18,18,0,0),(1081,851,2,1.00,17,17,0,11),(1082,852,1,3.00,18,18,0,72),(1083,853,2,3.00,17,17,0,74),(1084,854,1,2.00,0,0,36,36),(1085,854,2,2.00,0,0,17,55),(1086,854,3,3.00,0,0,36,72),(1087,855,3,3.00,18,36,0,54),(1088,856,3,2.00,0,36,0,36),(1089,857,1,3.00,0,36,0,72),(1090,858,3,3.00,18,18,0,72),(1091,859,3,3.00,18,0,0,90),(1092,860,3,3.00,18,0,0,90),(1093,861,3,3.00,18,0,0,90),(1094,862,2,3.00,0,34,0,74),(1095,863,2,3.00,0,34,0,74),(1096,864,2,3.00,0,34,0,74),(1097,865,1,3.00,18,18,0,72),(1098,866,1,3.00,18,18,0,72),(1099,867,1,3.00,18,18,0,72),(1100,868,2,2.00,17,17,0,47),(1101,869,2,2.00,17,17,0,47),(1102,870,2,2.00,17,17,0,47),(1103,871,1,7.00,0,18,0,234),(1104,871,2,8.00,0,17,0,271),(1105,871,3,11.00,0,18,0,378),(1106,872,4,9.00,0,6,0,318),(1107,873,4,6.00,2,2,0,212),(1108,874,4,9.00,0,4,0,320),(1109,875,4,0.00,10,0,0,0),(1110,876,4,0.00,0,0,0,0),(1111,877,3,1.00,18,0,0,18),(1112,878,1,1.00,18,0,0,18),(1113,879,1,4.00,18,18,0,108),(1114,880,1,4.00,18,36,0,90),(1115,880,2,3.00,16,34,0,58),(1116,880,3,2.00,18,18,0,63),(1117,881,1,3.00,18,18,0,72),(1118,882,1,3.00,0,36,0,72),(1119,882,2,3.00,0,34,0,74),(1120,883,1,3.00,18,18,0,72),(1121,884,3,3.00,18,18,0,72),(1122,885,2,3.00,0,34,0,74),(1123,886,3,3.00,18,18,0,72),(1124,887,3,2.00,18,18,0,63),(1125,888,2,3.00,16,18,0,74),(1126,889,1,3.00,18,0,18,72),(1127,889,2,4.00,16,0,18,110),(1128,890,2,3.00,16,18,0,74),(1129,891,2,3.00,16,18,0,74),(1130,892,2,3.00,16,18,0,74),(1131,893,3,2.00,18,18,0,36),(1132,894,3,2.00,18,18,0,36),(1133,895,3,2.00,18,18,0,36),(1134,896,2,3.00,16,18,0,74),(1135,897,2,3.00,16,18,0,74),(1136,898,2,3.00,16,18,0,74),(1137,899,3,2.00,18,18,0,63),(1138,900,3,2.00,18,18,0,63),(1139,901,3,2.00,18,18,0,63),(1140,902,1,6.00,0,18,0,198),(1141,902,2,5.00,0,16,0,164),(1142,902,3,10.00,0,18,0,342),(1143,903,4,9.00,0,3,0,321),(1144,904,4,6.00,2,2,0,212),(1145,905,4,6.00,2,2,0,212),(1146,906,4,0.00,10,0,0,0),(1147,907,4,0.00,0,0,0,0),(1148,908,3,1.00,18,0,0,18),(1149,909,2,1.00,16,0,0,20),(1150,910,1,2.00,36,36,0,18),(1151,910,2,2.00,36,36,0,9),(1152,911,1,2.00,36,18,0,18),(1153,912,2,2.00,18,18,0,36),(1154,913,1,2.00,0,34,0,38),(1155,913,2,2.00,0,34,0,38),(1156,913,3,2.00,0,34,0,38),(1157,913,4,2.00,0,34,0,38),(1158,914,1,2.00,36,18,0,18),(1159,915,1,2.00,18,0,0,54),(1160,916,1,3.00,34,34,0,40),(1161,917,1,2.00,34,34,0,31),(1162,917,2,2.00,34,34,0,22),(1163,918,1,3.00,50,50,0,35),(1164,918,2,3.00,50,50,0,26),(1165,918,3,3.00,34,34,0,40),(1166,918,4,2.00,34,34,0,31),(1167,919,1,3.00,34,34,0,40),(1168,919,2,2.00,16,34,0,22),(1169,920,1,2.00,0,0,68,22),(1170,920,2,2.00,0,0,68,22),(1171,920,3,2.00,0,0,34,38),(1172,920,4,2.00,0,0,34,38),(1173,921,2,3.00,34,34,0,40),(1174,921,3,3.00,16,34,0,58),(1175,922,3,2.00,34,34,0,31),(1176,923,3,3.00,16,0,34,58),(1177,924,3,3.00,34,0,34,40),(1178,925,3,2.00,34,34,0,36),(1179,926,3,3.00,34,34,0,40),(1180,926,4,2.00,34,34,0,31),(1181,927,4,2.00,34,34,0,31),(1182,928,4,3.00,16,0,34,58),(1183,929,5,3.00,18,16,0,74),(1184,930,5,2.00,34,34,0,31),(1185,931,5,2.00,34,0,34,31),(1186,932,5,3.00,34,0,34,40),(1187,932,6,3.00,16,0,34,76),(1188,933,5,3.00,0,0,68,40),(1189,933,6,3.00,0,0,34,74),(1190,934,6,3.00,34,0,34,67),(1191,935,6,3.00,16,0,18,74),(1192,936,7,3.00,18,16,0,74),(1193,937,7,3.00,34,0,16,85),(1194,938,7,3.00,18,16,0,74),(1195,940,2,2.00,0,34,0,38),(1196,941,2,2.00,0,34,0,38),(1197,942,3,2.00,0,0,68,4),(1198,942,4,2.00,0,0,34,38),(1199,943,4,2.00,0,0,34,38),(1200,944,4,2.00,18,18,0,36),(1201,945,5,3.00,16,0,18,74),(1202,946,5,3.00,18,0,16,74),(1203,947,5,3.00,18,16,0,74),(1204,948,5,3.00,16,0,34,58),(1205,948,6,3.00,16,0,34,76),(1206,949,6,3.00,16,0,34,58),(1207,950,7,3.00,0,0,34,74),(1208,951,7,3.00,34,0,0,74),(1209,952,7,3.00,16,18,0,74),(1210,953,8,3.00,18,18,0,72),(1211,954,8,4.00,18,0,36,90),(1212,955,4,2.00,34,0,0,38),(1213,956,4,2.00,34,0,0,38),(1214,957,4,2.00,34,0,0,38),(1215,958,7,3.00,34,16,0,85),(1216,959,7,3.00,34,16,0,85),(1217,960,7,3.00,34,16,0,85),(1218,961,7,4.00,0,0,68,76),(1219,962,7,4.00,0,0,68,76),(1220,963,7,4.00,0,0,68,76),(1221,964,8,3.00,18,0,36,54),(1222,965,8,3.00,18,0,36,54),(1223,966,8,3.00,18,0,36,54),(1224,967,8,3.00,10,8,0,90),(1225,968,8,3.00,10,8,0,90),(1226,969,8,3.00,10,8,0,90),(1227,970,2,3.00,0,34,0,74),(1228,970,4,3.00,0,34,0,74),(1229,971,8,6.00,0,72,0,144),(1230,972,6,6.00,0,68,0,148),(1231,973,8,3.00,0,1,0,107),(1232,974,8,0.00,10,0,0,0),(1233,975,8,0.00,0,0,0,0),(1234,976,3,2.00,0,34,0,38),(1235,976,4,2.00,0,34,0,38),(1236,977,5,2.00,18,0,16,38),(1237,978,4,1.00,14,0,0,22),(1238,979,1,2.00,36,36,0,18),(1239,979,2,2.00,36,36,0,9),(1240,980,1,2.00,36,18,0,18),(1241,981,2,2.00,18,18,0,36),(1242,982,1,2.00,0,34,0,38),(1243,982,2,2.00,0,34,0,38),(1244,982,3,2.00,0,34,0,38),(1245,982,4,2.00,0,34,0,38),(1246,983,1,2.00,18,0,0,54),(1247,984,1,2.00,36,18,0,18),(1248,985,1,3.00,34,34,0,40),(1249,986,1,3.00,34,34,0,49),(1250,986,2,3.00,34,34,0,40),(1251,987,1,3.00,34,34,0,49),(1252,987,2,3.00,34,34,0,40),(1253,987,3,3.00,34,34,0,40),(1254,988,1,3.00,34,34,0,40),(1255,988,2,1.00,16,34,0,13),(1256,989,1,2.00,0,0,68,22),(1257,989,2,2.00,0,0,68,22),(1258,989,3,2.00,0,0,34,38),(1259,989,4,2.00,0,0,34,38),(1260,990,2,3.00,34,34,0,40),(1261,990,3,2.00,16,34,0,49),(1262,991,3,3.00,34,34,0,40),(1263,991,4,2.00,34,34,0,31),(1264,992,3,3.00,34,0,34,40),(1265,993,3,2.00,34,34,0,36),(1266,994,3,3.00,34,0,34,40),(1267,995,4,3.00,34,0,34,40),(1268,996,4,2.00,34,0,34,31),(1269,997,5,3.00,18,16,0,74),(1270,998,6,3.00,16,0,34,58),(1271,999,6,2.00,16,0,34,49),(1272,1000,7,4.00,34,0,34,76),(1273,1001,7,3.00,18,16,0,74),(1274,1002,7,3.00,18,16,0,74),(1275,1004,2,2.00,0,34,0,38),(1276,1005,2,2.00,0,0,34,38),(1277,1006,3,2.00,0,0,68,4),(1278,1006,4,2.00,0,0,34,38),(1279,1007,4,2.00,34,34,0,31),(1280,1008,4,2.00,0,0,34,38),(1281,1009,4,2.00,18,18,0,36),(1282,1010,5,3.00,34,0,34,67),(1283,1011,5,3.00,16,0,18,74),(1284,1012,5,3.00,18,16,0,74),(1285,1013,5,2.00,0,34,0,38),(1286,1013,6,2.00,0,34,0,38),(1287,1014,5,3.00,0,0,68,40),(1288,1014,6,3.00,0,0,34,74),(1289,1015,5,2.00,16,0,34,49),(1290,1015,6,2.00,16,0,34,49),(1291,1016,5,3.00,16,0,34,58),(1292,1017,7,3.00,0,0,34,74),(1293,1018,7,2.00,18,0,16,65),(1294,1019,7,3.00,34,0,0,74),(1295,1020,7,3.00,18,16,0,74),(1296,1021,8,3.00,18,18,0,72),(1297,1022,8,3.00,18,18,0,72),(1298,1023,4,2.00,34,0,0,38),(1299,1024,4,2.00,34,0,0,38),(1300,1025,4,2.00,34,0,0,38),(1301,1026,3,3.00,34,34,0,40),(1302,1027,3,3.00,34,34,0,40),(1303,1028,3,3.00,34,34,0,40),(1304,1029,5,3.00,18,16,0,74),(1305,1030,5,3.00,18,16,0,74),(1306,1031,5,3.00,18,16,0,74),(1307,1032,7,2.00,18,16,0,65),(1308,1033,7,2.00,18,16,0,65),(1309,1034,7,2.00,18,16,0,65),(1310,1035,6,3.00,16,0,34,58),(1311,1036,6,3.00,16,0,34,58),(1312,1037,6,3.00,16,0,34,58),(1313,1038,6,3.00,34,0,34,67),(1314,1039,6,3.00,34,0,34,67),(1315,1040,6,3.00,34,0,34,67),(1316,1041,7,2.00,16,0,34,22),(1317,1041,8,2.00,18,0,18,54),(1318,1042,7,2.00,16,0,34,22),(1319,1042,8,2.00,18,0,18,54),(1320,1043,7,2.00,16,0,34,22),(1321,1043,8,2.00,18,0,18,54),(1322,1044,8,2.00,10,8,0,54),(1323,1045,8,2.00,10,8,0,54),(1324,1046,8,2.00,10,8,0,54),(1325,1047,2,3.00,0,34,0,74),(1326,1048,8,6.00,0,1,0,215),(1327,1049,4,3.00,0,34,0,74),(1328,1050,6,6.00,0,68,0,148),(1329,1050,8,3.00,0,36,0,72),(1330,1051,8,0.00,10,0,0,0),(1331,1052,8,0.00,0,0,0,0),(1332,1053,3,2.00,0,34,0,38),(1333,1053,4,2.00,0,34,0,38),(1334,1054,5,2.00,18,0,18,36),(1335,1055,4,1.00,14,0,0,22),(1336,1056,1,4.00,72,54,0,36),(1337,1056,2,4.00,54,54,0,54),(1338,1056,4,3.00,18,18,0,72),(1339,1056,8,2.00,18,0,0,54),(1340,1056,9,2.00,0,18,0,54),(1341,1057,1,2.00,36,36,0,18),(1342,1057,2,2.00,36,36,0,18),(1343,1058,4,3.00,18,18,0,72),(1344,1059,9,2.00,0,18,0,54),(1345,1060,8,2.00,18,0,0,54),(1346,1061,1,2.00,36,18,0,18),(1347,1062,2,2.00,18,18,0,36),(1348,1063,1,3.00,0,34,0,74),(1349,1063,2,5.00,0,68,0,112),(1350,1063,4,3.00,16,16,0,76),(1351,1064,1,3.00,0,34,0,74),(1352,1064,2,2.00,0,34,0,38),(1353,1065,4,3.00,16,16,0,76),(1354,1066,2,3.00,0,34,0,74),(1355,1067,1,6.00,36,36,0,144),(1356,1067,3,7.00,70,88,0,126),(1357,1067,5,3.00,18,36,0,54),(1358,1068,3,2.00,18,18,0,36),(1359,1069,5,2.00,18,18,0,36),(1360,1070,1,2.00,18,0,0,54),(1361,1071,1,2.00,18,0,0,54),(1362,1073,3,2.00,34,34,0,36),(1363,1074,3,2.00,18,18,0,36),(1364,1075,4,2.00,16,16,0,40),(1365,1075,5,4.00,36,36,0,72),(1366,1075,6,4.00,36,36,0,72),(1367,1075,7,5.00,36,54,0,99),(1368,1076,4,2.00,16,16,0,40),(1369,1076,5,2.00,18,18,0,36),(1370,1076,6,2.00,18,18,0,36),(1371,1077,5,2.00,18,18,0,36),(1372,1077,6,2.00,18,18,0,36),(1373,1077,7,3.00,18,18,0,81),(1374,1078,7,2.00,18,36,0,18),(1375,1079,4,2.00,18,18,0,36),(1376,1079,5,4.00,36,18,0,90),(1377,1079,6,3.00,18,18,0,72),(1378,1080,5,2.00,18,0,0,54),(1379,1081,5,2.00,18,18,0,36),(1380,1082,6,3.00,18,18,0,72),(1381,1083,4,2.00,18,18,0,36),(1382,1084,3,2.00,18,36,0,18),(1383,1084,5,2.00,18,36,0,18),(1384,1084,6,3.00,0,0,36,72),(1385,1085,3,2.00,18,36,0,18),(1386,1086,5,2.00,18,36,0,18),(1387,1087,6,3.00,0,0,36,72),(1388,1088,1,15.00,102,170,0,268),(1389,1088,2,6.00,68,68,0,80),(1390,1088,3,5.00,68,68,0,66),(1391,1088,4,2.00,34,34,0,22),(1392,1088,5,5.00,68,68,0,62),(1393,1088,6,3.00,34,34,0,40),(1394,1088,7,4.00,34,34,0,76),(1395,1088,8,2.00,18,18,0,36),(1396,1088,9,2.00,0,36,0,63),(1397,1088,10,2.00,18,18,0,63),(1398,1089,1,4.00,0,68,0,76),(1399,1090,1,3.00,34,34,0,49),(1400,1090,2,3.00,34,34,0,49),(1401,1090,3,2.00,34,34,0,35),(1402,1091,1,4.00,34,34,0,76),(1403,1092,1,3.00,34,34,0,67),(1404,1092,2,2.00,34,34,0,31),(1405,1092,3,2.00,34,34,0,31),(1406,1092,4,2.00,34,34,0,22),(1407,1093,5,2.00,34,34,0,31),(1408,1093,6,3.00,34,34,0,40),(1409,1094,5,2.00,34,34,0,31),(1410,1095,7,4.00,34,34,0,76),(1411,1095,8,2.00,18,18,0,36),(1412,1096,10,2.00,18,18,0,63),(1413,1097,9,2.00,0,36,0,63),(1414,1098,2,5.00,34,34,68,44),(1415,1098,3,6.00,16,34,68,98),(1416,1098,4,5.00,34,34,68,71),(1417,1098,5,3.00,0,34,0,74),(1418,1098,6,2.00,0,34,0,38),(1419,1098,7,10.00,102,34,68,165),(1420,1098,8,3.00,18,0,18,72),(1421,1098,9,1.00,0,36,0,27),(1422,1098,10,3.00,18,18,0,72),(1423,1099,2,2.00,34,34,0,4),(1424,1099,3,3.00,16,34,0,58),(1425,1100,4,3.00,34,34,0,40),(1426,1101,2,3.00,0,0,68,40),(1427,1101,3,3.00,0,0,68,40),(1428,1101,4,2.00,0,0,68,31),(1429,1102,5,3.00,0,34,0,74),(1430,1102,6,2.00,0,34,0,38),(1431,1103,7,3.00,34,0,34,40),(1432,1103,8,3.00,18,0,18,72),(1433,1104,7,4.00,34,0,34,76),(1434,1105,10,3.00,18,18,0,72),(1435,1106,7,3.00,34,34,0,49),(1436,1107,9,1.00,0,36,0,27),(1437,1108,7,4.00,34,0,34,85),(1438,1109,4,2.00,34,34,0,4),(1439,1109,5,3.00,34,34,0,40),(1440,1109,6,3.00,34,34,0,40),(1441,1109,8,2.00,18,18,0,36),(1442,1110,5,3.00,34,34,0,40),(1443,1111,5,3.00,34,34,0,40),(1444,1112,4,2.00,34,34,0,4),(1445,1113,8,2.00,18,18,0,36),(1446,1114,3,3.00,34,0,34,40),(1447,1114,4,3.00,18,0,34,56),(1448,1114,7,3.00,34,0,34,49),(1449,1115,3,3.00,34,0,34,40),(1450,1116,7,3.00,34,0,34,49),(1451,1117,4,3.00,18,0,34,56),(1452,1118,9,2.00,18,18,0,36),(1453,1119,9,2.00,18,18,0,36),(1454,1120,9,2.00,18,18,0,36),(1455,1121,10,3.00,0,0,18,90),(1456,1122,10,3.00,0,0,18,90),(1457,1123,10,3.00,0,0,18,90),(1458,1124,9,3.00,18,18,0,72),(1459,1125,9,3.00,18,18,0,72),(1460,1126,9,3.00,18,18,0,72),(1461,1127,6,2.00,34,0,0,38),(1462,1128,6,2.00,34,0,0,38),(1463,1129,6,2.00,34,0,0,38),(1464,1130,3,3.00,0,34,0,74),(1465,1131,9,3.00,0,36,0,72),(1466,1131,10,4.00,0,36,0,108),(1467,1132,8,12.00,0,4,0,428),(1468,1132,9,12.00,0,4,0,428),(1469,1133,6,3.00,0,4,0,104),(1470,1134,2,5.00,0,34,0,146),(1471,1135,4,3.00,0,4,0,104),(1472,1135,5,3.00,0,4,0,104),(1473,1136,10,6.00,0,4,0,212),(1474,1137,6,3.00,0,34,0,74),(1475,1138,8,6.00,0,4,0,212),(1476,1139,10,0.00,0,0,0,0),(1477,1140,10,2.00,0,18,0,54),(1478,1141,5,2.00,0,34,0,38),(1479,1142,5,2.00,0,34,0,38),(1480,1142,6,2.00,0,34,0,38),(1481,1144,1,2.00,0,16,0,56),(1482,1144,2,2.00,0,16,0,56),(1483,1145,1,3.00,0,34,0,74),(1484,1146,1,2.00,18,16,0,65),(1485,1147,1,3.00,18,16,0,74),(1486,1148,1,4.00,34,34,0,76),(1487,1148,2,3.00,34,34,0,67),(1488,1149,1,2.00,18,16,0,65),(1489,1150,2,3.00,16,18,0,74),(1490,1151,2,2.00,18,16,0,65),(1491,1151,3,2.00,18,16,0,65),(1492,1152,3,3.00,18,16,0,74),(1493,1153,3,3.00,16,18,0,74),(1494,1154,2,3.00,0,0,34,74),(1495,1155,2,3.00,18,16,0,74),(1496,1156,3,3.00,34,34,0,40),(1497,1157,1,3.00,18,16,0,74),(1498,1158,1,3.00,18,16,0,74),(1499,1159,1,3.00,18,16,0,74),(1500,1160,3,2.00,16,18,0,65),(1501,1161,3,2.00,16,18,0,65),(1502,1162,3,2.00,16,18,0,65),(1503,1163,2,3.00,16,18,0,74),(1504,1164,2,3.00,16,18,0,74),(1505,1165,2,3.00,16,18,0,74),(1506,1166,3,2.00,16,18,0,38),(1507,1167,3,2.00,16,18,0,38),(1508,1168,3,2.00,16,18,0,38),(1509,1169,1,6.00,0,16,0,200),(1510,1169,2,5.00,0,16,0,164),(1511,1169,3,10.00,0,16,0,344),(1512,1170,4,9.00,0,3,0,321),(1513,1171,4,6.00,2,2,0,212),(1514,1172,4,6.00,2,2,0,212),(1515,1173,4,0.00,10,0,0,0),(1516,1174,4,0.00,0,0,0,0),(1517,1175,3,1.00,16,0,0,20),(1518,1176,2,1.00,16,0,0,20);
/*!40000 ALTER TABLE `edu_semesters` ENABLE KEYS */;
UNLOCK TABLES;

--
-- Table structure for table `empl_contracts`
--

DROP TABLE IF EXISTS `empl_contracts`;
/*!40101 SET @saved_cs_client     = @@character_set_client */;
/*!50503 SET character_set_client = utf8mb4 */;
CREATE TABLE `empl_contracts` (
  `id` int NOT NULL AUTO_INCREMENT,
  `employee_id` int NOT NULL,
  `date_from` date NOT NULL,
  `date_to` date NOT NULL,
  `number` int NOT NULL,
  `position_id` int NOT NULL,
  `competition` tinyint(1) NOT NULL COMMENT '1-election by competition',
  PRIMARY KEY (`id`)
) ENGINE=InnoDB DEFAULT CHARSET=cp1251;
/*!40101 SET character_set_client = @saved_cs_client */;

--
-- Dumping data for table `empl_contracts`
--

LOCK TABLES `empl_contracts` WRITE;
/*!40000 ALTER TABLE `empl_contracts` DISABLE KEYS */;
/*!40000 ALTER TABLE `empl_contracts` ENABLE KEYS */;
UNLOCK TABLES;

--
-- Table structure for table `empl_degrees`
--

DROP TABLE IF EXISTS `empl_degrees`;
/*!40101 SET @saved_cs_client     = @@character_set_client */;
/*!50503 SET character_set_client = utf8mb4 */;
CREATE TABLE `empl_degrees` (
  `id` int NOT NULL AUTO_INCREMENT,
  `employee_id` int NOT NULL,
  `spec_id` int NOT NULL,
  `degree_id` int NOT NULL,
  `date` date NOT NULL,
  PRIMARY KEY (`id`)
) ENGINE=InnoDB DEFAULT CHARSET=cp1251;
/*!40101 SET character_set_client = @saved_cs_client */;

--
-- Dumping data for table `empl_degrees`
--

LOCK TABLES `empl_degrees` WRITE;
/*!40000 ALTER TABLE `empl_degrees` DISABLE KEYS */;
/*!40000 ALTER TABLE `empl_degrees` ENABLE KEYS */;
UNLOCK TABLES;

--
-- Table structure for table `empl_education`
--

DROP TABLE IF EXISTS `empl_education`;
/*!40101 SET @saved_cs_client     = @@character_set_client */;
/*!50503 SET character_set_client = utf8mb4 */;
CREATE TABLE `empl_education` (
  `id` int NOT NULL AUTO_INCREMENT,
  `employee_id` int NOT NULL,
  `edu_level_id` int NOT NULL,
  `speciality` varchar(255) NOT NULL,
  `qualification` varchar(255) NOT NULL,
  `date` date NOT NULL,
  `serial` varchar(20) NOT NULL,
  PRIMARY KEY (`id`)
) ENGINE=InnoDB DEFAULT CHARSET=cp1251;
/*!40101 SET character_set_client = @saved_cs_client */;

--
-- Dumping data for table `empl_education`
--

LOCK TABLES `empl_education` WRITE;
/*!40000 ALTER TABLE `empl_education` DISABLE KEYS */;
/*!40000 ALTER TABLE `empl_education` ENABLE KEYS */;
UNLOCK TABLES;

--
-- Table structure for table `empl_loads`
--

DROP TABLE IF EXISTS `empl_loads`;
/*!40101 SET @saved_cs_client     = @@character_set_client */;
/*!50503 SET character_set_client = utf8mb4 */;
CREATE TABLE `empl_loads` (
  `id` int NOT NULL AUTO_INCREMENT,
  `load_id` int NOT NULL,
  `semester` int NOT NULL,
  `employee_id` int NOT NULL,
  `hourly_fund` tinyint(1) NOT NULL DEFAULT '0',
  `edu_semester_id` int NOT NULL,
  `subject` varchar(255) NOT NULL,
  `group_id` int NOT NULL,
  `subject_form_id` int NOT NULL,
  `hours_other` decimal(10,2) NOT NULL,
  `hours_contact` decimal(10,2) NOT NULL,
  PRIMARY KEY (`id`)
) ENGINE=InnoDB DEFAULT CHARSET=cp1251;
/*!40101 SET character_set_client = @saved_cs_client */;

--
-- Dumping data for table `empl_loads`
--

LOCK TABLES `empl_loads` WRITE;
/*!40000 ALTER TABLE `empl_loads` DISABLE KEYS */;
/*!40000 ALTER TABLE `empl_loads` ENABLE KEYS */;
UNLOCK TABLES;

--
-- Table structure for table `empl_prof_education`
--

DROP TABLE IF EXISTS `empl_prof_education`;
/*!40101 SET @saved_cs_client     = @@character_set_client */;
/*!50503 SET character_set_client = utf8mb4 */;
CREATE TABLE `empl_prof_education` (
  `id` int NOT NULL AUTO_INCREMENT,
  `employee_id` int NOT NULL,
  `number` varchar(30) NOT NULL,
  `date` date NOT NULL,
  `doc_type_id` int NOT NULL,
  `title` varchar(200) NOT NULL,
  `n_hours` int NOT NULL,
  `organization` varchar(255) NOT NULL,
  PRIMARY KEY (`id`)
) ENGINE=InnoDB DEFAULT CHARSET=cp1251;
/*!40101 SET character_set_client = @saved_cs_client */;

--
-- Dumping data for table `empl_prof_education`
--

LOCK TABLES `empl_prof_education` WRITE;
/*!40000 ALTER TABLE `empl_prof_education` DISABLE KEYS */;
/*!40000 ALTER TABLE `empl_prof_education` ENABLE KEYS */;
UNLOCK TABLES;

--
-- Table structure for table `empl_publications`
--

DROP TABLE IF EXISTS `empl_publications`;
/*!40101 SET @saved_cs_client     = @@character_set_client */;
/*!50503 SET character_set_client = utf8mb4 */;
CREATE TABLE `empl_publications` (
  `id` int NOT NULL AUTO_INCREMENT,
  `empl_id` int NOT NULL,
  `publ_id` int NOT NULL,
  PRIMARY KEY (`id`)
) ENGINE=InnoDB DEFAULT CHARSET=cp1251;
/*!40101 SET character_set_client = @saved_cs_client */;

--
-- Dumping data for table `empl_publications`
--

LOCK TABLES `empl_publications` WRITE;
/*!40000 ALTER TABLE `empl_publications` DISABLE KEYS */;
/*!40000 ALTER TABLE `empl_publications` ENABLE KEYS */;
UNLOCK TABLES;

--
-- Table structure for table `empl_titles`
--

DROP TABLE IF EXISTS `empl_titles`;
/*!40101 SET @saved_cs_client     = @@character_set_client */;
/*!50503 SET character_set_client = utf8mb4 */;
CREATE TABLE `empl_titles` (
  `id` int NOT NULL AUTO_INCREMENT,
  `employee_id` int NOT NULL,
  `title_id` int NOT NULL,
  `date` date NOT NULL,
  PRIMARY KEY (`id`)
) ENGINE=InnoDB DEFAULT CHARSET=cp1251;
/*!40101 SET character_set_client = @saved_cs_client */;

--
-- Dumping data for table `empl_titles`
--

LOCK TABLES `empl_titles` WRITE;
/*!40000 ALTER TABLE `empl_titles` DISABLE KEYS */;
/*!40000 ALTER TABLE `empl_titles` ENABLE KEYS */;
UNLOCK TABLES;

--
-- Table structure for table `employees`
--

DROP TABLE IF EXISTS `employees`;
/*!40101 SET @saved_cs_client     = @@character_set_client */;
/*!50503 SET character_set_client = utf8mb4 */;
CREATE TABLE `employees` (
  `id` int NOT NULL AUTO_INCREMENT,
  `surname` varchar(30) NOT NULL,
  `name` varchar(30) NOT NULL,
  `patronimyc` varchar(100) NOT NULL,
  PRIMARY KEY (`id`)
) ENGINE=InnoDB AUTO_INCREMENT=4 DEFAULT CHARSET=cp1251;
/*!40101 SET character_set_client = @saved_cs_client */;

--
-- Dumping data for table `employees`
--

LOCK TABLES `employees` WRITE;
/*!40000 ALTER TABLE `employees` DISABLE KEYS */;
INSERT INTO `employees` VALUES (1,'Кулаев','Руслан','Черменович'),(2,'Басаева','Елена','Казбековна'),(3,'Джусоева','Нонна','Анатольевна');
/*!40000 ALTER TABLE `employees` ENABLE KEYS */;
UNLOCK TABLES;

--
-- Table structure for table `external_practices`
--

DROP TABLE IF EXISTS `external_practices`;
/*!40101 SET @saved_cs_client     = @@character_set_client */;
/*!50503 SET character_set_client = utf8mb4 */;
CREATE TABLE `external_practices` (
  `id` int NOT NULL AUTO_INCREMENT,
  `empl_id` int NOT NULL,
  `date_from` date NOT NULL,
  `date_to` date NOT NULL,
  `organization` varchar(255) NOT NULL,
  `position` varchar(255) NOT NULL,
  `education` tinyint(1) NOT NULL,
  PRIMARY KEY (`id`)
) ENGINE=InnoDB DEFAULT CHARSET=cp1251;
/*!40101 SET character_set_client = @saved_cs_client */;

--
-- Dumping data for table `external_practices`
--

LOCK TABLES `external_practices` WRITE;
/*!40000 ALTER TABLE `external_practices` DISABLE KEYS */;
/*!40000 ALTER TABLE `external_practices` ENABLE KEYS */;
UNLOCK TABLES;

--
-- Table structure for table `faculties`
--

DROP TABLE IF EXISTS `faculties`;
/*!40101 SET @saved_cs_client     = @@character_set_client */;
/*!50503 SET character_set_client = utf8mb4 */;
CREATE TABLE `faculties` (
  `id` int NOT NULL AUTO_INCREMENT,
  `title` varchar(255) NOT NULL,
  `dean_id` int NOT NULL,
  PRIMARY KEY (`id`)
) ENGINE=InnoDB AUTO_INCREMENT=2 DEFAULT CHARSET=cp1251;
/*!40101 SET character_set_client = @saved_cs_client */;

--
-- Dumping data for table `faculties`
--

LOCK TABLES `faculties` WRITE;
/*!40000 ALTER TABLE `faculties` DISABLE KEYS */;
INSERT INTO `faculties` VALUES (1,'факультет математики и компьютерных наук',1);
/*!40000 ALTER TABLE `faculties` ENABLE KEYS */;
UNLOCK TABLES;

--
-- Table structure for table `form_control`
--

DROP TABLE IF EXISTS `form_control`;
/*!40101 SET @saved_cs_client     = @@character_set_client */;
/*!50503 SET character_set_client = utf8mb4 */;
CREATE TABLE `form_control` (
  `id` int NOT NULL AUTO_INCREMENT,
  `title` varchar(50) NOT NULL,
  PRIMARY KEY (`id`)
) ENGINE=InnoDB AUTO_INCREMENT=5 DEFAULT CHARSET=cp1251;
/*!40101 SET character_set_client = @saved_cs_client */;

--
-- Dumping data for table `form_control`
--

LOCK TABLES `form_control` WRITE;
/*!40000 ALTER TABLE `form_control` DISABLE KEYS */;
INSERT INTO `form_control` VALUES (1,'Экзамен'),(2,'Зачет'),(3,'Зачет с оц.'),(4,'КР');
/*!40000 ALTER TABLE `form_control` ENABLE KEYS */;
UNLOCK TABLES;

--
-- Table structure for table `groups`
--

DROP TABLE IF EXISTS `groups`;
/*!40101 SET @saved_cs_client     = @@character_set_client */;
/*!50503 SET character_set_client = utf8mb4 */;
CREATE TABLE `groups` (
  `id` int NOT NULL AUTO_INCREMENT,
  `title` varchar(30) NOT NULL,
  `galactika_number` int NOT NULL,
  `year` year NOT NULL,
  `speciality_id` int NOT NULL,
  PRIMARY KEY (`id`)
) ENGINE=InnoDB DEFAULT CHARSET=cp1251;
/*!40101 SET character_set_client = @saved_cs_client */;

--
-- Dumping data for table `groups`
--

LOCK TABLES `groups` WRITE;
/*!40000 ALTER TABLE `groups` DISABLE KEYS */;
/*!40000 ALTER TABLE `groups` ENABLE KEYS */;
UNLOCK TABLES;

--
-- Table structure for table `loads`
--

DROP TABLE IF EXISTS `loads`;
/*!40101 SET @saved_cs_client     = @@character_set_client */;
/*!50503 SET character_set_client = utf8mb4 */;
CREATE TABLE `loads` (
  `id` int NOT NULL AUTO_INCREMENT,
  `current_year` year NOT NULL,
  `department_id` int NOT NULL,
  PRIMARY KEY (`id`)
) ENGINE=InnoDB DEFAULT CHARSET=cp1251;
/*!40101 SET character_set_client = @saved_cs_client */;

--
-- Dumping data for table `loads`
--

LOCK TABLES `loads` WRITE;
/*!40000 ALTER TABLE `loads` DISABLE KEYS */;
/*!40000 ALTER TABLE `loads` ENABLE KEYS */;
UNLOCK TABLES;

--
-- Table structure for table `order_types`
--

DROP TABLE IF EXISTS `order_types`;
/*!40101 SET @saved_cs_client     = @@character_set_client */;
/*!50503 SET character_set_client = utf8mb4 */;
CREATE TABLE `order_types` (
  `id` int NOT NULL AUTO_INCREMENT,
  `type` varchar(30) NOT NULL,
  PRIMARY KEY (`id`)
) ENGINE=InnoDB DEFAULT CHARSET=cp1251;
/*!40101 SET character_set_client = @saved_cs_client */;

--
-- Dumping data for table `order_types`
--

LOCK TABLES `order_types` WRITE;
/*!40000 ALTER TABLE `order_types` DISABLE KEYS */;
/*!40000 ALTER TABLE `order_types` ENABLE KEYS */;
UNLOCK TABLES;

--
-- Table structure for table `orders`
--

DROP TABLE IF EXISTS `orders`;
/*!40101 SET @saved_cs_client     = @@character_set_client */;
/*!50503 SET character_set_client = utf8mb4 */;
CREATE TABLE `orders` (
  `id` int NOT NULL AUTO_INCREMENT,
  `date` date NOT NULL,
  `number` varchar(30) NOT NULL,
  `title` varchar(255) NOT NULL,
  `order_type_id` int NOT NULL,
  PRIMARY KEY (`id`)
) ENGINE=InnoDB DEFAULT CHARSET=cp1251;
/*!40101 SET character_set_client = @saved_cs_client */;

--
-- Dumping data for table `orders`
--

LOCK TABLES `orders` WRITE;
/*!40000 ALTER TABLE `orders` DISABLE KEYS */;
/*!40000 ALTER TABLE `orders` ENABLE KEYS */;
UNLOCK TABLES;

--
-- Table structure for table `positions`
--

DROP TABLE IF EXISTS `positions`;
/*!40101 SET @saved_cs_client     = @@character_set_client */;
/*!50503 SET character_set_client = utf8mb4 */;
CREATE TABLE `positions` (
  `id` int NOT NULL AUTO_INCREMENT,
  `title` varchar(30) NOT NULL,
  `level` tinyint(1) NOT NULL COMMENT '1-администрация',
  PRIMARY KEY (`id`)
) ENGINE=InnoDB AUTO_INCREMENT=8 DEFAULT CHARSET=cp1251;
/*!40101 SET character_set_client = @saved_cs_client */;

--
-- Dumping data for table `positions`
--

LOCK TABLES `positions` WRITE;
/*!40000 ALTER TABLE `positions` DISABLE KEYS */;
INSERT INTO `positions` VALUES (1,'декан',1),(2,'заместитель декана',1),(3,'профессор',0),(4,'доцент',0),(5,'секретарь',1),(6,'старший преподаватель',0),(7,'ассистент',0);
/*!40000 ALTER TABLE `positions` ENABLE KEYS */;
UNLOCK TABLES;

--
-- Table structure for table `prof_doc_types`
--

DROP TABLE IF EXISTS `prof_doc_types`;
/*!40101 SET @saved_cs_client     = @@character_set_client */;
/*!50503 SET character_set_client = utf8mb4 */;
CREATE TABLE `prof_doc_types` (
  `id` int NOT NULL AUTO_INCREMENT,
  `title` varchar(255) NOT NULL,
  PRIMARY KEY (`id`)
) ENGINE=InnoDB AUTO_INCREMENT=3 DEFAULT CHARSET=cp1251;
/*!40101 SET character_set_client = @saved_cs_client */;

--
-- Dumping data for table `prof_doc_types`
--

LOCK TABLES `prof_doc_types` WRITE;
/*!40000 ALTER TABLE `prof_doc_types` DISABLE KEYS */;
INSERT INTO `prof_doc_types` VALUES (1,'Диплом о профессиональной переподготовке'),(2,'Удостоверение о повышении квалификации');
/*!40000 ALTER TABLE `prof_doc_types` ENABLE KEYS */;
UNLOCK TABLES;

--
-- Table structure for table `publ_levels`
--

DROP TABLE IF EXISTS `publ_levels`;
/*!40101 SET @saved_cs_client     = @@character_set_client */;
/*!50503 SET character_set_client = utf8mb4 */;
CREATE TABLE `publ_levels` (
  `id` int NOT NULL AUTO_INCREMENT,
  `title` varchar(50) NOT NULL,
  PRIMARY KEY (`id`)
) ENGINE=InnoDB AUTO_INCREMENT=6 DEFAULT CHARSET=cp1251;
/*!40101 SET character_set_client = @saved_cs_client */;

--
-- Dumping data for table `publ_levels`
--

LOCK TABLES `publ_levels` WRITE;
/*!40000 ALTER TABLE `publ_levels` DISABLE KEYS */;
INSERT INTO `publ_levels` VALUES (1,'РИНЦ (ядро)'),(2,'РИНЦ'),(3,'Scopus'),(4,'Web of Science'),(5,'ВАК');
/*!40000 ALTER TABLE `publ_levels` ENABLE KEYS */;
UNLOCK TABLES;

--
-- Table structure for table `publications`
--

DROP TABLE IF EXISTS `publications`;
/*!40101 SET @saved_cs_client     = @@character_set_client */;
/*!50503 SET character_set_client = utf8mb4 */;
CREATE TABLE `publications` (
  `id` int NOT NULL AUTO_INCREMENT,
  `title` varchar(255) NOT NULL,
  `DOI` varchar(50) NOT NULL,
  `imprint` text NOT NULL,
  `publ_level_id` int NOT NULL,
  `type` varchar(1) DEFAULT 'A' COMMENT 'A-article, P-posobie',
  PRIMARY KEY (`id`)
) ENGINE=InnoDB DEFAULT CHARSET=cp1251;
/*!40101 SET character_set_client = @saved_cs_client */;

--
-- Dumping data for table `publications`
--

LOCK TABLES `publications` WRITE;
/*!40000 ALTER TABLE `publications` DISABLE KEYS */;
/*!40000 ALTER TABLE `publications` ENABLE KEYS */;
UNLOCK TABLES;

--
-- Table structure for table `schedule`
--

DROP TABLE IF EXISTS `schedule`;
/*!40101 SET @saved_cs_client     = @@character_set_client */;
/*!50503 SET character_set_client = utf8mb4 */;
CREATE TABLE `schedule` (
  `id` int NOT NULL AUTO_INCREMENT,
  `group_id` int NOT NULL,
  `subgroup_num` int NOT NULL,
  `edu_semester_id` int NOT NULL,
  `subject_form_id` int NOT NULL,
  `croom_fund_id` int NOT NULL,
  `employee_id` int NOT NULL,
  PRIMARY KEY (`id`)
) ENGINE=InnoDB DEFAULT CHARSET=cp1251;
/*!40101 SET character_set_client = @saved_cs_client */;

--
-- Dumping data for table `schedule`
--

LOCK TABLES `schedule` WRITE;
/*!40000 ALTER TABLE `schedule` DISABLE KEYS */;
/*!40000 ALTER TABLE `schedule` ENABLE KEYS */;
UNLOCK TABLES;

--
-- Table structure for table `speciality`
--

DROP TABLE IF EXISTS `speciality`;
/*!40101 SET @saved_cs_client     = @@character_set_client */;
/*!50503 SET character_set_client = utf8mb4 */;
CREATE TABLE `speciality` (
  `id` int NOT NULL AUTO_INCREMENT,
  `title` varchar(150) NOT NULL,
  `code` varchar(30) NOT NULL,
  `profile` varchar(255) NOT NULL,
  `edu_level_id` int NOT NULL,
  PRIMARY KEY (`id`)
) ENGINE=InnoDB AUTO_INCREMENT=9 DEFAULT CHARSET=cp1251;
/*!40101 SET character_set_client = @saved_cs_client */;

--
-- Dumping data for table `speciality`
--

LOCK TABLES `speciality` WRITE;
/*!40000 ALTER TABLE `speciality` DISABLE KEYS */;
INSERT INTO `speciality` VALUES (1,'Математическая логика, алгебра и теория чисел','01.01.06','',4),(2,'Математика','01.03.01','Кибербезопасность',1),(3,'Информатика и вычислительная техника','09.03.01','Информатика и вычислительная техника',1),(4,'Прикладная математика и информатика','01.03.02','Программирование, анализ данных и математическое моделирование',1),(5,'Педагогическое образование (с двумя профилями подготовки)','44.03.05','Математика. Информатика.',1),(6,'Прикладная математика и информатика','01.04.02','Математическое и информационное обеспечение производственной деятельности',2),(7,'Прикладная математика и информатика','01.04.02','Математическое моделирование',2),(8,'Математика','01.04.01','Алгебра и анализ',2);
/*!40000 ALTER TABLE `speciality` ENABLE KEYS */;
UNLOCK TABLES;

--
-- Table structure for table `stud_orders`
--

DROP TABLE IF EXISTS `stud_orders`;
/*!40101 SET @saved_cs_client     = @@character_set_client */;
/*!50503 SET character_set_client = utf8mb4 */;
CREATE TABLE `stud_orders` (
  `id` int NOT NULL AUTO_INCREMENT,
  `student_id` int NOT NULL,
  `order_id` int NOT NULL,
  PRIMARY KEY (`id`)
) ENGINE=InnoDB DEFAULT CHARSET=cp1251;
/*!40101 SET character_set_client = @saved_cs_client */;

--
-- Dumping data for table `stud_orders`
--

LOCK TABLES `stud_orders` WRITE;
/*!40000 ALTER TABLE `stud_orders` DISABLE KEYS */;
/*!40000 ALTER TABLE `stud_orders` ENABLE KEYS */;
UNLOCK TABLES;

--
-- Table structure for table `students`
--

DROP TABLE IF EXISTS `students`;
/*!40101 SET @saved_cs_client     = @@character_set_client */;
/*!50503 SET character_set_client = utf8mb4 */;
CREATE TABLE `students` (
  `id` int NOT NULL AUTO_INCREMENT,
  `surname` varchar(50) NOT NULL,
  `name` varchar(50) NOT NULL,
  `patronymic` varchar(50) NOT NULL,
  `birth_year` year NOT NULL,
  `speciality_id` varchar(100) NOT NULL,
  `date_enter` year NOT NULL,
  `group_id` int NOT NULL,
  PRIMARY KEY (`id`)
) ENGINE=InnoDB DEFAULT CHARSET=cp1251;
/*!40101 SET character_set_client = @saved_cs_client */;

--
-- Dumping data for table `students`
--

LOCK TABLES `students` WRITE;
/*!40000 ALTER TABLE `students` DISABLE KEYS */;
/*!40000 ALTER TABLE `students` ENABLE KEYS */;
UNLOCK TABLES;

--
-- Table structure for table `subject_forms`
--

DROP TABLE IF EXISTS `subject_forms`;
/*!40101 SET @saved_cs_client     = @@character_set_client */;
/*!50503 SET character_set_client = utf8mb4 */;
CREATE TABLE `subject_forms` (
  `id` int NOT NULL AUTO_INCREMENT,
  `title` varchar(255) NOT NULL,
  PRIMARY KEY (`id`)
) ENGINE=InnoDB DEFAULT CHARSET=cp1251;
/*!40101 SET character_set_client = @saved_cs_client */;

--
-- Dumping data for table `subject_forms`
--

LOCK TABLES `subject_forms` WRITE;
/*!40000 ALTER TABLE `subject_forms` DISABLE KEYS */;
/*!40000 ALTER TABLE `subject_forms` ENABLE KEYS */;
UNLOCK TABLES;

--
-- Table structure for table `subjects`
--

DROP TABLE IF EXISTS `subjects`;
/*!40101 SET @saved_cs_client     = @@character_set_client */;
/*!50503 SET character_set_client = utf8mb4 */;
CREATE TABLE `subjects` (
  `id` int NOT NULL AUTO_INCREMENT,
  `title` varchar(255) NOT NULL,
  PRIMARY KEY (`id`)
) ENGINE=InnoDB AUTO_INCREMENT=316 DEFAULT CHARSET=cp1251;
/*!40101 SET character_set_client = @saved_cs_client */;

--
-- Dumping data for table `subjects`
--

LOCK TABLES `subjects` WRITE;
/*!40000 ALTER TABLE `subjects` DISABLE KEYS */;
INSERT INTO `subjects` VALUES (1,'История'),(2,'История России'),(3,'Всеобщая история'),(4,'Физическая культура и спорт'),(5,'Иностранный язык'),(6,'Алгебра'),(7,'Математический анализ'),(8,'Основы аппаратного и программного обеспечения ПК'),(9,'Основы программирования'),(10,'Аналитическая геометрия'),(11,'Элементарная математика'),(12,'Дискретная математика'),(13,'Вычислительные сети (CISCO)'),(14,'Методы программирования'),(15,'Теория чисел'),(16,'Безопасность жизнедеятельности'),(17,'Теория вероятностей и математическая статистика'),(18,'Основы сетевых технологий (CISCO)'),(19,'Дифференциальные уравнения (разностные схемы)'),(20,'Философия'),(21,'Функциональный анализ'),(22,'Организационно-правовое обеспечение информационной безопасности'),(23,'Защита в операционных системах'),(24,'Теория кодирования'),(25,'Администрирование операционных систем'),(26,'Численные методы'),(27,'Психология'),(28,'Педагогика'),(29,'Методика преподавания математики'),(30,'Методика преподавания информатики'),(31,'Уравнения математической физики'),(32,'Методы криптоанализа'),(33,'Программирование на Python'),(34,'Элективные дисциплины по физической культуре и спорту'),(35,'Научный семинар'),(36,'Методы оптимизации'),(37,'Управление программным проектом'),(38,'Технические средства и методы защиты информации'),(39,'Технический перевод'),(40,'Кибербезопасность и интернет-вещей'),(41,'Введение в криптографию'),(42,'Банковское дело'),(43,'Безопасность сетей (CISCO Security)'),(44,'Математическое моделирование'),(45,'Web разработка'),(46,'Коммуникативные практики в профессиональной деятельности'),(47,'Основы специальной психологии'),(48,'Обучение детей с особыми потребностями'),(49,'Дисциплины по выбору Б1.В.ДВ.1'),(50,'Осетинский язык'),(51,'Русский язык и культура речи'),(52,'Дисциплины по выбору Б1.В.ДВ.2'),(53,'История математики'),(54,'Комплексные системы защиты информации (ЭЦП, каналы связи)'),(55,'Дисциплины по выбору Б1.В.ДВ.3'),(56,'Вариационное исчисление и методы оптимизации'),(57,'Коды, исправляющие ошибки'),(58,'Дисциплины по выбору Б1.В.ДВ.4'),(59,'Группы, кольца и теоретико-числовые основы в криптографии'),(60,'Конечно-автоматные криптосистемы'),(61,'Дисциплины по выбору Б1.В.ДВ.5'),(62,'Математические методы в экономике'),(63,'Схемотехника'),(64,'Дисциплины по выбору Б1.В.ДВ.6'),(65,'Информационные технологии'),(66,'Квантовые вычисления'),(67,'Дисциплины по выбору Б1.В.ДВ.7'),(68,'Частные методики'),(69,'Группы, кольца, алгоритмы и математическое обоснование RSA'),(70,'Дисциплины по выбору Б1.В.ДВ.8'),(71,'Методика, история и перспективы развития прикладной математики'),(72,'Разделение секрета'),(73,'Дисциплины по выбору Б1.В.ДВ.9'),(74,'Пакеты символьной математики'),(75,'Современные языки программирования'),(76,'Учебная практика (Научно-исследовательская работа (получение первичных навыков научно-исследовательской работы))'),(77,'Производственная практика (Научно-исследовательская работа)'),(78,'Преддипломная практика'),(79,'Подготовка к сдаче и сдача государственного экзамена'),(80,'Выполнение и защита выпускной квалификационной работы'),(81,'Закон об образовании'),(82,'Осетинский язык и культура речи'),(83,'Осетинский язык (базовый курс)'),(84,'Алгоритмы и структуры данных'),(85,'Основы и методология программирования'),(86,'Архитектура компьютеров и операционные системы'),(87,'Физика'),(88,'Дифференциальные уравнения'),(89,'Вычислительные системы, сети и телекоммуникации'),(90,'Введение в анализ данных'),(91,'Конструирование ПО'),(92,'Теория операторов'),(93,'Педагогика саморазвития'),(94,'Введение в специальность'),(95,'Культура речи'),(96,'Веб-разработка'),(97,'Математический компьютерный практикум'),(98,'Разработка пользовательского интерфейса'),(99,'Базы данных'),(100,'Мобильная разработка'),(101,'Психология социального взаимодействия'),(102,'Экономические основы предпринимательства'),(103,'Правовые основы предпринимательства'),(104,'Метрология, стандартизация, сертификация'),(105,'Прикладные задачи анализа данных'),(106,'Компьютерное моделирование'),(107,'Дисциплины по выбору Б1.В.ДВ.01'),(108,'Культурология'),(109,'Этика и эстетика'),(110,'Дисциплины по выбору Б1.В.ДВ.02'),(111,'Выпуклый анализ'),(112,'Дисциплины по выбору Б1.В.ДВ.03'),(113,'Прикладное машинное обучение'),(114,'Проектный семинар \"Математическое моделирование\"'),(115,'Дисциплины по выбору Б1.В.ДВ.04'),(116,'1С: предприятие'),(117,'Системы управления базами данных'),(118,'Дисциплины по выбору Б1.В.ДВ.05'),(119,'Методы и системы обработки больших данных'),(120,'Эконометрика'),(121,'Дисциплины по выбору Б1.В.ДВ.06'),(122,'Криптография и защита информации'),(123,'Теория игр'),(124,'Учебная (технологическая (проектно-технологическая)) практика'),(125,'Производственная (технологическая (проектно-технологическая)) практика'),(126,'Проектная деятельность в области устойчивого развития'),(127,'Интернет вещей'),(128,'Системы искусственного интеллекта'),(129,'Проектный семинар \"Машинное обучение и приложения\"'),(130,'Вычислительная математика'),(131,'Предпринимательские проекты: управление и реализация'),(132,'ИТ-сервисы'),(133,'Проектирование интерфейсов информационных систем'),(134,'Основы аппаратного обеспечения ЭВМ'),(135,'Архитектура компьютера и операционные системы'),(136,'Электротехника, электроника и схемотехника'),(137,'Вычислительные системы и компьютерные сети'),(138,'Прикладное и системное программное обеспечение'),(139,'Метрология, стандартизация и сертификация'),(140,'Педагогика  саморазвития'),(141,'Теория чисел и криптография'),(142,'Теория управления в робототехнических системах'),(143,'Сети и телекоммуникации '),(144,'Проектирование информационных систем'),(145,'Защита информации'),(146,'Этика и психология делового общения'),(147,'Многомерный статистический анализ'),(148,'Теория случайных процессов'),(149,'Основы теории управления'),(150,'Финансовая математика'),(151,'Дисциплины по выбору Б1.В.ДВ.07'),(152,'Методы искусственного интеллекта'),(153,'Дисциплины по выбору Б1.В.ДВ.08'),(154,'1С-предприятие'),(155,'Дисциплины по выбору Б1.В.ДВ.09'),(156,'Анализ и моделирование бизнес-процессов'),(157,'Системный анализ и принятие решений'),(158,'Учебная (ознакомительная) практика'),(159,'Кибербезопасность и интернет вещей'),(160,'Правовые основы профессиональной деятельности'),(161,'Информационные технологии в профессиональной деятельности'),(162,'Профессиональная этика'),(163,'Дополнительные главы алгебры'),(164,'Языки программирования'),(165,'Основы математической обработки информации'),(166,'Решение олимпиадных задач по математике'),(167,'Решение олимпиадных задач по информатике'),(168,'Методика обучения математике'),(169,'Методика обучения информатике'),(170,'Возрастная анатомия, физиология и гигиена'),(171,'Анализ данных'),(172,'Основы вожатской деятельности'),(173,'Инклюзивные и адаптивные технологии'),(174,'Основы математического моделирования'),(175,'Задачи ЕГЭ по математике'),(176,'Задачи ЕГЭ по информатике'),(177,'Аппаратное обеспечение компьютера'),(178,'Операционные системы'),(179,'Сети и коммуникации'),(180,'Практикум по решению задач школьной математики и информатики'),(181,'Математическая логика'),(182,'Основы проектной и исследовательской деятельности'),(183,'Введение в профессию и основы планирования педагогической карьеры'),(184,'Эволюция культуры: информационный подход'),(185,'Политология'),(186,'Ивент-анализ текущего политического процесса России'),(187,'История математики и информатики'),(188,'Математический анализ (Дополнительные главы)'),(189,'Технологии дистанционного обучения'),(190,'Решение теоретико-числовых задач'),(191,'Управление образовательными системами'),(192,'Проектирование образовательного пространства'),(193,'Мобильное программирование'),(194,'1С: бухгалтерия'),(195,'Компьютерная графика'),(196,'Дисциплины по выбору Б1.В.ДВ.10'),(197,'Теория функций комплексного переменного'),(198,'Теория функций действительного переменного'),(199,'Дисциплины по выбору Б1.В.ДВ.11'),(200,'Семейное образование'),(201,'Проблемы математического образования'),(202,'Научно-исследовательская работа (получение первичных навыков научно-исследовательской  работы)'),(203,'Научно-исследовательская работа'),(204,'Технологическая (проектно-технологическая) учебная практика'),(205,'Технологическая (проектно-технологическая) производственная практика'),(206,'Практика учебная (педагогическая практика, вожатская)'),(207,'Практика производственная (педагогическая практика, вожатская)'),(208,'Практика производственная (педагогическая по математике)'),(209,'Практика производственная (педагогическая по информатике)'),(210,'Практика производственная (педагогическая практика (ознакомительная по математике и информатике))'),(211,'Дисциплины по выбору Б1.В.ДВ.12'),(212,'Информатика'),(213,'Базы данных и Web-технологии'),(214,'Избранные главы элементарной математики'),(215,'Практикум по решению задач школьной математики'),(216,'Практикум по решению задач школьной информатики'),(217,'Практикум по решению задач на ЭВМ'),(218,'Кибербезопасность'),(219,'Методика обучения решению задач с параметрами'),(220,'Избранные вопросы курса информатики в старшей школе'),(221,'Дисциплины по выбору Б1.В.ДВ.13'),(222,'Дисциплины по выбору Б1.В.ДВ.14'),(223,'Качественная теория дифференциальных уравнений'),(224,'Действительный анализ'),(225,'Избранные главы функционального анализа'),(226,'Иностранный язык в профессиональной сфере деятельности'),(227,'Алгебраические методы в криптографии'),(228,'Теория групп'),(229,'Теория колец'),(230,'Курсы естественно-научного содержания: Компьютерные технологии в науке и образовании'),(231,'Культура и межкультурное взаимодействие в современном мире'),(232,'Избранные главы линейной алгебры'),(233,'Функциональные пространства'),(234,'Педагогика и психология образования'),(235,'Спектральная теория линейных операторов'),(236,'Элементы теории двойственности'),(237,'Дополнительные главы уравнения математической физики'),(238,'Банаховы решетки'),(239,'Расширения полей'),(240,'Абелевы группы'),(241,'Элементарные сети в линейных группах'),(242,'Надгруппы нерасщепимого тора'),(243,'Учебная практика (научно-исследовательская работа)'),(244,'Производственная практика (научно-педагогическая практика)'),(245,'Гильбертовы модули'),(246,'Операторные методы в математической экономике'),(247,'Современные базы данных'),(248,'Математическое и компьютерное моделирование'),(249,'Прикладной статистический анализ'),(250,'Иностранный язык в профессиональной деятельности'),(251,'Математические основы защиты информации и информационной безопасности'),(252,'Психология управления'),(253,'Русский язык в профессиональной деятельности'),(254,'Разработка и внедрение информационных систем'),(255,'Выпуклый анализ и оптимизация'),(256,'Анализ данных на Python '),(257,'Программная инженерия'),(258,'CASE-технологии'),(259,'Рекомендательные системы'),(260,'Теория принятия решений'),(261,'Эконометрика (продвинутый курс)'),(262,'Математические методы макроэкономики'),(263,'Корпоративные информационные системы'),(264,'Современные проблемы информатизации государственных учреждений'),(265,'Производственная (преддипломная) практика'),(266,'Основы российской государственности'),(267,'История религий России'),(268,'Линейная алгебра'),(269,'Алгебра и теория чисел'),(270,'Основы военной подготовки'),(271,'Обучение служением'),(272,'Экология'),(273,'Основы финансовой грамотности и предпринимательской деятельности'),(274,'Правовые основы профессиональной и предпринимательской деятельности'),(275,'Машинное обучение'),(276,'Криптография м защита информации'),(277,'Применение в образовательной деятельности проблематики геноцида советского народа в годы Великой Отечественной войны на основе проекта \"Без срока давности\"'),(278,'Численные методы и компьютерное моделирование'),(279,'СОЦИАЛЬНО-ГУМАНИТАРНЫЙ МОДУЛЬ'),(280,'Финансово-экономический практикум'),(281,'Нормативно-правовые основы профессиональной деятельности. Антикоррупционное поведение'),(282,'КОММУНИКАТИВНО-ЦИФРОВОЙ МОДУЛЬ'),(283,'Речевые практики'),(284,'Технологии цифрового образования'),(285,'МОДУЛЬ ЗДОРОВЬЕСБЕРЕГАЮЩИЙ'),(286,'Возрастная анатомия, физиология и культура здоровья'),(287,'Основы медицинских знаний'),(288,'ПСИХОЛОГО-ПЕДАГОГИЧЕСКИЙ МОДУЛЬ'),(289,'Обучение лиц с ОВЗ и особыми образовательными потребностями'),(290,'МОДУЛЬ ВОСПИТАТЕЛЬНОЙ ДЕЯТЕЛЬНОСТИ'),(291,'Основы государственной политики в сфере межэтнических и межконфессиональных отношений'),(292,'Психология воспитательных практик'),(293,'Технология и организация воспитательных практик (классное руководство)'),(294,'МОДУЛЬ УЧЕБНО-ИССЛЕДОВАТЕЛЬСКОЙ И ПРОЕКТНОЙ ДЕЯТЕЛЬНОСТИ'),(295,'Методы исследовательской деятельности'),(296,'Методы проектной деятельности'),(297,'Методы математической обработки данных'),(298,'Предметно-методический модуль (1)'),(299,'Решение задач повышенной сложности по математике'),(300,'Предметно-методический модуль (2)'),(301,'Решение задач повышенной сложности по информатике'),(302,'Предметно-методический модуль (1)'),(303,'Предметно-методический модуль (2)'),(304,'Основы природовользования'),(305,'Педагогическая практика'),(306,'Практика ознакомительная'),(307,'Защита ВКР, включая подготовку к процедуре защиты и процедуру защиты'),(308,'Математика'),(309,'Введение в современные методы математической физики'),(310,'Модели и алгоритмы защиты информации'),(311,'Компьютерная лингвистика'),(312,'Современные методы численно-аналитического решения краевых задач'),(313,'Анализ временных рядов'),(314,'Математические модели макроэкономики'),(315,'Современные методы распределенного хранения и обработки данных');
/*!40000 ALTER TABLE `subjects` ENABLE KEYS */;
UNLOCK TABLES;

--
-- Table structure for table `thesis_work`
--

DROP TABLE IF EXISTS `thesis_work`;
/*!40101 SET @saved_cs_client     = @@character_set_client */;
/*!50503 SET character_set_client = utf8mb4 */;
CREATE TABLE `thesis_work` (
  `id` int NOT NULL AUTO_INCREMENT,
  `current_year` year NOT NULL,
  `semester` int NOT NULL,
  `student_id` int NOT NULL,
  `employee_id` int NOT NULL,
  `title` varchar(255) NOT NULL,
  `thesis_work_type_id` int NOT NULL,
  `mark` int NOT NULL,
  PRIMARY KEY (`id`)
) ENGINE=InnoDB DEFAULT CHARSET=cp1251;
/*!40101 SET character_set_client = @saved_cs_client */;

--
-- Dumping data for table `thesis_work`
--

LOCK TABLES `thesis_work` WRITE;
/*!40000 ALTER TABLE `thesis_work` DISABLE KEYS */;
/*!40000 ALTER TABLE `thesis_work` ENABLE KEYS */;
UNLOCK TABLES;

--
-- Table structure for table `thesis_work_type`
--

DROP TABLE IF EXISTS `thesis_work_type`;
/*!40101 SET @saved_cs_client     = @@character_set_client */;
/*!50503 SET character_set_client = utf8mb4 */;
CREATE TABLE `thesis_work_type` (
  `id` int NOT NULL AUTO_INCREMENT,
  `title` varchar(255) NOT NULL,
  PRIMARY KEY (`id`)
) ENGINE=InnoDB DEFAULT CHARSET=cp1251;
/*!40101 SET character_set_client = @saved_cs_client */;

--
-- Dumping data for table `thesis_work_type`
--

LOCK TABLES `thesis_work_type` WRITE;
/*!40000 ALTER TABLE `thesis_work_type` DISABLE KEYS */;
/*!40000 ALTER TABLE `thesis_work_type` ENABLE KEYS */;
UNLOCK TABLES;

--
-- Table structure for table `title_plan`
--

DROP TABLE IF EXISTS `title_plan`;
/*!40101 SET @saved_cs_client     = @@character_set_client */;
/*!50503 SET character_set_client = utf8mb4 */;
CREATE TABLE `title_plan` (
  `id` int NOT NULL AUTO_INCREMENT,
  `spec_id` int NOT NULL,
  `date_uchsovet` date NOT NULL,
  `number_uchsovet` int NOT NULL,
  `current_year` year NOT NULL,
  `date_enter` year NOT NULL,
  `date_fgos` date NOT NULL,
  `number_fgos` int NOT NULL,
  `department_id` int NOT NULL,
  `included` varchar(1) NOT NULL,
  PRIMARY KEY (`id`)
) ENGINE=InnoDB AUTO_INCREMENT=17 DEFAULT CHARSET=cp1251;
/*!40101 SET character_set_client = @saved_cs_client */;

--
-- Dumping data for table `title_plan`
--

LOCK TABLES `title_plan` WRITE;
/*!40000 ALTER TABLE `title_plan` DISABLE KEYS */;
INSERT INTO `title_plan` VALUES (1,2,'2022-05-31',13,2023,2020,'2018-01-10',8,65,'1'),(2,4,'2022-05-31',13,2023,2022,'2018-01-10',9,133,'1'),(3,4,'2022-05-31',13,2023,2021,'2018-01-10',9,133,'1'),(4,4,'2022-05-31',13,2023,2020,'2018-01-10',9,133,'1'),(5,3,'2022-05-31',13,2023,2022,'2017-09-19',929,133,'1'),(6,3,'2022-05-31',13,2023,2021,'2017-09-19',929,133,'1'),(7,3,'2022-05-31',13,2023,2020,'2017-09-19',929,133,'1'),(8,5,'0001-05-31',13,2023,2022,'2018-02-22',125,65,'1'),(9,5,'2022-05-31',13,2023,2021,'2018-02-22',125,65,'1'),(10,5,'2022-05-31',13,2023,2020,'2018-02-22',125,65,'1'),(11,8,'0001-01-01',0,2023,2022,'2018-01-10',12,65,'1'),(12,6,'2022-05-31',13,2023,2022,'2018-01-10',13,133,'1'),(13,4,'0001-01-01',0,2023,2023,'2018-01-10',9,133,'1'),(14,3,'2023-03-30',0,2023,2023,'2017-09-19',929,133,'1'),(15,5,'2023-04-27',0,2023,2023,'2018-02-22',125,138,'1'),(16,6,'2023-05-31',0,2023,2023,'2018-01-10',13,133,'1');
/*!40000 ALTER TABLE `title_plan` ENABLE KEYS */;
UNLOCK TABLES;

--
-- Table structure for table `titles`
--

DROP TABLE IF EXISTS `titles`;
/*!40101 SET @saved_cs_client     = @@character_set_client */;
/*!50503 SET character_set_client = utf8mb4 */;
CREATE TABLE `titles` (
  `id` int NOT NULL AUTO_INCREMENT,
  `title` varchar(50) NOT NULL,
  PRIMARY KEY (`id`)
) ENGINE=InnoDB AUTO_INCREMENT=3 DEFAULT CHARSET=cp1251;
/*!40101 SET character_set_client = @saved_cs_client */;

--
-- Dumping data for table `titles`
--

LOCK TABLES `titles` WRITE;
/*!40000 ALTER TABLE `titles` DISABLE KEYS */;
INSERT INTO `titles` VALUES (1,'доцент'),(2,'профессор');
/*!40000 ALTER TABLE `titles` ENABLE KEYS */;
UNLOCK TABLES;
/*!40103 SET TIME_ZONE=@OLD_TIME_ZONE */;

/*!40101 SET SQL_MODE=@OLD_SQL_MODE */;
/*!40014 SET FOREIGN_KEY_CHECKS=@OLD_FOREIGN_KEY_CHECKS */;
/*!40014 SET UNIQUE_CHECKS=@OLD_UNIQUE_CHECKS */;
/*!40101 SET CHARACTER_SET_CLIENT=@OLD_CHARACTER_SET_CLIENT */;
/*!40101 SET CHARACTER_SET_RESULTS=@OLD_CHARACTER_SET_RESULTS */;
/*!40101 SET COLLATION_CONNECTION=@OLD_COLLATION_CONNECTION */;
/*!40111 SET SQL_NOTES=@OLD_SQL_NOTES */;

-- Dump completed on 2023-07-18  1:13:28
