-- MySQL dump 10.13  Distrib 8.0.32, for Win64 (x86_64)
--
-- Host: 127.0.0.1    Database: work_programs
-- ------------------------------------------------------
-- Server version	8.0.30

/*!40101 SET @OLD_CHARACTER_SET_CLIENT=@@CHARACTER_SET_CLIENT */;
/*!40101 SET @OLD_CHARACTER_SET_RESULTS=@@CHARACTER_SET_RESULTS */;
/*!40101 SET @OLD_COLLATION_CONNECTION=@@COLLATION_CONNECTION */;
/*!50503 SET NAMES utf8 */;
/*!40103 SET @OLD_TIME_ZONE=@@TIME_ZONE */;
/*!40103 SET TIME_ZONE='+00:00' */;
/*!40014 SET @OLD_UNIQUE_CHECKS=@@UNIQUE_CHECKS, UNIQUE_CHECKS=0 */;
/*!40014 SET @OLD_FOREIGN_KEY_CHECKS=@@FOREIGN_KEY_CHECKS, FOREIGN_KEY_CHECKS=0 */;
/*!40101 SET @OLD_SQL_MODE=@@SQL_MODE, SQL_MODE='NO_AUTO_VALUE_ON_ZERO' */;
/*!40111 SET @OLD_SQL_NOTES=@@SQL_NOTES, SQL_NOTES=0 */;

--
-- Table structure for table `block`
--

DROP TABLE IF EXISTS `block`;
/*!40101 SET @saved_cs_client     = @@character_set_client */;
/*!50503 SET character_set_client = utf8mb4 */;
CREATE TABLE `block` (
  `id` int NOT NULL AUTO_INCREMENT,
  `block_title` varchar(255) NOT NULL,
  `part_title` varchar(255) NOT NULL,
  PRIMARY KEY (`id`)
) ENGINE=InnoDB AUTO_INCREMENT=14 DEFAULT CHARSET=cp1251;
/*!40101 SET character_set_client = @saved_cs_client */;

--
-- Dumping data for table `block`
--

LOCK TABLES `block` WRITE;
/*!40000 ALTER TABLE `block` DISABLE KEYS */;
INSERT INTO `block` VALUES (1,'Блок 1.Дисциплины (модули)','Обязательная часть'),(2,'Блок 1.Дисциплины (модули)','Часть, формируемая участниками образовательных отношений'),(3,'Блок 2.Практика','Обязательная часть'),(4,'Блок 2.Практика','Часть, формируемая участниками образовательных отношений'),(5,'Блок 3.Государственная итоговая аттестация','ФТД.Факультативы '),(6,'Блок 1 «Дисциплины (модули)»','Базовая часть'),(7,'Блок 1 «Дисциплины (модули)»','Вариативная часть'),(8,'Блок 2 «Практики»','Вариативная часть'),(9,'Блок 3 «Научные исследования»','Вариативная часть'),(10,'Блок 4 «Государственная итоговая аттестация»','Базовая часть'),(11,'ФТД.Факультативы',''),(12,'Блок 3',''),(13,'Блок 3.Государственная итоговая аттестация','');
/*!40000 ALTER TABLE `block` ENABLE KEYS */;
UNLOCK TABLES;

--
-- Table structure for table `classroom_funds`
--

DROP TABLE IF EXISTS `classroom_funds`;
/*!40101 SET @saved_cs_client     = @@character_set_client */;
/*!50503 SET character_set_client = utf8mb4 */;
CREATE TABLE `classroom_funds` (
  `id` int NOT NULL AUTO_INCREMENT,
  `current_year` year NOT NULL,
  `semester` int NOT NULL,
  `day_week` int NOT NULL,
  `lesson_num` int NOT NULL,
  `week_num` int NOT NULL,
  `croom_id` int NOT NULL,
  PRIMARY KEY (`id`)
) ENGINE=InnoDB DEFAULT CHARSET=cp1251;
/*!40101 SET character_set_client = @saved_cs_client */;

--
-- Dumping data for table `classroom_funds`
--

LOCK TABLES `classroom_funds` WRITE;
/*!40000 ALTER TABLE `classroom_funds` DISABLE KEYS */;
/*!40000 ALTER TABLE `classroom_funds` ENABLE KEYS */;
UNLOCK TABLES;

--
-- Table structure for table `classrooms`
--

DROP TABLE IF EXISTS `classrooms`;
/*!40101 SET @saved_cs_client     = @@character_set_client */;
/*!50503 SET character_set_client = utf8mb4 */;
CREATE TABLE `classrooms` (
  `id` int NOT NULL AUTO_INCREMENT,
  `number` varchar(4) NOT NULL,
  PRIMARY KEY (`id`)
) ENGINE=InnoDB DEFAULT CHARSET=cp1251;
/*!40101 SET character_set_client = @saved_cs_client */;

--
-- Dumping data for table `classrooms`
--

LOCK TABLES `classrooms` WRITE;
/*!40000 ALTER TABLE `classrooms` DISABLE KEYS */;
/*!40000 ALTER TABLE `classrooms` ENABLE KEYS */;
UNLOCK TABLES;

--
-- Table structure for table `competence`
--

DROP TABLE IF EXISTS `competence`;
/*!40101 SET @saved_cs_client     = @@character_set_client */;
/*!50503 SET character_set_client = utf8mb4 */;
CREATE TABLE `competence` (
  `id` int NOT NULL AUTO_INCREMENT,
  `code` varchar(6) NOT NULL,
  `description` text NOT NULL,
  `speciality_id` int NOT NULL,
  PRIMARY KEY (`id`)
) ENGINE=InnoDB AUTO_INCREMENT=26 DEFAULT CHARSET=cp1251;
/*!40101 SET character_set_client = @saved_cs_client */;

--
-- Dumping data for table `competence`
--

LOCK TABLES `competence` WRITE;
/*!40000 ALTER TABLE `competence` DISABLE KEYS */;
INSERT INTO `competence` VALUES (1,'УК-1','Способен осуществлять поиск, критический анализ и синтез информации, применять системный подход для решения поставленных задач',0),(2,'УК-2','Способен определять круг задач в рамках поставленной цели и выбирать оптимальные способы их решения, исходя из действующих правовых норм, имеющихся ресурсов и ограничений',0),(3,'УК-3','Способен осуществлять социальное взаимодействие и реализовывать свою роль в команде',0),(4,'УК-4','Способен осуществлять деловую коммуникацию в устной и письменной формах на государственном языке Российской Федерации и иностранном(ых) языке(ах)',0),(5,'УК-5','Способен воспринимать межкультурное разнообразие общества в социально-историческом, этическом и философском контекстах',0),(6,'УК-6','Способен управлять своим временем, выстраивать и реализовывать траекторию саморазвития на основе принципов образования в течение всей жизни',0),(7,'УК-7','Способен поддерживать должный уровень физической подготовленности для обеспечения полноценной социальной и профессиональной деятельности',0),(8,'УК-8','Способен создавать и поддерживать безопасные условия жизнедеятельности, в том числе при возникновении чрезвычайных ситуаций',0),(9,'ОПК-1','Способен применять фундаментальные знания, полученные в области математических и (или) естественных наук, и использовать их в профессиональной деятельности',0),(10,'ОПК-2','Способен разрабатывать, анализировать и внедрять новые математические модели в современных естествознании, технике, экономике и управлении',0),(11,'ОПК-3','Способен использовать в педагогической деятельности научные знания в сфере математики и информатики',0),(12,'ОПК-4','Способен решать задачи профессиональной деятельности с использованием существующих информационно-коммуникационных технологий и с учетом основных требований информационной безопасности',0),(13,'ПК-1','Способен администрировать средства защиты информации в компьютерных системах и сетях',0),(14,'ПК-2','Способен к программной реализации алгоритмов решения типовых задач обеспечения информационной безопасности и к применению программных средств системного, прикладного и специального назначения',0),(15,'ПК-3','Способен проводить научно-исследовательские и опытно-конструкторские разработки по отдельным разделам темы',0),(16,'ПК-4','Способен использовать педагогически обоснованные формы, методы и приемы организации деятельности обучающихся, применять современные технические средства обучения и образовательные технологии',0),(17,'УК-9','Способен принимать обоснованные экономические решения в различных областях жизнедеятельности',0),(18,'УК-10','Способен формировать нетерпимое отношение к коррупционному поведению',0),(19,'ОПК-5','Способен разрабатывать алгоритмы и компьютерные программы, пригодные для практического применения',0),(20,'ОПК-6','Способен разрабатывать бизнес-планы и технические задания на оснащение отделов, лабораторий, офисов компьютерным и сетевым оборудованием',0),(21,'ОПК-7','Способен участвовать в настройке и наладке программно-аппаратных комплексов',0),(22,'ОПК-8','Способен разрабатывать алгоритмы и программы, пригодные для практического применения',0),(23,'ОПК-9','Способен осваивать методики использования программных средств для решения практических задач',0),(24,'ПК-5','Способен администрировать средства защиты информации в компьютерных системах и сетях',0),(25,'ПК-6','Способен создавать и исследовать новые математические модели в промышленности и бизнесе, в том числе с использованием современных информационных технологий и программирования',0);
/*!40000 ALTER TABLE `competence` ENABLE KEYS */;
UNLOCK TABLES;

--
-- Table structure for table `degrees`
--

DROP TABLE IF EXISTS `degrees`;
/*!40101 SET @saved_cs_client     = @@character_set_client */;
/*!50503 SET character_set_client = utf8mb4 */;
CREATE TABLE `degrees` (
  `id` int NOT NULL AUTO_INCREMENT,
  `title` varchar(255) NOT NULL,
  `short_title` varchar(10) NOT NULL,
  PRIMARY KEY (`id`)
) ENGINE=InnoDB AUTO_INCREMENT=3 DEFAULT CHARSET=cp1251;
/*!40101 SET character_set_client = @saved_cs_client */;

--
-- Dumping data for table `degrees`
--

LOCK TABLES `degrees` WRITE;
/*!40000 ALTER TABLE `degrees` DISABLE KEYS */;
INSERT INTO `degrees` VALUES (1,'кандидат физико-математических наук','к.ф.-м.н.'),(2,'доктор физико-математических наук','д.ф.-м.н.');
/*!40000 ALTER TABLE `degrees` ENABLE KEYS */;
UNLOCK TABLES;

--
-- Table structure for table `departments`
--

DROP TABLE IF EXISTS `departments`;
/*!40101 SET @saved_cs_client     = @@character_set_client */;
/*!50503 SET character_set_client = utf8mb4 */;
CREATE TABLE `departments` (
  `id` int NOT NULL AUTO_INCREMENT,
  `faculty_id` int NOT NULL,
  `title` varchar(255) NOT NULL,
  `head_id` int NOT NULL,
  PRIMARY KEY (`id`)
) ENGINE=InnoDB AUTO_INCREMENT=147 DEFAULT CHARSET=cp1251;
/*!40101 SET character_set_client = @saved_cs_client */;

--
-- Dumping data for table `departments`
--

LOCK TABLES `departments` WRITE;
/*!40000 ALTER TABLE `departments` DISABLE KEYS */;
INSERT INTO `departments` VALUES (1,1,'кафедра прикладной математики и информатики',2),(2,1,'кафедра алгебры и анализа',3),(3,0,'Социально-гуманитарных дисциплин (Политологии)',0),(4,0,'Социально-гуманитарных дисциплин (Философии)',0),(5,0,'Социально-гуманитарных дисциплин (Этнокультурологии)',0),(6,0,'Экономической теории (Экономики)',0),(7,0,'Общей психологии (Психологии)',0),(8,0,'Общей психологии (Педагогики)',0),(9,0,'Общей психологии (Педагогики высшей школы)',0),(10,0,'Иностранных языков для гуманитарных факультетов',0),(11,0,'Иностранных языков для естественнонаучных факультетов',0),(12,0,'Русской и зарубежной литературы (Зарубежной литературы и мировой художественной культуры)',0),(13,0,'Русской и зарубежной литературы (Русской литературы)',0),(14,0,'Русского языка',0),(15,0,'Социологии политических и социальных процессов',0),(16,0,'Фундаментальной социологии',0),(17,0,'Психологии',0),(18,0,'Теории и методологии социальной работы',0),(19,0,'Психолого-педагогических и медицинских проблем социальной работы',0),(20,0,'Технологий и инноваций в социальной работе',0),(21,0,'Теории и методики физического воспитания',0),(22,0,'Физического воспитания',0),(23,0,'Спортивных дисциплин',0),(24,0,'Спортивных игр',0),(25,0,'Теории и методики спортивной борьбы',0),(26,0,'Возрастной морфологии и физиологии',0),(27,0,'Русского языка и литературы в национальной школе  (Русского языка в национальной школе)',0),(28,0,'Русского языка и литературы в национальной школе (Русской литературы в национальной школе)',0),(29,0,'Осетинского и общего языкознания',0),(30,0,'Осетинской литературы (Осетинской литературы)',0),(31,0,'Осетинской литературы (Осетинского литературного творчества)',0),(32,0,'Журналистики (Телерадиовещания, связей с общественностью и рекламы)',0),(33,0,'Журналистики (Истории журналистики и современной печати)',0),(34,0,'Культуры речи и языка массовых коммуникаций',0),(35,0,'Истории древнего мира и средних веков',0),(36,0,'Российской истории (Российской истории и кавказоведения)',0),(37,0,'Новейшей истории и политики России',0),(38,0,'Новой, новейшей истории и исторической  политологии',0),(39,0,'Теории и истории государства и права',0),(40,0,'Уголовного права',0),(41,0,'Уголовного процесса и криминалистики',0),(42,0,'Предпринимательского и гражданского  права',0),(43,0,'Государственного права',0),(44,0,'Английского языка',0),(45,0,'Немецкого языка',0),(46,0,'Французского языка',0),(47,0,'Международных экономических отношений',0),(48,0,'Методики начального обучения',0),(49,0,'Методики начального национального обучения',0),(50,0,'Педагогики и психологии',0),(51,0,'Ботаники',0),(52,0,'Зоологии',0),(53,0,'Анатомии и физиологии человека и животных',0),(54,0,'Технологии пищевых продуктов',0),(55,0,'Физической географии',0),(56,0,'Экономической, социальной и политической географии',0),(57,0,'Геоэкологии и устойчивого развития',0),(58,0,'Землеустройства и кадастров',0),(59,0,'Индустрии сервиса и туризма',0),(60,0,'Технологии лекарственных форм и организации фармацевтического дела',0),(61,0,'Фармацевтической химии и фармакогнозии',0),(62,0,'Общей и неорганической химии',0),(63,0,'Органической химии',0),(64,0,'Товароведения и технологии продуктов питания (Экспертизы товаров)',0),(65,0,'Алгебры и анализа',0),(66,0,'Прикладной математики',0),(67,0,'Функционального анализа и дифференциальных уравнений',0),(68,0,'Математического анализа',0),(69,0,'Общей физики',0),(70,0,'Физики твердого тела и электроники',0),(71,0,'Технологии и конструирования швейных изделий',0),(72,0,'Теоретической и математической физики',0),(73,0,'Физики и астрономии',0),(74,0,'Налогов и налогообложения',0),(75,0,'Бухгалтерского учета и аудита',0),(76,0,'Финансов и кредита',0),(77,0,'Экономической теории',0),(78,0,'Экономики и предпринимательства',0),(79,0,'Менеджмента',0),(80,0,'Маркетинга',0),(81,0,'Театрального искусства',0),(82,0,'Изобразительного искусства',0),(83,0,'Стоматологии',0),(84,0,'Социально-гуманитарных дисциплин',0),(85,0,'Педагогики и психологии',0),(86,0,'Русской и зарубежной литературы',0),(87,0,'Русского языка и литературы в национальной школе',0),(88,0,'Осетинского языка (Осетинского языка и литературы)',0),(89,0,'Журналистики',0),(90,0,'Социологии и социальных процессов',0),(91,0,'Спортивных игр и медико-биологических дисциплин',0),(92,0,'Теории, методики физического воспитания и легкой атлетики',0),(93,0,'Теории, методики спортивной борьбы и гимнастики',0),(94,0,'Начального и дошкольного образования',0),(95,0,'Анатомии, физиологии и ботаники',0),(96,0,'Физической и социально-экономической географии',0),(97,0,'Физики конденсированного состояния',0),(98,0,'Гражданского и предпринимательского права',0),(99,0,'Гражданского процесса и трудового права',0),(100,0,'Терапевтической, хирургической и детской стоматологии',0),(101,0,'Ортопедической стоматологии, пропедевтики и постдипломного образования',0),(102,0,'Бухгалтерского учета и налогообложения',0),(103,0,'Иностранных языков для неязыковых специальностей',0),(104,0,'Всеобщей истории иисторической политологии (Всеобщей истории и политологии)',0),(105,0,'Новейшей отечественной истории (Новейшей отечественной истории и философии) (Политической истории и',0),(106,0,'Уголовного права и процесса',0),(107,0,'Гражданского права и процесса',0),(108,0,'Базовая кафедра Верховного суда РСО-Алания «Судебная деятельность»',0),(109,0,'Менеджмента и маркетинга',0),(110,0,'Теории и истории социальной работы (Теории и практики социальной работы)',0),(111,0,'Психолого-педагогических и медицинских проблем социальной работы (Социального обеспечения и управлен',0),(112,0,'Социологии (Социологии и социальной работы)',0),(113,0,'Зоологии и биоэкологии (Зоологии, биоэкологии и биотехнологии)',0),(114,0,'Геоэкологии и землеустройства',0),(115,0,'Теории и методики физического воспитания и спортивных дисциплин',0),(116,0,'Фундаментальной медицины',0),(117,0,'Фармации',0),(118,0,'Философии и общественных наук (Философии и социально-политических наук)',0),(119,0,'Маркетинга и рекламы',0),(120,0,'Инклюзивного образования',0),(121,0,'Медиакоммуникаций и мультимедийных технологий',0),(122,0,'Технологий современных СМИ (базовая)',0),(123,0,'Социальной работы',0),(124,0,'Экономики',0),(125,0,'Предпринимательства, сервиса и туризма',0),(126,0,'Современных технологий бродильных производств (базовая)',0),(127,0,'Регионального развития (базовая)',0),(128,0,'Дизайна, конструирования изделий легкой промышленности',0),(129,0,'Осетинской литературы',0),(130,0,'Всеобщей истории',0),(131,0,'Политологии',0),(132,0,'Педагогики',0),(133,0,'Прикладной математики и информатики',0),(134,0,'Менеджмента, маркетинга и туризма',0),(135,0,'Социологии и политологии',0),(136,0,'Конкурентного права',0),(137,0,'Финансового и административного права',0),(138,0,'Алгебры и геометрии',0),(139,0,'Кафедра осетинской литературы',0),(140,0,'Кафедра всеобщей истории',0),(141,0,'Кафедра политологии',0),(142,0,'Российской истории и кавказоведения',0),(143,0,'Педагогического образования',0),(144,0,'Осетинского языка и литературы',0),(145,0,'Философии и социально-политических наук',0),(146,0,'Кафедра 128',0);
/*!40000 ALTER TABLE `departments` ENABLE KEYS */;
UNLOCK TABLES;

--
-- Table structure for table `edu_forms`
--

DROP TABLE IF EXISTS `edu_forms`;
/*!40101 SET @saved_cs_client     = @@character_set_client */;
/*!50503 SET character_set_client = utf8mb4 */;
CREATE TABLE `edu_forms` (
  `id` int NOT NULL AUTO_INCREMENT,
  `title` varchar(20) NOT NULL,
  PRIMARY KEY (`id`)
) ENGINE=InnoDB AUTO_INCREMENT=4 DEFAULT CHARSET=cp1251;
/*!40101 SET character_set_client = @saved_cs_client */;

--
-- Dumping data for table `edu_forms`
--

LOCK TABLES `edu_forms` WRITE;
/*!40000 ALTER TABLE `edu_forms` DISABLE KEYS */;
INSERT INTO `edu_forms` VALUES (1,'Очная'),(2,'Очно-заочная'),(3,'Заочная');
/*!40000 ALTER TABLE `edu_forms` ENABLE KEYS */;
UNLOCK TABLES;

--
-- Table structure for table `edu_levels`
--

DROP TABLE IF EXISTS `edu_levels`;
/*!40101 SET @saved_cs_client     = @@character_set_client */;
/*!50503 SET character_set_client = utf8mb4 */;
CREATE TABLE `edu_levels` (
  `id` int NOT NULL AUTO_INCREMENT,
  `title` varchar(50) NOT NULL,
  `level` tinyint(1) NOT NULL DEFAULT '1' COMMENT '1-high level',
  PRIMARY KEY (`id`)
) ENGINE=InnoDB AUTO_INCREMENT=6 DEFAULT CHARSET=cp1251;
/*!40101 SET character_set_client = @saved_cs_client */;

--
-- Dumping data for table `edu_levels`
--

LOCK TABLES `edu_levels` WRITE;
/*!40000 ALTER TABLE `edu_levels` DISABLE KEYS */;
INSERT INTO `edu_levels` VALUES (1,'бакалавриат',1),(2,'магистратура',1),(3,'специалитет',1),(4,'аспирантура',1),(5,'докторантура',1);
/*!40000 ALTER TABLE `edu_levels` ENABLE KEYS */;
UNLOCK TABLES;

--
-- Table structure for table `edu_plan`
--

DROP TABLE IF EXISTS `edu_plan`;
/*!40101 SET @saved_cs_client     = @@character_set_client */;
/*!50503 SET character_set_client = utf8mb4 */;
CREATE TABLE `edu_plan` (
  `id` int NOT NULL AUTO_INCREMENT,
  `block_id` int NOT NULL,
  `subject_id` int NOT NULL,
  `code_subject` varchar(32) NOT NULL,
  `department_id` int NOT NULL,
  `title_plan_id` int NOT NULL,
  PRIMARY KEY (`id`)
) ENGINE=InnoDB AUTO_INCREMENT=910 DEFAULT CHARSET=cp1251;
/*!40101 SET character_set_client = @saved_cs_client */;

--
-- Dumping data for table `edu_plan`
--

LOCK TABLES `edu_plan` WRITE;
/*!40000 ALTER TABLE `edu_plan` DISABLE KEYS */;
INSERT INTO `edu_plan` VALUES (1,1,1,'Б1.О.01',0,1),(2,1,2,'Б1.О.01.01',36,1),(3,1,3,'Б1.О.01.02',130,1),(4,1,4,'Б1.О.02',22,1),(5,1,5,'Б1.О.03',103,1),(6,1,6,'Б1.О.04',65,1),(7,1,7,'Б1.О.05',68,1),(8,1,8,'Б1.О.06',66,1),(9,1,9,'Б1.О.07',65,1),(10,1,10,'Б1.О.08',65,1),(11,1,11,'Б1.О.09',65,1),(12,1,12,'Б1.О.10',66,1),(13,1,13,'Б1.О.11',66,1),(14,1,14,'Б1.О.12',65,1),(15,1,15,'Б1.О.13',65,1),(16,1,16,'Б1.О.14',73,1),(17,1,17,'Б1.О.15',65,1),(18,1,18,'Б1.О.16',66,1),(19,1,19,'Б1.О.17',67,1),(20,1,20,'Б1.О.18',118,1),(21,1,21,'Б1.О.19',67,1),(22,1,22,'Б1.О.20',43,1),(23,1,23,'Б1.О.21',66,1),(24,1,24,'Б1.О.22',65,1),(25,1,25,'Б1.О.23',66,1),(26,1,26,'Б1.О.24',66,1),(27,1,27,'Б1.О.25',50,1),(28,1,28,'Б1.О.26',50,1),(29,1,29,'Б1.О.27',67,1),(30,1,30,'Б1.О.28',66,1),(31,1,31,'Б1.О.29',67,1),(32,1,32,'Б1.О.30',65,1),(33,1,33,'Б1.О.31',65,1),(34,2,34,'Б1.В.01',22,1),(35,2,35,'Б1.В.02',65,1),(36,2,36,'Б1.В.03',68,1),(37,2,37,'Б1.В.04',66,1),(38,2,38,'Б1.В.05',65,1),(39,2,39,'Б1.В.06',103,1),(40,2,40,'Б1.В.07',65,1),(41,2,41,'Б1.В.08',65,1),(42,2,42,'Б1.В.09',124,1),(43,2,43,'Б1.В.10',66,1),(44,2,44,'Б1.В.11',68,1),(45,2,45,'Б1.В.12',65,1),(46,2,46,'Б1.В.13',50,1),(47,2,47,'Б1.В.14',120,1),(48,2,48,'Б1.В.15',50,1),(49,2,49,'Б1.В.ДВ.01',0,1),(50,2,50,'Б1.В.ДВ.01.01',88,1),(51,2,51,'Б1.В.ДВ.01.02',14,1),(52,2,52,'Б1.В.ДВ.02',0,1),(53,2,53,'Б1.В.ДВ.02.01',65,1),(54,2,54,'Б1.В.ДВ.02.02',66,1),(55,2,55,'Б1.В.ДВ.03',0,1),(56,2,56,'Б1.В.ДВ.03.01',68,1),(57,2,57,'Б1.В.ДВ.03.02',65,1),(58,2,58,'Б1.В.ДВ.04',0,1),(59,2,59,'Б1.В.ДВ.04.01',65,1),(60,2,60,'Б1.В.ДВ.04.02',65,1),(61,2,61,'Б1.В.ДВ.05',0,1),(62,2,62,'Б1.В.ДВ.05.01',66,1),(63,2,63,'Б1.В.ДВ.05.02',65,1),(64,2,64,'Б1.В.ДВ.06',0,1),(65,2,65,'Б1.В.ДВ.06.01',65,1),(66,2,66,'Б1.В.ДВ.06.02',65,1),(67,2,67,'Б1.В.ДВ.07',0,1),(68,2,68,'Б1.В.ДВ.07.01',67,1),(69,2,69,'Б1.В.ДВ.07.02',65,1),(70,2,70,'Б1.В.ДВ.08',0,1),(71,2,71,'Б1.В.ДВ.08.01',66,1),(72,2,72,'Б1.В.ДВ.08.02',65,1),(73,2,73,'Б1.В.ДВ.09',0,1),(74,2,74,'Б1.В.ДВ.09.01',65,1),(75,2,75,'Б1.В.ДВ.09.02',65,1),(76,3,76,'Б2.О.01(У)',66,1),(77,3,77,'Б2.О.02(П)',65,1),(78,4,78,'Б2.В.01(П)',65,1),(79,13,79,'Б3.01(Г)',65,1),(80,13,80,'Б3.02(Д)',65,1),(81,11,81,'ФТД.01',43,1),(82,11,82,'ФТД.02',88,1),(83,11,83,'ФТД.03',88,1),(84,1,1,'Б1.О.01',0,2),(85,1,3,'Б1.О.01.01',130,2),(86,1,2,'Б1.О.01.02',36,2),(87,1,5,'Б1.О.02',103,2),(88,1,4,'Б1.О.03',22,2),(89,1,16,'Б1.О.04',114,2),(90,1,10,'Б1.О.05',65,2),(91,1,6,'Б1.О.06',65,2),(92,1,7,'Б1.О.07',65,2),(93,1,84,'Б1.О.08',133,2),(94,1,85,'Б1.О.09',133,2),(95,1,12,'Б1.О.10',133,2),(96,1,86,'Б1.О.11',65,2),(97,1,87,'Б1.О.12',73,2),(98,1,17,'Б1.О.13',65,2),(99,1,88,'Б1.О.14',65,2),(100,1,89,'Б1.О.15',133,2),(101,1,20,'Б1.О.16',118,2),(102,1,21,'Б1.О.17',65,2),(103,1,31,'Б1.О.18',133,2),(104,1,90,'Б1.О.19',133,2),(105,1,44,'Б1.О.20',133,2),(106,1,75,'Б1.О.21',133,2),(107,1,91,'Б1.О.22',133,2),(108,1,92,'Б1.О.23',65,2),(109,1,26,'Б1.О.24',133,2),(110,1,93,'Б1.О.25',132,2),(111,2,34,'Б1.В.01',22,2),(112,2,94,'Б1.В.02',133,2),(113,2,95,'Б1.В.03',14,2),(114,2,96,'Б1.В.04',133,2),(115,2,97,'Б1.В.05',133,2),(116,2,98,'Б1.В.06',133,2),(117,2,99,'Б1.В.07',133,2),(118,2,100,'Б1.В.08',133,2),(119,2,101,'Б1.В.09',132,2),(120,2,102,'Б1.В.10',134,2),(121,2,103,'Б1.В.11',39,2),(122,2,104,'Б1.В.12',64,2),(123,2,105,'Б1.В.13',133,2),(124,2,15,'Б1.В.14',65,2),(125,2,106,'Б1.В.15',133,2),(126,2,66,'Б1.В.16',65,2),(127,2,37,'Б1.В.17',133,2),(128,2,107,'Б1.В.ДВ.01',0,2),(129,2,108,'Б1.В.ДВ.01.01',118,2),(130,2,109,'Б1.В.ДВ.01.02',118,2),(131,2,110,'Б1.В.ДВ.02',0,2),(132,2,36,'Б1.В.ДВ.02.01',133,2),(133,2,111,'Б1.В.ДВ.02.02',65,2),(134,2,112,'Б1.В.ДВ.03',0,2),(135,2,113,'Б1.В.ДВ.03.01',133,2),(136,2,114,'Б1.В.ДВ.03.02',133,2),(137,2,115,'Б1.В.ДВ.04',0,2),(138,2,116,'Б1.В.ДВ.04.01',133,2),(139,2,117,'Б1.В.ДВ.04.02',133,2),(140,2,118,'Б1.В.ДВ.05',0,2),(141,2,119,'Б1.В.ДВ.05.01',133,2),(142,2,120,'Б1.В.ДВ.05.02',133,2),(143,2,121,'Б1.В.ДВ.06',0,2),(144,2,122,'Б1.В.ДВ.06.01',65,2),(145,2,123,'Б1.В.ДВ.06.02',133,2),(146,3,124,'Б2.О.01(У)',133,2),(147,3,125,'Б2.О.02(П)',133,2),(148,4,0,'Б2.В.01(У)',133,2),(149,4,78,'Б2.В.02(П)',133,2),(150,13,79,'Б3.01(Г)',0,2),(151,13,80,'Б3.02(Д)',0,2),(152,0,126,'ФТД.01',135,2),(153,0,127,'ФТД.02',133,2),(154,1,1,'Б1.О.01',0,3),(155,1,3,'Б1.О.01.01',130,3),(156,1,2,'Б1.О.01.02',36,3),(157,1,5,'Б1.О.02',103,3),(158,1,4,'Б1.О.03',22,3),(159,1,16,'Б1.О.04',73,3),(160,1,10,'Б1.О.05',65,3),(161,1,6,'Б1.О.06',65,3),(162,1,7,'Б1.О.07',65,3),(163,1,84,'Б1.О.08',133,3),(164,1,85,'Б1.О.09',133,3),(165,1,12,'Б1.О.10',133,3),(166,1,86,'Б1.О.11',133,3),(167,1,87,'Б1.О.12',73,3),(168,1,17,'Б1.О.13',65,3),(169,1,88,'Б1.О.14',65,3),(170,1,89,'Б1.О.15',133,3),(171,1,20,'Б1.О.16',118,3),(172,1,21,'Б1.О.17',65,3),(173,1,31,'Б1.О.18',65,3),(174,1,90,'Б1.О.19',133,3),(175,1,44,'Б1.О.20',133,3),(176,1,75,'Б1.О.21',133,3),(177,1,91,'Б1.О.22',133,3),(178,1,36,'Б1.О.23',65,3),(179,1,26,'Б1.О.24',133,3),(180,1,93,'Б1.О.25',132,3),(181,2,34,'Б1.В.01',22,3),(182,2,94,'Б1.В.02',133,3),(183,2,95,'Б1.В.03',14,3),(184,2,96,'Б1.В.04',133,3),(185,2,97,'Б1.В.05',133,3),(186,2,98,'Б1.В.06',133,3),(187,2,99,'Б1.В.07',133,3),(188,2,100,'Б1.В.08',133,3),(189,2,101,'Б1.В.09',132,3),(190,2,102,'Б1.В.10',134,3),(191,2,103,'Б1.В.11',39,3),(192,2,104,'Б1.В.12',64,3),(193,2,105,'Б1.В.13',133,3),(194,2,15,'Б1.В.14',65,3),(195,2,106,'Б1.В.15',133,3),(196,2,66,'Б1.В.16',133,3),(197,2,37,'Б1.В.17',133,3),(198,2,107,'Б1.В.ДВ.01',0,3),(199,2,108,'Б1.В.ДВ.01.01',118,3),(200,2,109,'Б1.В.ДВ.01.02',118,3),(201,2,110,'Б1.В.ДВ.02',0,3),(202,2,128,'Б1.В.ДВ.02.01',133,3),(203,2,92,'Б1.В.ДВ.02.02',65,3),(204,2,112,'Б1.В.ДВ.03',0,3),(205,2,129,'Б1.В.ДВ.03.01',133,3),(206,2,114,'Б1.В.ДВ.03.02',133,3),(207,2,115,'Б1.В.ДВ.04',0,3),(208,2,116,'Б1.В.ДВ.04.01',133,3),(209,2,117,'Б1.В.ДВ.04.02',133,3),(210,2,118,'Б1.В.ДВ.05',0,3),(211,2,119,'Б1.В.ДВ.05.01',133,3),(212,2,120,'Б1.В.ДВ.05.02',133,3),(213,2,121,'Б1.В.ДВ.06',0,3),(214,2,122,'Б1.В.ДВ.06.01',65,3),(215,2,123,'Б1.В.ДВ.06.02',65,3),(216,3,124,'Б2.О.01(У)',133,3),(217,3,125,'Б2.О.02(П)',133,3),(218,4,0,'Б2.В.01(У)',133,3),(219,4,78,'Б2.В.02(П)',133,3),(220,13,79,'Б3.01(Г)',0,3),(221,13,80,'Б3.02(Д)',0,3),(222,0,81,'ФТД.01',107,3),(223,0,82,'ФТД.02',88,3),(224,0,83,'ФТД.03',88,3),(225,0,126,'ФТД.05',135,3),(226,0,127,'ФТД.06',133,3),(227,1,1,'Б1.О.01',0,4),(228,1,3,'Б1.О.01.01',130,4),(229,1,2,'Б1.О.01.02',36,4),(230,1,5,'Б1.О.02',103,4),(231,1,4,'Б1.О.03',22,4),(232,1,16,'Б1.О.04',73,4),(233,1,94,'Б1.О.05',133,4),(234,1,11,'Б1.О.06',138,4),(235,1,10,'Б1.О.07',138,4),(236,1,6,'Б1.О.08',138,4),(237,1,84,'Б1.О.09',133,4),(238,1,85,'Б1.О.10',133,4),(239,1,101,'Б1.О.11',50,4),(240,1,12,'Б1.О.12',133,4),(241,1,7,'Б1.О.13',68,4),(242,1,17,'Б1.О.14',138,4),(243,1,86,'Б1.О.15',133,4),(244,1,88,'Б1.О.16',138,4),(245,1,130,'Б1.О.17',133,4),(246,1,89,'Б1.О.18',133,4),(247,1,44,'Б1.О.19',133,4),(248,1,91,'Б1.О.20',133,4),(249,1,75,'Б1.О.21',133,4),(250,1,20,'Б1.О.22',118,4),(251,1,90,'Б1.О.23',133,4),(252,1,36,'Б1.О.24',138,4),(253,1,26,'Б1.О.25',133,4),(254,1,87,'Б1.О.26',73,4),(255,1,93,'Б1.О.27',50,4),(256,1,21,'Б1.О.28',138,4),(257,1,15,'Б1.О.29',138,4),(258,1,95,'Б1.О.30',14,4),(259,1,104,'Б1.О.31',64,4),(260,1,31,'Б1.О.32',138,4),(261,2,34,'Б1.В.01',22,4),(262,2,100,'Б1.В.02',133,4),(263,2,102,'Б1.В.03',78,4),(264,2,103,'Б1.В.04',39,4),(265,2,131,'Б1.В.05',133,4),(266,2,66,'Б1.В.06',133,4),(267,2,132,'Б1.В.07',133,4),(268,2,106,'Б1.В.08',133,4),(269,2,105,'Б1.В.09',133,4),(270,2,127,'Б1.В.10',133,4),(271,2,133,'Б1.В.11',133,4),(272,2,96,'Б1.В.12',133,4),(273,2,99,'Б1.В.13',133,4),(274,2,37,'Б1.В.14',133,4),(275,2,49,'Б1.В.ДВ.01',0,4),(276,2,108,'Б1.В.ДВ.01.01',118,4),(277,2,109,'Б1.В.ДВ.01.02',118,4),(278,2,52,'Б1.В.ДВ.02',0,4),(279,2,128,'Б1.В.ДВ.02.01',133,4),(280,2,92,'Б1.В.ДВ.02.02',138,4),(281,2,55,'Б1.В.ДВ.03',0,4),(282,2,129,'Б1.В.ДВ.03.01',133,4),(283,2,114,'Б1.В.ДВ.03.02',133,4),(284,2,58,'Б1.В.ДВ.04',0,4),(285,2,116,'Б1.В.ДВ.04.01',133,4),(286,2,117,'Б1.В.ДВ.04.02',133,4),(287,2,61,'Б1.В.ДВ.05',0,4),(288,2,119,'Б1.В.ДВ.05.01',133,4),(289,2,120,'Б1.В.ДВ.05.02',133,4),(290,2,64,'Б1.В.ДВ.06',0,4),(291,2,122,'Б1.В.ДВ.06.01',138,4),(292,2,123,'Б1.В.ДВ.06.02',133,4),(293,3,124,'Б2.О.01(У)',133,4),(294,3,125,'Б2.О.02(П)',133,4),(295,4,0,'Б2.В.01(У)',133,4),(296,4,78,'Б2.В.02(П)',133,4),(297,13,79,'Б3.01(Г)',0,4),(298,13,80,'Б3.02(Д)',0,4),(299,0,81,'ФТД.01',42,4),(300,0,82,'ФТД.02',88,4),(301,0,83,'ФТД.03',88,4),(302,0,126,'ФТД.05',112,4),(303,1,1,'Б1.О.01',0,5),(304,1,3,'Б1.О.01.01',130,5),(305,1,2,'Б1.О.01.02',36,5),(306,1,5,'Б1.О.02',103,5),(307,1,4,'Б1.О.03',22,5),(308,1,16,'Б1.О.04',114,5),(309,1,10,'Б1.О.05',65,5),(310,1,6,'Б1.О.06',65,5),(311,1,7,'Б1.О.07',65,5),(312,1,84,'Б1.О.08',133,5),(313,1,85,'Б1.О.09',133,5),(314,1,134,'Б1.О.10',65,5),(315,1,12,'Б1.О.11',133,5),(316,1,135,'Б1.О.12',133,5),(317,1,87,'Б1.О.13',73,5),(318,1,136,'Б1.О.14',73,5),(319,1,97,'Б1.О.15',65,5),(320,1,137,'Б1.О.16',133,5),(321,1,138,'Б1.О.17',133,5),(322,1,20,'Б1.О.18',118,5),(323,1,91,'Б1.О.19',133,5),(324,1,130,'Б1.О.20',133,5),(325,1,139,'Б1.О.21',64,5),(326,1,140,'Б1.О.22',132,5),(327,2,34,'Б1.В.01',22,5),(328,2,94,'Б1.В.02',133,5),(329,2,141,'Б1.В.03',65,5),(330,2,96,'Б1.В.04',133,5),(331,2,88,'Б1.В.05',65,5),(332,2,44,'Б1.В.06',133,5),(333,2,98,'Б1.В.07',133,5),(334,2,142,'Б1.В.08',133,5),(335,2,75,'Б1.В.09',133,5),(336,2,99,'Б1.В.10',133,5),(337,2,143,'Б1.В.11',133,5),(338,2,100,'Б1.В.12',133,5),(339,2,144,'Б1.В.13',133,5),(340,2,101,'Б1.В.14',132,5),(341,2,145,'Б1.В.15',65,5),(342,2,102,'Б1.В.16',134,5),(343,2,103,'Б1.В.17',39,5),(344,2,131,'Б1.В.18',65,5),(345,2,107,'Б1.В.ДВ.01',0,5),(346,2,95,'Б1.В.ДВ.01.01',14,5),(347,2,146,'Б1.В.ДВ.01.02',132,5),(348,2,110,'Б1.В.ДВ.02',0,5),(349,2,17,'Б1.В.ДВ.02.01',65,5),(350,2,21,'Б1.В.ДВ.02.02',65,5),(351,2,112,'Б1.В.ДВ.03',0,5),(352,2,108,'Б1.В.ДВ.03.01',118,5),(353,2,109,'Б1.В.ДВ.03.02',118,5),(354,2,115,'Б1.В.ДВ.04',0,5),(355,2,147,'Б1.В.ДВ.04.01',65,5),(356,2,148,'Б1.В.ДВ.04.02',65,5),(357,2,118,'Б1.В.ДВ.05',0,5),(358,2,57,'Б1.В.ДВ.05.01',65,5),(359,2,149,'Б1.В.ДВ.05.02',67,5),(360,2,121,'Б1.В.ДВ.06',0,5),(361,2,66,'Б1.В.ДВ.06.01',65,5),(362,2,150,'Б1.В.ДВ.06.02',65,5),(363,2,151,'Б1.В.ДВ.07',0,5),(364,2,152,'Б1.В.ДВ.07.01',133,5),(365,2,120,'Б1.В.ДВ.07.02',133,5),(366,2,153,'Б1.В.ДВ.08',0,5),(367,2,154,'Б1.В.ДВ.08.01',133,5),(368,2,117,'Б1.В.ДВ.08.02',133,5),(369,2,155,'Б1.В.ДВ.09',0,5),(370,2,156,'Б1.В.ДВ.09.01',133,5),(371,2,157,'Б1.В.ДВ.09.02',133,5),(372,3,158,'Б2.О.01(У)',133,5),(373,3,124,'Б2.О.02(У)',133,5),(374,3,78,'Б2.О.03(Пд)',133,5),(375,4,125,'Б2.В.01(П)',133,5),(376,13,79,'Б3.01(Г)',0,5),(377,13,80,'Б3.02(Д)',0,5),(378,11,126,'ФТД.01',135,5),(379,11,23,'ФТД.02',133,5),(380,1,1,'Б1.О.01',0,6),(381,1,3,'Б1.О.01.01',130,6),(382,1,2,'Б1.О.01.02',36,6),(383,1,5,'Б1.О.02',103,6),(384,1,4,'Б1.О.03',22,6),(385,1,16,'Б1.О.04',73,6),(386,1,10,'Б1.О.05',65,6),(387,1,6,'Б1.О.06',65,6),(388,1,7,'Б1.О.07',65,6),(389,1,84,'Б1.О.08',133,6),(390,1,85,'Б1.О.09',133,6),(391,1,134,'Б1.О.10',65,6),(392,1,12,'Б1.О.11',133,6),(393,1,135,'Б1.О.12',133,6),(394,1,87,'Б1.О.13',73,6),(395,1,136,'Б1.О.14',73,6),(396,1,97,'Б1.О.15',65,6),(397,1,137,'Б1.О.16',133,6),(398,1,138,'Б1.О.17',133,6),(399,1,20,'Б1.О.18',118,6),(400,1,91,'Б1.О.19',133,6),(401,1,130,'Б1.О.20',133,6),(402,1,139,'Б1.О.21',64,6),(403,1,140,'Б1.О.22',132,6),(404,2,34,'Б1.В.01',22,6),(405,2,94,'Б1.В.02',133,6),(406,2,141,'Б1.В.03',65,6),(407,2,96,'Б1.В.04',133,6),(408,2,88,'Б1.В.05',65,6),(409,2,44,'Б1.В.06',133,6),(410,2,98,'Б1.В.07',133,6),(411,2,142,'Б1.В.08',133,6),(412,2,75,'Б1.В.09',133,6),(413,2,99,'Б1.В.10',133,6),(414,2,143,'Б1.В.11',133,6),(415,2,100,'Б1.В.12',133,6),(416,2,144,'Б1.В.13',133,6),(417,2,101,'Б1.В.14',132,6),(418,2,145,'Б1.В.15',65,6),(419,2,102,'Б1.В.16',134,6),(420,2,103,'Б1.В.17',39,6),(421,2,131,'Б1.В.18',133,6),(422,2,107,'Б1.В.ДВ.01',0,6),(423,2,51,'Б1.В.ДВ.01.01',14,6),(424,2,146,'Б1.В.ДВ.01.02',132,6),(425,2,110,'Б1.В.ДВ.02',0,6),(426,2,17,'Б1.В.ДВ.02.01',65,6),(427,2,21,'Б1.В.ДВ.02.02',65,6),(428,2,112,'Б1.В.ДВ.03',0,6),(429,2,108,'Б1.В.ДВ.03.01',118,6),(430,2,109,'Б1.В.ДВ.03.02',118,6),(431,2,115,'Б1.В.ДВ.04',0,6),(432,2,147,'Б1.В.ДВ.04.01',133,6),(433,2,148,'Б1.В.ДВ.04.02',133,6),(434,2,118,'Б1.В.ДВ.05',0,6),(435,2,57,'Б1.В.ДВ.05.01',65,6),(436,2,149,'Б1.В.ДВ.05.02',65,6),(437,2,121,'Б1.В.ДВ.06',0,6),(438,2,66,'Б1.В.ДВ.06.01',133,6),(439,2,150,'Б1.В.ДВ.06.02',133,6),(440,2,151,'Б1.В.ДВ.07',0,6),(441,2,152,'Б1.В.ДВ.07.01',133,6),(442,2,120,'Б1.В.ДВ.07.02',133,6),(443,2,153,'Б1.В.ДВ.08',0,6),(444,2,154,'Б1.В.ДВ.08.01',133,6),(445,2,117,'Б1.В.ДВ.08.02',133,6),(446,2,155,'Б1.В.ДВ.09',0,6),(447,2,156,'Б1.В.ДВ.09.01',133,6),(448,2,157,'Б1.В.ДВ.09.02',133,6),(449,3,158,'Б2.О.01(У)',133,6),(450,3,124,'Б2.О.02(У)',133,6),(451,3,78,'Б2.О.03(Пд)',133,6),(452,4,125,'Б2.В.01(П)',133,6),(453,13,79,'Б3.01(Г)',0,6),(454,13,80,'Б3.02(Д)',0,6),(455,11,81,'ФТД.01',107,6),(456,11,82,'ФТД.02',88,6),(457,11,83,'ФТД.03',88,6),(458,11,126,'ФТД.04',135,6),(459,11,23,'ФТД.06',133,6),(460,1,1,'Б1.О.01',0,7),(461,1,3,'Б1.О.01.01',130,7),(462,1,2,'Б1.О.01.02',36,7),(463,1,5,'Б1.О.02',103,7),(464,1,4,'Б1.О.03',22,7),(465,1,16,'Б1.О.04',73,7),(466,1,10,'Б1.О.05',138,7),(467,1,6,'Б1.О.06',138,7),(468,1,84,'Б1.О.07',133,7),(469,1,85,'Б1.О.08',133,7),(470,1,134,'Б1.О.09',67,7),(471,1,7,'Б1.О.10',68,7),(472,1,135,'Б1.О.11',67,7),(473,1,97,'Б1.О.12',68,7),(474,1,136,'Б1.О.13',73,7),(475,1,137,'Б1.О.14',133,7),(476,1,138,'Б1.О.15',67,7),(477,1,20,'Б1.О.16',118,7),(478,1,91,'Б1.О.17',133,7),(479,1,139,'Б1.О.18',64,7),(480,1,87,'Б1.О.19',73,7),(481,1,12,'Б1.О.20',133,7),(482,1,11,'Б1.О.21',67,7),(483,1,130,'Б1.О.22',133,7),(484,1,140,'Б1.О.23',50,7),(485,1,101,'Б1.О.24',50,7),(486,1,94,'Б1.О.25',133,7),(487,2,34,'Б1.В.01',22,7),(488,2,88,'Б1.В.02',67,7),(489,2,142,'Б1.В.03',133,7),(490,2,159,'Б1.В.04',133,7),(491,2,44,'Б1.В.05',133,7),(492,2,133,'Б1.В.06',133,7),(493,2,75,'Б1.В.07',133,7),(494,2,100,'Б1.В.08',133,7),(495,2,143,'Б1.В.09',133,7),(496,2,144,'Б1.В.10',133,7),(497,2,141,'Б1.В.11',138,7),(498,2,23,'Б1.В.12',133,7),(499,2,145,'Б1.В.13',138,7),(500,2,99,'Б1.В.14',133,7),(501,2,96,'Б1.В.15',133,7),(502,2,102,'Б1.В.16',78,7),(503,2,103,'Б1.В.17',39,7),(504,2,131,'Б1.В.18',133,7),(505,2,49,'Б1.В.ДВ.01',0,7),(506,2,51,'Б1.В.ДВ.01.01',14,7),(507,2,146,'Б1.В.ДВ.01.02',14,7),(508,2,52,'Б1.В.ДВ.02',0,7),(509,2,108,'Б1.В.ДВ.02.01',118,7),(510,2,109,'Б1.В.ДВ.02.02',118,7),(511,2,55,'Б1.В.ДВ.03',0,7),(512,2,154,'Б1.В.ДВ.03.01',133,7),(513,2,117,'Б1.В.ДВ.03.02',133,7),(514,2,115,'Б1.В.ДВ.04',0,7),(515,2,147,'Б1.В.ДВ.04.01',133,7),(516,2,148,'Б1.В.ДВ.04.02',133,7),(517,2,118,'Б1.В.ДВ.05',0,7),(518,2,156,'Б1.В.ДВ.05.01',133,7),(519,2,157,'Б1.В.ДВ.05.02',133,7),(520,2,121,'Б1.В.ДВ.06',0,7),(521,2,57,'Б1.В.ДВ.06.01',138,7),(522,2,149,'Б1.В.ДВ.06.02',138,7),(523,2,151,'Б1.В.ДВ.07',0,7),(524,2,66,'Б1.В.ДВ.07.01',133,7),(525,2,150,'Б1.В.ДВ.07.02',133,7),(526,2,70,'Б1.В.ДВ.08',0,7),(527,2,152,'Б1.В.ДВ.08.01',133,7),(528,2,120,'Б1.В.ДВ.08.02',133,7),(529,2,73,'Б1.В.ДВ.09',0,7),(530,2,17,'Б1.В.ДВ.09.01',138,7),(531,2,21,'Б1.В.ДВ.09.02',138,7),(532,3,158,'Б2.О.01(У)',133,7),(533,3,124,'Б2.О.02(У)',133,7),(534,3,78,'Б2.О.03(Пд)',133,7),(535,4,125,'Б2.В.01(П)',133,7),(536,13,79,'Б3.01(Г)',0,7),(537,13,80,'Б3.02(Д)',0,7),(538,11,81,'ФТД.01',42,7),(539,11,82,'ФТД.02',88,7),(540,11,83,'ФТД.03',88,7),(541,11,126,'ФТД.04',112,7),(542,1,1,'Б1.О.01',0,8),(543,1,2,'Б1.О.01.01',36,8),(544,1,3,'Б1.О.01.02',130,8),(545,1,20,'Б1.О.02',118,8),(546,1,16,'Б1.О.03',114,8),(547,1,5,'Б1.О.04',103,8),(548,1,160,'Б1.О.05',39,8),(549,1,161,'Б1.О.06',133,8),(550,1,4,'Б1.О.07',22,8),(551,1,28,'Б1.О.08',132,8),(552,1,27,'Б1.О.09',132,8),(553,1,162,'Б1.О.10',132,8),(554,1,11,'Б1.О.11',65,8),(555,1,163,'Б1.О.12',65,8),(556,1,6,'Б1.О.13',65,8),(557,1,10,'Б1.О.14',65,8),(558,1,7,'Б1.О.15',65,8),(559,1,84,'Б1.О.16',133,8),(560,1,164,'Б1.О.17',133,8),(561,1,12,'Б1.О.18',133,8),(562,1,17,'Б1.О.19',65,8),(563,1,88,'Б1.О.20',65,8),(564,1,99,'Б1.О.21',133,8),(565,1,165,'Б1.О.22',133,8),(566,1,166,'Б1.О.23',65,8),(567,1,167,'Б1.О.24',133,8),(568,1,168,'Б1.О.25',65,8),(569,1,169,'Б1.О.26',133,8),(570,1,87,'Б1.О.27',73,8),(571,1,170,'Б1.О.28',95,8),(572,1,96,'Б1.О.29',133,8),(573,1,171,'Б1.О.30',133,8),(574,1,172,'Б1.О.31',132,8),(575,1,173,'Б1.О.32',132,8),(576,1,141,'Б1.О.33',65,8),(577,1,174,'Б1.О.34',133,8),(578,1,175,'Б1.О.35',65,8),(579,1,176,'Б1.О.36',133,8),(580,2,34,'Б1.В.01',22,8),(581,2,21,'Б1.В.02',65,8),(582,2,177,'Б1.В.03',133,8),(583,2,178,'Б1.В.04',133,8),(584,2,179,'Б1.В.05',133,8),(585,2,180,'Б1.В.06',65,8),(586,2,51,'Б1.В.07',14,8),(587,2,181,'Б1.В.08',65,8),(588,2,36,'Б1.В.09',133,8),(589,2,182,'Б1.В.10',133,8),(590,2,107,'Б1.В.ДВ.01',0,8),(591,2,46,'Б1.В.ДВ.01.01',132,8),(592,2,183,'Б1.В.ДВ.01.02',132,8),(593,2,110,'Б1.В.ДВ.02',0,8),(594,2,108,'Б1.В.ДВ.02.01',118,8),(595,2,184,'Б1.В.ДВ.02.02',118,8),(596,2,112,'Б1.В.ДВ.03',0,8),(597,2,185,'Б1.В.ДВ.03.01',118,8),(598,2,186,'Б1.В.ДВ.03.02',118,8),(599,2,115,'Б1.В.ДВ.04',0,8),(600,2,187,'Б1.В.ДВ.04.01',65,8),(601,2,188,'Б1.В.ДВ.04.02',65,8),(602,2,118,'Б1.В.ДВ.05',0,8),(603,2,189,'Б1.В.ДВ.05.01',133,8),(604,2,190,'Б1.В.ДВ.05.02',65,8),(605,2,121,'Б1.В.ДВ.06',0,8),(606,2,191,'Б1.В.ДВ.06.01',132,8),(607,2,192,'Б1.В.ДВ.06.02',132,8),(608,2,151,'Б1.В.ДВ.07',0,8),(609,2,193,'Б1.В.ДВ.07.01',133,8),(610,2,106,'Б1.В.ДВ.07.02',133,8),(611,2,153,'Б1.В.ДВ.08',0,8),(612,2,194,'Б1.В.ДВ.08.01',133,8),(613,2,152,'Б1.В.ДВ.08.02',133,8),(614,2,155,'Б1.В.ДВ.09',0,8),(615,2,195,'Б1.В.ДВ.09.01',133,8),(616,2,127,'Б1.В.ДВ.09.02',133,8),(617,2,196,'Б1.В.ДВ.10',0,8),(618,2,197,'Б1.В.ДВ.10.01',65,8),(619,2,198,'Б1.В.ДВ.10.02',65,8),(620,2,199,'Б1.В.ДВ.11',0,8),(621,2,200,'Б1.В.ДВ.11.01',132,8),(622,2,201,'Б1.В.ДВ.11.02',65,8),(623,3,158,'Б2.О.01(У)',65,8),(624,3,202,'Б2.О.02(У)',133,8),(625,3,203,'Б2.О.03(Н)',65,8),(626,3,204,'Б2.О.04(У)',133,8),(627,3,205,'Б2.О.05(П)',133,8),(628,3,78,'Б2.О.06(Пд)',65,8),(629,3,206,'Б2.О.07(У)',132,8),(630,3,207,'Б2.О.08(П)',132,8),(631,4,208,'Б2.В.01(П)',65,8),(632,4,209,'Б2.В.02(П)',65,8),(633,4,210,'Б2.В.03(П)',65,8),(634,13,79,'Б3.01(Г)',0,8),(635,13,80,'Б3.02(Д)',0,8),(636,11,81,'ФТД.01',42,8),(637,11,126,'ФТД.02',135,8),(638,1,1,'Б1.О.01',0,9),(639,1,2,'Б1.О.01.01',36,9),(640,1,3,'Б1.О.01.02',130,9),(641,1,20,'Б1.О.02',118,9),(642,1,16,'Б1.О.03',73,9),(643,1,5,'Б1.О.04',103,9),(644,1,160,'Б1.О.05',39,9),(645,1,161,'Б1.О.06',133,9),(646,1,4,'Б1.О.07',22,9),(647,1,28,'Б1.О.08',132,9),(648,1,27,'Б1.О.09',132,9),(649,1,162,'Б1.О.10',132,9),(650,1,11,'Б1.О.11',65,9),(651,1,163,'Б1.О.12',65,9),(652,1,6,'Б1.О.13',65,9),(653,1,10,'Б1.О.14',65,9),(654,1,7,'Б1.О.15',65,9),(655,1,84,'Б1.О.16',133,9),(656,1,164,'Б1.О.17',133,9),(657,1,12,'Б1.О.18',133,9),(658,1,17,'Б1.О.19',65,9),(659,1,88,'Б1.О.20',65,9),(660,1,99,'Б1.О.21',133,9),(661,1,165,'Б1.О.22',133,9),(662,1,166,'Б1.О.23',65,9),(663,1,167,'Б1.О.24',133,9),(664,1,168,'Б1.О.25',65,9),(665,1,169,'Б1.О.26',133,9),(666,1,87,'Б1.О.27',73,9),(667,1,170,'Б1.О.28',95,9),(668,1,96,'Б1.О.29',133,9),(669,1,171,'Б1.О.30',133,9),(670,1,172,'Б1.О.31',132,9),(671,1,173,'Б1.О.32',132,9),(672,1,141,'Б1.О.33',65,9),(673,1,48,'Б1.О.34',132,9),(674,1,174,'Б1.О.35',133,9),(675,1,175,'Б1.О.36',65,9),(676,1,176,'Б1.О.37',133,9),(677,2,34,'Б1.В.01',22,9),(678,2,21,'Б1.В.02',65,9),(679,2,177,'Б1.В.03',133,9),(680,2,178,'Б1.В.04',133,9),(681,2,179,'Б1.В.05',133,9),(682,2,180,'Б1.В.06',65,9),(683,2,51,'Б1.В.07',14,9),(684,2,181,'Б1.В.08',65,9),(685,2,36,'Б1.В.09',133,9),(686,2,182,'Б1.В.10',133,9),(687,2,107,'Б1.В.ДВ.01',0,9),(688,2,46,'Б1.В.ДВ.01.01',132,9),(689,2,183,'Б1.В.ДВ.01.02',132,9),(690,2,110,'Б1.В.ДВ.02',0,9),(691,2,108,'Б1.В.ДВ.02.01',118,9),(692,2,184,'Б1.В.ДВ.02.02',118,9),(693,2,112,'Б1.В.ДВ.03',0,9),(694,2,185,'Б1.В.ДВ.03.01',118,9),(695,2,186,'Б1.В.ДВ.03.02',118,9),(696,2,115,'Б1.В.ДВ.04',0,9),(697,2,187,'Б1.В.ДВ.04.01',65,9),(698,2,188,'Б1.В.ДВ.04.02',65,9),(699,2,118,'Б1.В.ДВ.05',0,9),(700,2,189,'Б1.В.ДВ.05.01',133,9),(701,2,190,'Б1.В.ДВ.05.02',65,9),(702,2,121,'Б1.В.ДВ.06',0,9),(703,2,191,'Б1.В.ДВ.06.01',132,9),(704,2,192,'Б1.В.ДВ.06.02',132,9),(705,2,151,'Б1.В.ДВ.07',0,9),(706,2,193,'Б1.В.ДВ.07.01',133,9),(707,2,106,'Б1.В.ДВ.07.02',133,9),(708,2,153,'Б1.В.ДВ.08',0,9),(709,2,194,'Б1.В.ДВ.08.01',133,9),(710,2,152,'Б1.В.ДВ.08.02',133,9),(711,2,155,'Б1.В.ДВ.09',0,9),(712,2,195,'Б1.В.ДВ.09.01',133,9),(713,2,127,'Б1.В.ДВ.09.02',133,9),(714,2,196,'Б1.В.ДВ.10',0,9),(715,2,197,'Б1.В.ДВ.10.01',65,9),(716,2,198,'Б1.В.ДВ.10.02',65,9),(717,2,199,'Б1.В.ДВ.11',0,9),(718,2,200,'Б1.В.ДВ.11.01',132,9),(719,2,201,'Б1.В.ДВ.11.02',65,9),(720,2,211,'Б1.В.ДВ.12',0,9),(721,2,47,'Б1.В.ДВ.12.01',132,9),(722,2,101,'Б1.В.ДВ.12.02',132,9),(723,3,158,'Б2.О.01(У)',65,9),(724,3,202,'Б2.О.02(У)',133,9),(725,3,203,'Б2.О.03(Н)',65,9),(726,3,204,'Б2.О.04(У)',133,9),(727,3,205,'Б2.О.05(П)',133,9),(728,3,78,'Б2.О.06(Пд)',65,9),(729,3,206,'Б2.О.07(У)',132,9),(730,3,207,'Б2.О.08(П)',132,9),(731,4,208,'Б2.В.01(П)',65,9),(732,4,209,'Б2.В.02(П)',65,9),(733,4,210,'Б2.В.03(П)',65,9),(734,13,79,'Б3.01(Г)',0,9),(735,13,80,'Б3.02(Д)',0,9),(736,11,81,'ФТД.01',42,9),(737,11,82,'ФТД.02',88,9),(738,11,83,'ФТД.03',88,9),(739,11,126,'ФТД.04',135,9),(740,1,1,'Б1.О.01',0,10),(741,1,2,'Б1.О.01.01',36,10),(742,1,3,'Б1.О.01.02',104,10),(743,1,20,'Б1.О.02',118,10),(744,1,16,'Б1.О.03',73,10),(745,1,5,'Б1.О.04',103,10),(746,1,160,'Б1.О.05',39,10),(747,1,161,'Б1.О.06',67,10),(748,1,4,'Б1.О.07',22,10),(749,1,28,'Б1.О.08',50,10),(750,1,27,'Б1.О.09',50,10),(751,1,162,'Б1.О.10',50,10),(752,1,11,'Б1.О.11',67,10),(753,1,212,'Б1.О.12',67,10),(754,1,6,'Б1.О.13',65,10),(755,1,10,'Б1.О.14',65,10),(756,1,7,'Б1.О.15',68,10),(757,1,84,'Б1.О.16',67,10),(758,1,164,'Б1.О.17',67,10),(759,1,12,'Б1.О.18',66,10),(760,1,17,'Б1.О.19',65,10),(761,1,88,'Б1.О.20',67,10),(762,1,213,'Б1.О.21',67,10),(763,1,165,'Б1.О.22',66,10),(764,1,166,'Б1.О.23',68,10),(765,1,167,'Б1.О.24',66,10),(766,1,168,'Б1.О.25',67,10),(767,1,169,'Б1.О.26',66,10),(768,1,87,'Б1.О.27',73,10),(769,1,170,'Б1.О.28',95,10),(770,1,214,'Б1.О.29',67,10),(771,1,171,'Б1.О.30',66,10),(772,1,172,'Б1.О.31',50,10),(773,1,173,'Б1.О.32',50,10),(774,1,189,'Б1.О.33',66,10),(775,1,141,'Б1.О.34',65,10),(776,1,48,'Б1.О.35',50,10),(777,1,174,'Б1.О.36',66,10),(778,1,47,'Б1.О.37',50,10),(779,2,34,'Б1.В.01',22,10),(780,2,187,'Б1.В.02',65,10),(781,2,191,'Б1.В.03',50,10),(782,2,21,'Б1.В.04',67,10),(783,2,177,'Б1.В.05',67,10),(784,2,178,'Б1.В.06',67,10),(785,2,179,'Б1.В.07',67,10),(786,2,215,'Б1.В.08',68,10),(787,2,216,'Б1.В.09',66,10),(788,2,51,'Б1.В.10',14,10),(789,2,107,'Б1.В.ДВ.01',0,10),(790,2,217,'Б1.В.ДВ.01.01',66,10),(791,2,218,'Б1.В.ДВ.01.02',65,10),(792,2,110,'Б1.В.ДВ.02',0,10),(793,2,46,'Б1.В.ДВ.02.01',50,10),(794,2,183,'Б1.В.ДВ.02.02',50,10),(795,2,112,'Б1.В.ДВ.03',0,10),(796,2,108,'Б1.В.ДВ.03.01',118,10),(797,2,184,'Б1.В.ДВ.03.02',118,10),(798,2,115,'Б1.В.ДВ.04',0,10),(799,2,185,'Б1.В.ДВ.04.01',118,10),(800,2,186,'Б1.В.ДВ.04.02',118,10),(801,2,118,'Б1.В.ДВ.05',0,10),(802,2,181,'Б1.В.ДВ.05.01',65,10),(803,2,188,'Б1.В.ДВ.05.02',68,10),(804,2,121,'Б1.В.ДВ.06',0,10),(805,2,36,'Б1.В.ДВ.06.01',68,10),(806,2,190,'Б1.В.ДВ.06.02',68,10),(807,2,151,'Б1.В.ДВ.07',0,10),(808,2,175,'Б1.В.ДВ.07.01',65,10),(809,2,219,'Б1.В.ДВ.07.02',65,10),(810,2,153,'Б1.В.ДВ.08',0,10),(811,2,176,'Б1.В.ДВ.08.01',66,10),(812,2,220,'Б1.В.ДВ.08.02',66,10),(813,2,155,'Б1.В.ДВ.09',0,10),(814,2,182,'Б1.В.ДВ.09.01',66,10),(815,2,192,'Б1.В.ДВ.09.02',50,10),(816,2,196,'Б1.В.ДВ.10',0,10),(817,2,152,'Б1.В.ДВ.10.01',66,10),(818,2,106,'Б1.В.ДВ.10.02',66,10),(819,2,199,'Б1.В.ДВ.11',0,10),(820,2,194,'Б1.В.ДВ.11.01',66,10),(821,2,193,'Б1.В.ДВ.11.02',66,10),(822,2,211,'Б1.В.ДВ.12',0,10),(823,2,127,'Б1.В.ДВ.12.01',66,10),(824,2,195,'Б1.В.ДВ.12.02',66,10),(825,2,221,'Б1.В.ДВ.13',0,10),(826,2,197,'Б1.В.ДВ.13.01',67,10),(827,2,198,'Б1.В.ДВ.13.02',67,10),(828,2,222,'Б1.В.ДВ.14',0,10),(829,2,200,'Б1.В.ДВ.14.01',50,10),(830,2,201,'Б1.В.ДВ.14.02',68,10),(831,3,158,'Б2.О.01(У)',67,10),(832,3,202,'Б2.О.02(У)',66,10),(833,3,203,'Б2.О.03(Н)',68,10),(834,3,204,'Б2.О.04(У)',66,10),(835,3,205,'Б2.О.05(П)',68,10),(836,3,207,'Б2.О.06(П)',50,10),(837,3,78,'Б2.О.07(Пд)',67,10),(838,4,208,'Б2.В.01(П)',67,10),(839,4,209,'Б2.В.02(П)',66,10),(840,4,210,'Б2.В.03(П)',67,10),(841,13,79,'Б3.01(Г)',0,10),(842,13,80,'Б3.02(Д)',0,10),(843,11,81,'ФТД.01',42,10),(844,11,82,'ФТД.02',88,10),(845,11,83,'ФТД.03',88,10),(846,11,126,'ФТД.04',112,10),(847,1,223,'Б1.О.01',65,11),(848,1,224,'Б1.О.02',65,11),(849,1,225,'Б1.О.03',65,11),(850,1,226,'Б1.О.04',103,11),(851,1,227,'Б1.О.05',65,11),(852,1,228,'Б1.О.06',65,11),(853,1,229,'Б1.О.07',65,11),(854,1,230,'Б1.О.08',65,11),(855,1,231,'Б1.О.09',145,11),(856,2,232,'Б1.В.01',65,11),(857,2,233,'Б1.В.02',65,11),(858,2,234,'Б1.В.03',143,11),(859,2,49,'Б1.В.ДВ.01',0,11),(860,2,235,'Б1.В.ДВ.01.01',65,11),(861,2,236,'Б1.В.ДВ.01.02',0,11),(862,2,52,'Б1.В.ДВ.02',0,11),(863,2,237,'Б1.В.ДВ.02.01',65,11),(864,2,238,'Б1.В.ДВ.02.02',0,11),(865,2,55,'Б1.В.ДВ.03',0,11),(866,2,239,'Б1.В.ДВ.03.01',65,11),(867,2,240,'Б1.В.ДВ.03.02',0,11),(868,2,58,'Б1.В.ДВ.04',0,11),(869,2,241,'Б1.В.ДВ.04.01',65,11),(870,2,242,'Б1.В.ДВ.04.02',0,11),(871,3,76,'Б2.О.01(У)',65,11),(872,3,243,'Б2.О.02(У)',65,11),(873,4,244,'Б2.В.01(П)',65,11),(874,4,78,'Б2.В.02(Пд)',65,11),(875,13,79,'Б3.01(Г)',0,11),(876,13,80,'Б3.02(Д)',0,11),(877,11,245,'ФТД.01',66,11),(878,11,246,'ФТД.02',66,11),(879,1,247,'Б1.О.01',133,12),(880,1,248,'Б1.О.02',133,12),(881,1,249,'Б1.О.03',133,12),(882,1,250,'Б1.О.04',103,12),(883,1,251,'Б1.О.05',133,12),(884,1,252,'Б1.О.06',143,12),(885,1,253,'Б1.О.07',14,12),(886,1,231,'Б1.О.08',145,12),(887,1,254,'Б1.О.09',133,12),(888,2,255,'Б1.В.01',133,12),(889,2,256,'Б1.В.02',133,12),(890,2,49,'Б1.В.ДВ.01',0,12),(891,2,257,'Б1.В.ДВ.01.01',133,12),(892,2,258,'Б1.В.ДВ.01.02',0,12),(893,2,52,'Б1.В.ДВ.02',0,12),(894,2,259,'Б1.В.ДВ.02.01',133,12),(895,2,260,'Б1.В.ДВ.02.02',0,12),(896,2,55,'Б1.В.ДВ.03',0,12),(897,2,261,'Б1.В.ДВ.03.01',133,12),(898,2,262,'Б1.В.ДВ.03.02',0,12),(899,2,58,'Б1.В.ДВ.04',0,12),(900,2,263,'Б1.В.ДВ.04.01',133,12),(901,2,264,'Б1.В.ДВ.04.02',0,12),(902,3,0,'Б2.О.01(Н)',133,12),(903,3,265,'Б2.О.02(Пд)',133,12),(904,4,124,'Б2.В.01(У)',133,12),(905,4,125,'Б2.В.02(П)',133,12),(906,13,79,'Б3.01(Г)',0,12),(907,13,80,'Б3.02(Д)',0,12),(908,11,245,'ФТД.01',133,12),(909,11,246,'ФТД.02',133,12);
/*!40000 ALTER TABLE `edu_plan` ENABLE KEYS */;
UNLOCK TABLES;

--
-- Table structure for table `edu_plan_competencies`
--

DROP TABLE IF EXISTS `edu_plan_competencies`;
/*!40101 SET @saved_cs_client     = @@character_set_client */;
/*!50503 SET character_set_client = utf8mb4 */;
CREATE TABLE `edu_plan_competencies` (
  `id` int NOT NULL AUTO_INCREMENT,
  `edu_plan_id` int NOT NULL,
  `competency_id` int NOT NULL,
  PRIMARY KEY (`id`)
) ENGINE=InnoDB AUTO_INCREMENT=2879 DEFAULT CHARSET=cp1251;
/*!40101 SET character_set_client = @saved_cs_client */;

--
-- Dumping data for table `edu_plan_competencies`
--

LOCK TABLES `edu_plan_competencies` WRITE;
/*!40000 ALTER TABLE `edu_plan_competencies` DISABLE KEYS */;
INSERT INTO `edu_plan_competencies` VALUES (1,1,5),(2,2,5),(3,3,5),(4,4,7),(5,5,4),(6,6,9),(7,6,11),(8,7,9),(9,7,11),(10,8,1),(11,8,12),(12,9,1),(13,9,11),(14,9,12),(15,10,9),(16,10,11),(17,11,9),(18,11,10),(19,11,11),(20,12,9),(21,12,10),(22,12,11),(23,13,12),(24,14,12),(25,15,9),(26,15,11),(27,16,8),(28,17,1),(29,17,10),(30,18,1),(31,18,12),(32,19,1),(33,19,11),(34,20,5),(35,21,1),(36,21,9),(37,21,11),(38,22,2),(39,23,2),(40,23,12),(41,24,2),(42,24,9),(43,25,2),(44,25,12),(45,26,2),(46,26,10),(47,26,12),(48,27,3),(49,28,6),(50,29,1),(51,29,11),(52,30,1),(53,30,11),(54,31,1),(55,31,9),(56,32,12),(57,33,1),(58,33,12),(59,34,7),(60,35,6),(61,35,15),(62,36,2),(63,36,15),(64,37,6),(65,37,13),(66,38,1),(67,38,13),(68,39,4),(69,39,16),(70,40,1),(71,40,13),(72,41,1),(73,41,14),(74,41,15),(75,42,2),(76,42,13),(77,43,2),(78,43,13),(79,44,1),(80,44,14),(81,44,15),(82,45,1),(83,45,14),(84,46,2),(85,46,3),(86,46,16),(87,47,2),(88,47,3),(89,47,16),(90,48,2),(91,48,3),(92,48,16),(93,49,4),(94,49,16),(95,50,4),(96,50,16),(97,51,4),(98,51,16),(99,52,1),(100,52,15),(101,53,1),(102,53,15),(103,54,1),(104,54,15),(105,55,1),(106,55,15),(107,56,1),(108,56,15),(109,57,1),(110,57,15),(111,58,15),(112,59,15),(113,60,15),(114,61,8),(115,61,15),(116,62,8),(117,62,15),(118,63,8),(119,63,15),(120,64,1),(121,64,14),(122,65,1),(123,65,14),(124,66,1),(125,66,14),(126,67,1),(127,67,15),(128,68,1),(129,68,15),(130,69,1),(131,69,15),(132,70,1),(133,70,15),(134,71,1),(135,71,15),(136,72,1),(137,72,15),(138,73,1),(139,73,14),(140,74,1),(141,74,14),(142,75,1),(143,75,14),(144,76,1),(145,76,9),(146,76,10),(147,76,11),(148,76,12),(149,77,1),(150,77,9),(151,77,10),(152,77,11),(153,77,12),(154,78,1),(155,78,13),(156,78,14),(157,78,15),(158,78,16),(159,79,1),(160,79,2),(161,79,3),(162,79,4),(163,79,5),(164,79,6),(165,79,7),(166,79,8),(167,79,9),(168,79,10),(169,79,11),(170,79,12),(171,79,13),(172,79,14),(173,79,15),(174,79,16),(175,80,1),(176,80,2),(177,80,3),(178,80,4),(179,80,5),(180,80,6),(181,80,7),(182,80,8),(183,80,9),(184,80,10),(185,80,11),(186,80,12),(187,80,13),(188,80,14),(189,80,15),(190,80,16),(191,81,2),(192,82,4),(193,83,4),(194,84,5),(195,85,5),(196,86,5),(197,87,4),(198,88,7),(199,89,8),(200,90,1),(201,90,9),(202,91,1),(203,91,9),(204,92,1),(205,92,9),(206,93,1),(207,93,2),(208,93,10),(209,93,19),(210,94,1),(211,94,2),(212,94,3),(213,94,10),(214,94,19),(215,95,2),(216,95,9),(217,95,10),(218,96,2),(219,96,12),(220,97,2),(221,97,9),(222,98,1),(223,98,9),(224,98,10),(225,99,1),(226,99,9),(227,99,10),(228,100,2),(229,100,8),(230,100,12),(231,101,5),(232,102,1),(233,102,9),(234,103,1),(235,103,9),(236,104,1),(237,104,10),(238,104,11),(239,105,1),(240,105,11),(241,106,1),(242,106,3),(243,106,10),(244,107,2),(245,107,3),(246,107,10),(247,107,12),(248,107,19),(249,108,1),(250,108,9),(251,109,2),(252,109,10),(253,109,11),(254,110,3),(255,110,6),(256,111,7),(257,112,1),(258,112,2),(259,112,6),(260,113,4),(261,114,2),(262,114,15),(263,114,16),(264,115,2),(265,115,14),(266,116,2),(267,116,15),(268,116,16),(269,117,2),(270,117,15),(271,117,16),(272,118,1),(273,118,2),(274,118,15),(275,119,3),(276,119,5),(277,120,1),(278,120,2),(279,120,17),(280,120,18),(281,121,1),(282,121,2),(283,121,18),(284,122,2),(285,122,15),(286,123,2),(287,123,13),(288,123,14),(289,124,1),(290,124,13),(291,125,1),(292,125,13),(293,125,14),(294,126,1),(295,126,13),(296,127,3),(297,127,6),(298,127,17),(299,127,15),(300,128,5),(301,129,5),(302,130,5),(303,131,1),(304,131,13),(305,131,14),(306,132,1),(307,132,13),(308,132,14),(309,133,1),(310,133,13),(311,133,14),(312,134,1),(313,134,3),(314,134,13),(315,134,14),(316,135,1),(317,135,3),(318,135,13),(319,135,14),(320,136,1),(321,136,3),(322,136,13),(323,136,14),(324,137,2),(325,137,3),(326,137,16),(327,138,2),(328,138,3),(329,138,16),(330,139,2),(331,139,3),(332,139,16),(333,140,1),(334,140,2),(335,140,14),(336,141,1),(337,141,2),(338,141,14),(339,142,1),(340,142,2),(341,142,14),(342,143,1),(343,143,13),(344,143,14),(345,144,1),(346,144,13),(347,144,14),(348,145,1),(349,145,13),(350,145,14),(351,146,2),(352,146,3),(353,146,9),(354,146,10),(355,146,11),(356,146,12),(357,147,3),(358,147,4),(359,147,7),(360,147,9),(361,147,10),(362,147,11),(363,147,12),(364,147,19),(365,148,1),(366,148,2),(367,148,13),(368,148,14),(369,149,1),(370,149,2),(371,149,6),(372,149,7),(373,149,13),(374,149,14),(375,149,15),(376,149,16),(377,150,1),(378,150,2),(379,150,3),(380,150,4),(381,150,5),(382,150,6),(383,150,7),(384,150,8),(385,150,17),(386,150,18),(387,150,9),(388,150,10),(389,150,11),(390,150,12),(391,150,19),(392,150,13),(393,150,14),(394,150,15),(395,150,16),(396,151,1),(397,151,2),(398,151,3),(399,151,4),(400,151,5),(401,151,6),(402,151,7),(403,151,8),(404,151,17),(405,151,18),(406,151,9),(407,151,10),(408,151,11),(409,151,12),(410,151,19),(411,151,13),(412,151,14),(413,151,15),(414,151,16),(415,152,1),(416,152,2),(417,152,3),(418,153,1),(419,153,2),(420,154,5),(421,155,5),(422,156,5),(423,157,4),(424,158,7),(425,159,8),(426,160,1),(427,160,9),(428,161,1),(429,161,9),(430,162,1),(431,162,9),(432,163,1),(433,163,2),(434,163,10),(435,163,19),(436,164,1),(437,164,2),(438,164,3),(439,164,10),(440,164,19),(441,165,2),(442,165,9),(443,165,10),(444,166,2),(445,166,12),(446,167,2),(447,167,9),(448,168,1),(449,168,9),(450,168,10),(451,169,1),(452,169,9),(453,169,10),(454,170,2),(455,170,8),(456,170,12),(457,171,5),(458,172,1),(459,172,9),(460,173,1),(461,173,9),(462,174,1),(463,174,10),(464,174,11),(465,175,1),(466,175,11),(467,176,1),(468,176,3),(469,176,10),(470,177,2),(471,177,3),(472,177,10),(473,177,12),(474,177,19),(475,178,1),(476,178,9),(477,178,10),(478,179,2),(479,179,10),(480,179,11),(481,180,3),(482,180,6),(483,181,7),(484,182,1),(485,182,2),(486,182,6),(487,183,4),(488,184,2),(489,184,15),(490,184,16),(491,185,2),(492,185,14),(493,186,2),(494,186,15),(495,186,16),(496,187,2),(497,187,15),(498,187,16),(499,188,1),(500,188,2),(501,188,15),(502,189,3),(503,189,5),(504,190,1),(505,190,2),(506,190,17),(507,190,18),(508,191,1),(509,191,2),(510,191,18),(511,192,2),(512,192,15),(513,193,2),(514,193,13),(515,193,14),(516,194,1),(517,194,13),(518,195,1),(519,195,13),(520,195,14),(521,196,1),(522,196,13),(523,197,3),(524,197,6),(525,197,17),(526,197,15),(527,198,5),(528,199,5),(529,200,5),(530,201,1),(531,201,13),(532,201,14),(533,202,2),(534,202,13),(535,202,14),(536,203,1),(537,203,13),(538,203,14),(539,204,1),(540,204,3),(541,204,13),(542,204,14),(543,205,1),(544,205,3),(545,205,13),(546,205,14),(547,206,1),(548,206,3),(549,206,13),(550,206,14),(551,207,2),(552,207,3),(553,207,16),(554,208,2),(555,208,3),(556,208,16),(557,209,2),(558,209,3),(559,209,16),(560,210,1),(561,210,2),(562,210,14),(563,211,1),(564,211,2),(565,211,14),(566,212,1),(567,212,2),(568,212,14),(569,213,1),(570,213,13),(571,213,14),(572,214,1),(573,214,13),(574,214,14),(575,215,1),(576,215,13),(577,215,14),(578,216,2),(579,216,3),(580,216,9),(581,216,10),(582,216,11),(583,216,12),(584,217,3),(585,217,4),(586,217,7),(587,217,9),(588,217,10),(589,217,11),(590,217,12),(591,217,19),(592,218,1),(593,218,2),(594,218,13),(595,218,14),(596,219,1),(597,219,2),(598,219,6),(599,219,7),(600,219,13),(601,219,14),(602,219,15),(603,219,16),(604,220,1),(605,220,2),(606,220,3),(607,220,4),(608,220,5),(609,220,6),(610,220,7),(611,220,8),(612,220,17),(613,220,18),(614,220,9),(615,220,10),(616,220,11),(617,220,12),(618,220,19),(619,220,13),(620,220,14),(621,220,15),(622,220,16),(623,221,1),(624,221,2),(625,221,3),(626,221,4),(627,221,5),(628,221,6),(629,221,7),(630,221,8),(631,221,17),(632,221,18),(633,221,9),(634,221,10),(635,221,11),(636,221,12),(637,221,19),(638,221,13),(639,221,14),(640,221,15),(641,221,16),(642,222,2),(643,223,4),(644,224,4),(645,225,1),(646,225,2),(647,225,3),(648,226,1),(649,226,2),(650,227,5),(651,228,5),(652,229,5),(653,230,4),(654,231,7),(655,232,8),(656,233,2),(657,233,6),(658,233,9),(659,234,1),(660,234,9),(661,235,1),(662,235,9),(663,236,1),(664,236,9),(665,237,1),(666,237,2),(667,237,10),(668,238,1),(669,238,2),(670,238,3),(671,238,10),(672,239,3),(673,239,5),(674,240,2),(675,240,9),(676,240,10),(677,241,1),(678,241,9),(679,242,1),(680,242,9),(681,242,10),(682,243,2),(683,243,12),(684,244,1),(685,244,9),(686,244,10),(687,245,2),(688,245,10),(689,245,11),(690,246,2),(691,246,8),(692,246,12),(693,247,1),(694,247,11),(695,248,2),(696,248,3),(697,248,10),(698,248,12),(699,248,19),(700,249,1),(701,249,3),(702,249,10),(703,250,5),(704,251,1),(705,251,10),(706,251,11),(707,252,1),(708,252,9),(709,252,10),(710,253,2),(711,253,10),(712,253,11),(713,254,2),(714,254,9),(715,255,3),(716,255,6),(717,256,1),(718,256,9),(719,257,1),(720,257,9),(721,258,4),(722,259,1),(723,259,9),(724,260,1),(725,260,9),(726,261,7),(727,262,1),(728,262,2),(729,262,15),(730,263,1),(731,263,2),(732,263,17),(733,263,18),(734,264,1),(735,264,2),(736,264,18),(737,265,2),(738,265,3),(739,265,6),(740,266,1),(741,266,13),(742,267,2),(743,267,15),(744,267,16),(745,268,1),(746,268,13),(747,268,14),(748,269,2),(749,269,13),(750,269,14),(751,270,1),(752,270,2),(753,271,2),(754,271,3),(755,271,16),(756,272,2),(757,272,15),(758,272,16),(759,273,2),(760,273,15),(761,273,16),(762,274,3),(763,274,6),(764,274,17),(765,274,16),(766,275,5),(767,276,5),(768,277,5),(769,278,1),(770,278,13),(771,278,14),(772,279,2),(773,279,13),(774,279,14),(775,280,1),(776,280,13),(777,280,14),(778,281,1),(779,281,3),(780,281,14),(781,282,1),(782,282,3),(783,282,14),(784,283,1),(785,283,3),(786,283,14),(787,284,2),(788,284,3),(789,284,16),(790,285,2),(791,285,3),(792,285,16),(793,286,2),(794,286,3),(795,286,16),(796,287,1),(797,287,2),(798,287,14),(799,288,1),(800,288,2),(801,288,14),(802,289,1),(803,289,2),(804,289,14),(805,290,1),(806,290,13),(807,290,14),(808,291,1),(809,291,13),(810,291,14),(811,292,1),(812,292,13),(813,292,14),(814,293,2),(815,293,3),(816,293,9),(817,293,10),(818,293,11),(819,293,12),(820,294,3),(821,294,4),(822,294,7),(823,294,9),(824,294,10),(825,294,11),(826,294,12),(827,294,19),(828,295,1),(829,295,2),(830,295,13),(831,295,14),(832,296,1),(833,296,2),(834,296,6),(835,296,7),(836,296,13),(837,296,14),(838,296,15),(839,296,16),(840,297,1),(841,297,2),(842,297,3),(843,297,4),(844,297,5),(845,297,6),(846,297,7),(847,297,8),(848,297,17),(849,297,18),(850,297,9),(851,297,10),(852,297,11),(853,297,12),(854,297,19),(855,297,13),(856,297,14),(857,297,15),(858,297,16),(859,298,1),(860,298,2),(861,298,3),(862,298,4),(863,298,5),(864,298,6),(865,298,7),(866,298,8),(867,298,17),(868,298,18),(869,298,9),(870,298,10),(871,298,11),(872,298,12),(873,298,19),(874,298,13),(875,298,14),(876,298,15),(877,298,16),(878,299,2),(879,300,4),(880,301,4),(881,302,1),(882,302,2),(883,302,3),(884,303,5),(885,304,5),(886,305,5),(887,306,4),(888,307,7),(889,308,8),(890,309,1),(891,309,9),(892,310,1),(893,310,9),(894,311,1),(895,311,9),(896,312,1),(897,312,10),(898,312,12),(899,313,1),(900,313,3),(901,313,11),(902,313,22),(903,314,2),(904,314,10),(905,314,11),(906,314,19),(907,315,1),(908,315,9),(909,316,1),(910,316,10),(911,316,19),(912,316,21),(913,317,1),(914,317,9),(915,318,1),(916,318,8),(917,318,12),(918,319,1),(919,319,9),(920,319,10),(921,320,1),(922,320,2),(923,320,19),(924,320,20),(925,320,21),(926,321,1),(927,321,19),(928,322,5),(929,323,2),(930,323,12),(931,323,22),(932,323,23),(933,324,9),(934,324,10),(935,324,11),(936,325,1),(937,325,12),(938,326,3),(939,326,6),(940,327,7),(941,328,1),(942,328,2),(943,328,6),(944,329,1),(945,329,25),(946,330,1),(947,330,3),(948,330,13),(949,330,14),(950,331,1),(951,331,25),(952,332,1),(953,332,2),(954,332,25),(955,333,2),(956,333,3),(957,333,13),(958,334,2),(959,334,3),(960,334,25),(961,335,2),(962,335,3),(963,335,14),(964,336,14),(965,336,15),(966,336,16),(967,337,2),(968,337,24),(969,338,2),(970,338,13),(971,338,14),(972,339,13),(973,339,14),(974,339,15),(975,340,3),(976,341,16),(977,341,24),(978,342,1),(979,342,2),(980,342,17),(981,342,18),(982,343,1),(983,343,2),(984,343,18),(985,344,2),(986,344,3),(987,344,6),(988,344,17),(989,345,4),(990,346,4),(991,347,4),(992,348,1),(993,348,25),(994,349,1),(995,349,25),(996,350,1),(997,350,25),(998,351,5),(999,352,5),(1000,353,5),(1001,354,1),(1002,354,25),(1003,355,1),(1004,355,25),(1005,356,1),(1006,356,25),(1007,357,1),(1008,357,2),(1009,357,25),(1010,358,1),(1011,358,2),(1012,358,25),(1013,359,1),(1014,359,2),(1015,359,25),(1016,360,1),(1017,360,25),(1018,361,1),(1019,361,25),(1020,362,1),(1021,362,25),(1022,363,2),(1023,363,15),(1024,363,25),(1025,364,2),(1026,364,15),(1027,364,25),(1028,365,2),(1029,365,15),(1030,365,25),(1031,366,15),(1032,366,16),(1033,367,15),(1034,367,16),(1035,368,15),(1036,368,16),(1037,369,1),(1038,369,2),(1039,369,25),(1040,370,1),(1041,370,2),(1042,370,25),(1043,371,1),(1044,371,2),(1045,371,25),(1046,372,2),(1047,372,3),(1048,372,9),(1049,372,10),(1050,372,11),(1051,373,2),(1052,373,3),(1053,373,4),(1054,373,12),(1055,373,19),(1056,373,20),(1057,373,21),(1058,374,1),(1059,374,2),(1060,374,6),(1061,374,9),(1062,374,10),(1063,374,11),(1064,374,12),(1065,374,22),(1066,374,23),(1067,375,2),(1068,375,3),(1069,375,8),(1070,375,13),(1071,375,14),(1072,375,15),(1073,375,16),(1074,375,24),(1075,375,25),(1076,376,1),(1077,376,2),(1078,376,3),(1079,376,4),(1080,376,5),(1081,376,6),(1082,376,7),(1083,376,8),(1084,376,17),(1085,376,18),(1086,376,9),(1087,376,10),(1088,376,11),(1089,376,12),(1090,376,19),(1091,376,20),(1092,376,21),(1093,376,22),(1094,376,23),(1095,376,13),(1096,376,14),(1097,376,15),(1098,376,16),(1099,376,24),(1100,376,25),(1101,377,1),(1102,377,2),(1103,377,3),(1104,377,4),(1105,377,5),(1106,377,6),(1107,377,7),(1108,377,8),(1109,377,17),(1110,377,18),(1111,377,9),(1112,377,10),(1113,377,11),(1114,377,12),(1115,377,19),(1116,377,20),(1117,377,21),(1118,377,22),(1119,377,23),(1120,377,13),(1121,377,14),(1122,377,15),(1123,377,16),(1124,377,24),(1125,377,25),(1126,378,1),(1127,378,2),(1128,378,3),(1129,379,2),(1130,379,24),(1131,380,5),(1132,381,5),(1133,382,5),(1134,383,4),(1135,384,7),(1136,385,8),(1137,386,1),(1138,386,9),(1139,387,1),(1140,387,9),(1141,388,1),(1142,388,9),(1143,389,1),(1144,389,10),(1145,389,12),(1146,390,1),(1147,390,3),(1148,390,11),(1149,390,22),(1150,391,2),(1151,391,10),(1152,391,11),(1153,391,19),(1154,392,1),(1155,392,9),(1156,393,1),(1157,393,10),(1158,393,19),(1159,393,21),(1160,394,1),(1161,394,9),(1162,395,1),(1163,395,8),(1164,395,12),(1165,396,1),(1166,396,9),(1167,396,10),(1168,397,1),(1169,397,2),(1170,397,19),(1171,397,20),(1172,397,21),(1173,398,1),(1174,398,19),(1175,399,5),(1176,400,2),(1177,400,12),(1178,400,22),(1179,400,23),(1180,401,9),(1181,401,10),(1182,401,11),(1183,402,1),(1184,402,12),(1185,403,3),(1186,403,6),(1187,404,7),(1188,405,1),(1189,405,2),(1190,405,6),(1191,406,1),(1192,406,25),(1193,407,1),(1194,407,3),(1195,407,13),(1196,407,14),(1197,408,1),(1198,408,25),(1199,409,1),(1200,409,2),(1201,409,25),(1202,410,2),(1203,410,3),(1204,410,13),(1205,411,2),(1206,411,3),(1207,411,25),(1208,412,2),(1209,412,3),(1210,412,14),(1211,413,14),(1212,413,15),(1213,413,16),(1214,414,2),(1215,414,24),(1216,415,2),(1217,415,13),(1218,415,14),(1219,416,13),(1220,416,14),(1221,416,15),(1222,417,3),(1223,418,16),(1224,418,24),(1225,419,1),(1226,419,2),(1227,419,17),(1228,419,18),(1229,420,1),(1230,420,2),(1231,420,18),(1232,421,2),(1233,421,3),(1234,421,6),(1235,421,17),(1236,422,4),(1237,423,4),(1238,424,4),(1239,425,1),(1240,425,25),(1241,426,1),(1242,426,25),(1243,427,1),(1244,427,25),(1245,428,5),(1246,429,5),(1247,430,5),(1248,431,1),(1249,431,25),(1250,432,1),(1251,432,25),(1252,433,1),(1253,433,25),(1254,434,1),(1255,434,2),(1256,434,25),(1257,435,1),(1258,435,2),(1259,435,25),(1260,436,1),(1261,436,2),(1262,436,25),(1263,437,1),(1264,437,25),(1265,438,1),(1266,438,25),(1267,439,1),(1268,439,25),(1269,440,2),(1270,440,15),(1271,440,25),(1272,441,2),(1273,441,15),(1274,441,25),(1275,442,2),(1276,442,15),(1277,442,25),(1278,443,15),(1279,443,16),(1280,444,15),(1281,444,16),(1282,445,15),(1283,445,16),(1284,446,1),(1285,446,2),(1286,446,25),(1287,447,1),(1288,447,2),(1289,447,25),(1290,448,1),(1291,448,2),(1292,448,25),(1293,449,2),(1294,449,3),(1295,449,9),(1296,449,10),(1297,449,11),(1298,450,2),(1299,450,3),(1300,450,4),(1301,450,12),(1302,450,19),(1303,450,20),(1304,450,21),(1305,451,1),(1306,451,2),(1307,451,6),(1308,451,9),(1309,451,10),(1310,451,11),(1311,451,12),(1312,451,22),(1313,451,23),(1314,452,2),(1315,452,3),(1316,452,8),(1317,452,13),(1318,452,14),(1319,452,15),(1320,452,16),(1321,452,24),(1322,452,25),(1323,453,1),(1324,453,2),(1325,453,3),(1326,453,4),(1327,453,5),(1328,453,6),(1329,453,7),(1330,453,8),(1331,453,17),(1332,453,18),(1333,453,9),(1334,453,10),(1335,453,11),(1336,453,12),(1337,453,19),(1338,453,20),(1339,453,21),(1340,453,22),(1341,453,23),(1342,453,13),(1343,453,14),(1344,453,15),(1345,453,16),(1346,453,24),(1347,453,25),(1348,454,1),(1349,454,2),(1350,454,3),(1351,454,4),(1352,454,5),(1353,454,6),(1354,454,7),(1355,454,8),(1356,454,17),(1357,454,18),(1358,454,9),(1359,454,10),(1360,454,11),(1361,454,12),(1362,454,19),(1363,454,20),(1364,454,21),(1365,454,22),(1366,454,23),(1367,454,13),(1368,454,14),(1369,454,15),(1370,454,16),(1371,454,24),(1372,454,25),(1373,455,2),(1374,456,4),(1375,457,4),(1376,458,1),(1377,458,2),(1378,458,3),(1379,459,2),(1380,459,24),(1381,460,5),(1382,461,5),(1383,462,5),(1384,463,4),(1385,464,7),(1386,465,8),(1387,466,1),(1388,466,9),(1389,467,1),(1390,467,9),(1391,468,1),(1392,468,10),(1393,468,12),(1394,469,1),(1395,469,3),(1396,469,11),(1397,469,22),(1398,470,2),(1399,470,10),(1400,470,11),(1401,470,19),(1402,471,1),(1403,471,9),(1404,472,1),(1405,472,10),(1406,472,19),(1407,472,21),(1408,473,1),(1409,473,9),(1410,473,10),(1411,474,1),(1412,474,8),(1413,474,12),(1414,475,1),(1415,475,2),(1416,475,19),(1417,475,20),(1418,475,21),(1419,476,1),(1420,476,19),(1421,477,5),(1422,478,2),(1423,478,12),(1424,478,22),(1425,478,23),(1426,479,1),(1427,479,12),(1428,480,1),(1429,480,9),(1430,481,1),(1431,481,9),(1432,482,1),(1433,482,9),(1434,483,9),(1435,483,10),(1436,483,11),(1437,484,3),(1438,484,6),(1439,485,3),(1440,486,2),(1441,486,6),(1442,486,9),(1443,487,7),(1444,488,1),(1445,488,25),(1446,489,2),(1447,489,3),(1448,489,25),(1449,490,1),(1450,490,2),(1451,490,24),(1452,491,1),(1453,491,2),(1454,491,25),(1455,492,2),(1456,492,3),(1457,492,13),(1458,493,2),(1459,493,3),(1460,493,14),(1461,494,2),(1462,494,13),(1463,494,14),(1464,495,2),(1465,495,24),(1466,496,13),(1467,496,14),(1468,496,15),(1469,497,1),(1470,497,25),(1471,498,2),(1472,498,24),(1473,499,16),(1474,499,24),(1475,500,14),(1476,500,15),(1477,500,16),(1478,501,1),(1479,501,3),(1480,501,13),(1481,501,14),(1482,502,1),(1483,502,2),(1484,502,17),(1485,502,18),(1486,503,1),(1487,503,2),(1488,503,18),(1489,504,2),(1490,504,3),(1491,504,6),(1492,504,17),(1493,505,4),(1494,506,4),(1495,507,4),(1496,508,5),(1497,509,5),(1498,510,5),(1499,511,15),(1500,511,16),(1501,512,15),(1502,512,16),(1503,513,15),(1504,513,16),(1505,514,1),(1506,514,25),(1507,515,1),(1508,515,25),(1509,516,1),(1510,516,25),(1511,517,1),(1512,517,2),(1513,517,25),(1514,518,1),(1515,518,2),(1516,518,25),(1517,519,1),(1518,519,2),(1519,519,25),(1520,520,1),(1521,520,2),(1522,520,25),(1523,521,1),(1524,521,2),(1525,521,25),(1526,522,1),(1527,522,2),(1528,522,25),(1529,523,1),(1530,523,25),(1531,524,1),(1532,524,25),(1533,525,1),(1534,525,25),(1535,526,2),(1536,526,15),(1537,526,25),(1538,527,2),(1539,527,15),(1540,527,25),(1541,528,2),(1542,528,15),(1543,528,25),(1544,529,1),(1545,529,25),(1546,530,1),(1547,530,25),(1548,531,1),(1549,531,25),(1550,532,2),(1551,532,3),(1552,532,9),(1553,532,10),(1554,532,11),(1555,533,2),(1556,533,3),(1557,533,4),(1558,533,12),(1559,533,19),(1560,533,20),(1561,533,21),(1562,534,1),(1563,534,2),(1564,534,6),(1565,534,9),(1566,534,10),(1567,534,11),(1568,534,12),(1569,534,22),(1570,534,23),(1571,535,2),(1572,535,3),(1573,535,8),(1574,535,13),(1575,535,14),(1576,535,15),(1577,535,16),(1578,535,24),(1579,535,25),(1580,536,1),(1581,536,2),(1582,536,3),(1583,536,4),(1584,536,5),(1585,536,6),(1586,536,7),(1587,536,8),(1588,536,17),(1589,536,18),(1590,536,9),(1591,536,10),(1592,536,11),(1593,536,12),(1594,536,19),(1595,536,20),(1596,536,21),(1597,536,22),(1598,536,23),(1599,536,13),(1600,536,14),(1601,536,15),(1602,536,16),(1603,536,24),(1604,536,25),(1605,537,1),(1606,537,2),(1607,537,3),(1608,537,4),(1609,537,5),(1610,537,6),(1611,537,7),(1612,537,8),(1613,537,17),(1614,537,18),(1615,537,9),(1616,537,10),(1617,537,11),(1618,537,12),(1619,537,19),(1620,537,20),(1621,537,21),(1622,537,22),(1623,537,23),(1624,537,13),(1625,537,14),(1626,537,15),(1627,537,16),(1628,537,24),(1629,537,25),(1630,538,2),(1631,539,4),(1632,540,4),(1633,541,1),(1634,541,2),(1635,541,3),(1636,542,5),(1637,543,5),(1638,544,5),(1639,545,5),(1640,546,8),(1641,547,4),(1642,548,2),(1643,548,18),(1644,548,9),(1645,549,2),(1646,549,10),(1647,549,19),(1648,549,23),(1649,550,7),(1650,551,9),(1651,551,10),(1652,551,12),(1653,551,20),(1654,551,21),(1655,551,22),(1656,552,3),(1657,552,11),(1658,552,20),(1659,552,21),(1660,552,22),(1661,553,9),(1662,553,10),(1663,553,12),(1664,553,20),(1665,553,21),(1666,553,22),(1667,554,1),(1668,554,21),(1669,555,2),(1670,555,22),(1671,556,2),(1672,556,22),(1673,557,2),(1674,557,22),(1675,558,2),(1676,558,22),(1677,559,1),(1678,559,6),(1679,559,10),(1680,560,1),(1681,560,10),(1682,561,2),(1683,561,22),(1684,562,2),(1685,562,22),(1686,563,2),(1687,563,22),(1688,564,1),(1689,564,10),(1690,565,1),(1691,565,2),(1692,565,10),(1693,566,2),(1694,566,11),(1695,566,20),(1696,566,22),(1697,567,1),(1698,567,19),(1699,567,21),(1700,567,22),(1701,568,3),(1702,568,4),(1703,568,11),(1704,568,20),(1705,568,21),(1706,568,22),(1707,568,23),(1708,569,3),(1709,569,4),(1710,569,11),(1711,569,20),(1712,569,21),(1713,569,22),(1714,570,6),(1715,570,8),(1716,571,1),(1717,571,7),(1718,572,1),(1719,572,22),(1720,573,1),(1721,573,10),(1722,574,3),(1723,574,12),(1724,575,11),(1725,575,19),(1726,575,20),(1727,575,22),(1728,576,1),(1729,576,19),(1730,576,22),(1731,577,2),(1732,577,19),(1733,578,2),(1734,578,19),(1735,578,22),(1736,579,1),(1737,579,10),(1738,579,22),(1739,580,7),(1740,581,2),(1741,581,13),(1742,582,1),(1743,582,13),(1744,582,14),(1745,583,1),(1746,583,14),(1747,584,8),(1748,584,14),(1749,585,2),(1750,585,13),(1751,585,16),(1752,586,4),(1753,587,1),(1754,587,13),(1755,587,16),(1756,588,2),(1757,588,6),(1758,588,13),(1759,589,1),(1760,589,3),(1761,589,6),(1762,589,17),(1763,589,15),(1764,590,3),(1765,590,4),(1766,590,13),(1767,591,3),(1768,591,4),(1769,591,13),(1770,592,3),(1771,592,4),(1772,592,13),(1773,593,5),(1774,594,5),(1775,595,5),(1776,596,5),(1777,597,5),(1778,598,5),(1779,599,1),(1780,599,5),(1781,599,16),(1782,600,1),(1783,600,5),(1784,600,16),(1785,601,1),(1786,601,13),(1787,601,16),(1788,602,1),(1789,602,2),(1790,602,14),(1791,603,1),(1792,603,2),(1793,603,14),(1794,604,2),(1795,604,6),(1796,604,13),(1797,605,2),(1798,605,3),(1799,605,4),(1800,605,15),(1801,606,2),(1802,606,3),(1803,606,4),(1804,606,15),(1805,607,1),(1806,607,3),(1807,607,6),(1808,607,15),(1809,608,1),(1810,608,14),(1811,609,1),(1812,609,14),(1813,610,1),(1814,610,6),(1815,610,14),(1816,611,1),(1817,611,17),(1818,611,14),(1819,612,1),(1820,612,17),(1821,612,14),(1822,613,1),(1823,613,6),(1824,613,14),(1825,614,1),(1826,614,13),(1827,614,14),(1828,615,1),(1829,615,13),(1830,615,14),(1831,616,1),(1832,616,13),(1833,616,14),(1834,617,1),(1835,617,2),(1836,617,13),(1837,618,1),(1838,618,2),(1839,618,13),(1840,619,1),(1841,619,2),(1842,619,13),(1843,620,3),(1844,620,7),(1845,620,16),(1846,621,3),(1847,621,7),(1848,621,16),(1849,622,3),(1850,622,7),(1851,622,16),(1852,623,3),(1853,623,11),(1854,623,12),(1855,623,19),(1856,624,1),(1857,624,3),(1858,624,10),(1859,624,12),(1860,625,1),(1861,625,2),(1862,625,10),(1863,625,19),(1864,625,21),(1865,626,2),(1866,626,10),(1867,626,19),(1868,626,20),(1869,626,22),(1870,627,2),(1871,627,10),(1872,627,11),(1873,627,12),(1874,627,19),(1875,627,21),(1876,628,1),(1877,628,9),(1878,628,10),(1879,628,11),(1880,628,12),(1881,628,19),(1882,628,20),(1883,628,21),(1884,628,22),(1885,629,4),(1886,629,5),(1887,629,6),(1888,629,7),(1889,629,8),(1890,629,9),(1891,629,19),(1892,629,20),(1893,629,22),(1894,630,4),(1895,630,5),(1896,630,6),(1897,630,7),(1898,630,8),(1899,630,9),(1900,630,19),(1901,630,20),(1902,630,22),(1903,631,2),(1904,631,3),(1905,631,13),(1906,631,14),(1907,631,15),(1908,631,16),(1909,632,1),(1910,632,3),(1911,632,13),(1912,632,14),(1913,632,15),(1914,632,16),(1915,633,1),(1916,633,2),(1917,633,3),(1918,633,13),(1919,633,14),(1920,634,1),(1921,634,2),(1922,634,3),(1923,634,4),(1924,634,5),(1925,634,6),(1926,634,7),(1927,634,8),(1928,634,17),(1929,634,18),(1930,634,9),(1931,634,10),(1932,634,11),(1933,634,12),(1934,634,19),(1935,634,20),(1936,634,21),(1937,634,22),(1938,634,23),(1939,634,13),(1940,634,14),(1941,634,15),(1942,634,16),(1943,635,1),(1944,635,2),(1945,635,3),(1946,635,4),(1947,635,5),(1948,635,6),(1949,635,7),(1950,635,8),(1951,635,17),(1952,635,18),(1953,635,9),(1954,635,10),(1955,635,11),(1956,635,12),(1957,635,19),(1958,635,20),(1959,635,21),(1960,635,22),(1961,635,23),(1962,635,13),(1963,635,14),(1964,635,15),(1965,635,16),(1966,636,2),(1967,637,1),(1968,637,2),(1969,637,3),(1970,638,5),(1971,639,5),(1972,640,5),(1973,641,5),(1974,642,8),(1975,643,4),(1976,644,2),(1977,644,9),(1978,644,18),(1979,645,2),(1980,645,10),(1981,645,19),(1982,645,23),(1983,646,7),(1984,647,3),(1985,647,6),(1986,647,9),(1987,647,11),(1988,647,12),(1989,647,19),(1990,647,20),(1991,647,22),(1992,648,3),(1993,648,6),(1994,648,9),(1995,648,11),(1996,648,12),(1997,648,19),(1998,648,20),(1999,648,22),(2000,649,5),(2001,649,9),(2002,649,12),(2003,649,18),(2004,649,23),(2005,650,1),(2006,650,21),(2007,651,2),(2008,651,22),(2009,652,2),(2010,652,22),(2011,653,2),(2012,653,22),(2013,654,2),(2014,654,22),(2015,655,1),(2016,655,6),(2017,655,10),(2018,656,1),(2019,656,10),(2020,657,2),(2021,657,22),(2022,658,2),(2023,658,22),(2024,659,2),(2025,659,22),(2026,660,1),(2027,660,10),(2028,661,1),(2029,661,2),(2030,661,10),(2031,662,2),(2032,662,11),(2033,662,20),(2034,662,22),(2035,663,1),(2036,663,19),(2037,663,21),(2038,663,22),(2039,664,3),(2040,664,4),(2041,664,11),(2042,664,20),(2043,664,21),(2044,664,22),(2045,664,23),(2046,665,3),(2047,665,4),(2048,665,11),(2049,665,20),(2050,665,21),(2051,665,22),(2052,666,6),(2053,666,8),(2054,667,1),(2055,667,7),(2056,668,1),(2057,668,22),(2058,669,1),(2059,669,10),(2060,670,3),(2061,670,11),(2062,670,12),(2063,671,9),(2064,671,11),(2065,671,20),(2066,672,1),(2067,672,19),(2068,672,22),(2069,673,9),(2070,673,11),(2071,673,20),(2072,674,2),(2073,674,19),(2074,675,2),(2075,675,19),(2076,675,22),(2077,676,1),(2078,676,10),(2079,676,22),(2080,677,7),(2081,678,2),(2082,678,13),(2083,679,1),(2084,679,13),(2085,679,14),(2086,680,1),(2087,680,14),(2088,681,8),(2089,681,14),(2090,682,2),(2091,682,13),(2092,682,16),(2093,683,4),(2094,684,1),(2095,684,13),(2096,684,16),(2097,685,2),(2098,685,6),(2099,685,13),(2100,686,1),(2101,686,3),(2102,686,6),(2103,686,15),(2104,686,17),(2105,687,3),(2106,687,4),(2107,687,13),(2108,688,3),(2109,688,4),(2110,688,13),(2111,689,3),(2112,689,4),(2113,689,13),(2114,690,5),(2115,691,5),(2116,692,5),(2117,693,5),(2118,694,5),(2119,695,5),(2120,696,1),(2121,696,5),(2122,696,16),(2123,697,1),(2124,697,5),(2125,697,16),(2126,698,1),(2127,698,13),(2128,698,16),(2129,699,1),(2130,699,2),(2131,699,14),(2132,700,1),(2133,700,2),(2134,700,14),(2135,701,2),(2136,701,6),(2137,701,13),(2138,702,2),(2139,702,3),(2140,702,4),(2141,702,15),(2142,703,2),(2143,703,3),(2144,703,4),(2145,703,15),(2146,704,1),(2147,704,3),(2148,704,6),(2149,704,15),(2150,705,1),(2151,705,14),(2152,706,1),(2153,706,14),(2154,707,1),(2155,707,6),(2156,707,14),(2157,708,1),(2158,708,14),(2159,708,17),(2160,709,1),(2161,709,14),(2162,709,17),(2163,710,1),(2164,710,6),(2165,710,14),(2166,711,1),(2167,711,13),(2168,711,14),(2169,712,1),(2170,712,13),(2171,712,14),(2172,713,1),(2173,713,13),(2174,713,14),(2175,714,1),(2176,714,2),(2177,714,13),(2178,715,1),(2179,715,2),(2180,715,13),(2181,716,1),(2182,716,2),(2183,716,13),(2184,717,3),(2185,717,7),(2186,717,16),(2187,718,3),(2188,718,7),(2189,718,16),(2190,719,3),(2191,719,7),(2192,719,16),(2193,720,3),(2194,720,6),(2195,721,3),(2196,721,6),(2197,722,3),(2198,722,6),(2199,723,3),(2200,723,11),(2201,723,12),(2202,723,19),(2203,724,1),(2204,724,3),(2205,724,10),(2206,724,12),(2207,725,1),(2208,725,2),(2209,725,10),(2210,725,19),(2211,725,21),(2212,726,2),(2213,726,10),(2214,726,19),(2215,726,20),(2216,726,22),(2217,727,2),(2218,727,10),(2219,727,11),(2220,727,12),(2221,727,19),(2222,727,21),(2223,728,1),(2224,728,9),(2225,728,10),(2226,728,11),(2227,728,12),(2228,728,19),(2229,728,20),(2230,728,21),(2231,728,22),(2232,729,4),(2233,729,5),(2234,729,6),(2235,729,7),(2236,729,8),(2237,729,9),(2238,729,19),(2239,729,20),(2240,729,22),(2241,730,4),(2242,730,5),(2243,730,6),(2244,730,7),(2245,730,8),(2246,730,9),(2247,730,19),(2248,730,20),(2249,730,22),(2250,731,2),(2251,731,3),(2252,731,13),(2253,731,14),(2254,731,15),(2255,731,16),(2256,732,1),(2257,732,3),(2258,732,13),(2259,732,14),(2260,732,15),(2261,732,16),(2262,733,1),(2263,733,2),(2264,733,3),(2265,733,13),(2266,733,14),(2267,734,1),(2268,734,2),(2269,734,3),(2270,734,4),(2271,734,5),(2272,734,6),(2273,734,7),(2274,734,8),(2275,734,9),(2276,734,10),(2277,734,11),(2278,734,12),(2279,734,19),(2280,734,20),(2281,734,21),(2282,734,22),(2283,734,13),(2284,734,14),(2285,734,15),(2286,734,16),(2287,734,17),(2288,734,18),(2289,734,23),(2290,735,1),(2291,735,2),(2292,735,3),(2293,735,4),(2294,735,5),(2295,735,6),(2296,735,7),(2297,735,8),(2298,735,9),(2299,735,10),(2300,735,11),(2301,735,12),(2302,735,19),(2303,735,20),(2304,735,21),(2305,735,22),(2306,735,13),(2307,735,14),(2308,735,15),(2309,735,16),(2310,735,17),(2311,735,18),(2312,735,23),(2313,736,2),(2314,737,4),(2315,738,4),(2316,739,1),(2317,739,2),(2318,739,3),(2319,740,5),(2320,741,5),(2321,742,5),(2322,743,5),(2323,744,8),(2324,745,4),(2325,746,2),(2326,746,18),(2327,746,9),(2328,747,2),(2329,747,10),(2330,747,19),(2331,748,7),(2332,749,3),(2333,749,6),(2334,749,9),(2335,749,11),(2336,749,12),(2337,749,19),(2338,749,20),(2339,749,22),(2340,750,3),(2341,750,6),(2342,750,9),(2343,750,11),(2344,750,12),(2345,750,19),(2346,750,20),(2347,750,22),(2348,751,5),(2349,751,18),(2350,751,9),(2351,751,12),(2352,752,1),(2353,752,21),(2354,753,1),(2355,753,6),(2356,753,10),(2357,754,2),(2358,754,22),(2359,755,2),(2360,755,22),(2361,756,2),(2362,756,22),(2363,757,1),(2364,757,6),(2365,757,10),(2366,758,1),(2367,758,10),(2368,759,2),(2369,759,22),(2370,760,2),(2371,760,22),(2372,761,2),(2373,761,22),(2374,762,1),(2375,762,10),(2376,763,1),(2377,763,2),(2378,763,23),(2379,764,2),(2380,764,11),(2381,764,20),(2382,764,22),(2383,765,1),(2384,765,19),(2385,765,21),(2386,765,22),(2387,766,3),(2388,766,4),(2389,766,11),(2390,766,20),(2391,766,21),(2392,766,22),(2393,766,23),(2394,767,3),(2395,767,4),(2396,767,11),(2397,767,20),(2398,767,21),(2399,767,22),(2400,768,6),(2401,768,8),(2402,769,1),(2403,769,7),(2404,770,2),(2405,770,22),(2406,771,1),(2407,771,10),(2408,772,3),(2409,772,11),(2410,772,12),(2411,773,9),(2412,773,11),(2413,773,20),(2414,774,2),(2415,774,10),(2416,775,1),(2417,775,19),(2418,775,22),(2419,776,9),(2420,776,11),(2421,776,20),(2422,777,2),(2423,777,19),(2424,778,3),(2425,778,6),(2426,779,7),(2427,780,1),(2428,780,5),(2429,780,16),(2430,781,2),(2431,781,3),(2432,781,4),(2433,781,15),(2434,782,2),(2435,782,13),(2436,783,1),(2437,783,13),(2438,783,14),(2439,784,1),(2440,784,14),(2441,785,8),(2442,785,14),(2443,786,2),(2444,786,13),(2445,786,16),(2446,787,1),(2447,787,14),(2448,787,16),(2449,788,4),(2450,789,1),(2451,789,14),(2452,790,1),(2453,790,14),(2454,791,1),(2455,791,14),(2456,792,3),(2457,792,4),(2458,792,13),(2459,793,3),(2460,793,4),(2461,793,13),(2462,794,3),(2463,794,4),(2464,794,13),(2465,795,5),(2466,796,5),(2467,797,5),(2468,798,5),(2469,799,5),(2470,800,5),(2471,801,1),(2472,801,13),(2473,801,16),(2474,802,1),(2475,802,13),(2476,802,16),(2477,803,1),(2478,803,13),(2479,803,16),(2480,804,2),(2481,804,6),(2482,804,13),(2483,805,2),(2484,805,6),(2485,805,13),(2486,806,2),(2487,806,6),(2488,806,13),(2489,807,2),(2490,807,15),(2491,807,16),(2492,808,2),(2493,808,15),(2494,808,16),(2495,809,2),(2496,809,15),(2497,809,16),(2498,810,1),(2499,810,13),(2500,810,14),(2501,811,1),(2502,811,13),(2503,811,14),(2504,812,1),(2505,812,13),(2506,812,14),(2507,813,1),(2508,813,3),(2509,813,6),(2510,813,17),(2511,813,15),(2512,814,1),(2513,814,3),(2514,814,6),(2515,814,17),(2516,814,15),(2517,815,1),(2518,815,3),(2519,815,6),(2520,815,15),(2521,816,1),(2522,816,6),(2523,816,14),(2524,817,1),(2525,817,6),(2526,817,14),(2527,818,1),(2528,818,6),(2529,818,14),(2530,819,1),(2531,819,17),(2532,819,14),(2533,820,1),(2534,820,17),(2535,820,14),(2536,821,1),(2537,821,14),(2538,822,1),(2539,822,13),(2540,822,14),(2541,823,1),(2542,823,13),(2543,823,14),(2544,824,1),(2545,824,13),(2546,824,14),(2547,825,1),(2548,825,2),(2549,825,13),(2550,826,1),(2551,826,2),(2552,826,13),(2553,827,1),(2554,827,2),(2555,827,13),(2556,828,3),(2557,828,7),(2558,828,16),(2559,829,3),(2560,829,7),(2561,829,16),(2562,830,3),(2563,830,7),(2564,830,16),(2565,831,3),(2566,831,11),(2567,831,12),(2568,831,19),(2569,832,1),(2570,832,3),(2571,832,10),(2572,832,12),(2573,833,1),(2574,833,2),(2575,833,10),(2576,833,19),(2577,833,21),(2578,834,2),(2579,834,10),(2580,834,19),(2581,834,20),(2582,834,22),(2583,835,2),(2584,835,10),(2585,835,11),(2586,835,12),(2587,835,19),(2588,835,21),(2589,836,4),(2590,836,5),(2591,836,6),(2592,836,7),(2593,836,8),(2594,836,9),(2595,836,19),(2596,836,20),(2597,836,22),(2598,837,1),(2599,837,9),(2600,837,10),(2601,837,11),(2602,837,12),(2603,837,19),(2604,837,20),(2605,837,21),(2606,837,22),(2607,838,2),(2608,838,3),(2609,838,13),(2610,838,14),(2611,838,15),(2612,838,16),(2613,839,1),(2614,839,3),(2615,839,13),(2616,839,14),(2617,839,15),(2618,839,16),(2619,840,1),(2620,840,2),(2621,840,3),(2622,840,13),(2623,840,14),(2624,841,1),(2625,841,2),(2626,841,3),(2627,841,4),(2628,841,5),(2629,841,6),(2630,841,7),(2631,841,8),(2632,841,17),(2633,841,18),(2634,841,9),(2635,841,10),(2636,841,11),(2637,841,12),(2638,841,19),(2639,841,20),(2640,841,21),(2641,841,22),(2642,841,23),(2643,841,13),(2644,841,14),(2645,841,15),(2646,841,16),(2647,842,1),(2648,842,2),(2649,842,3),(2650,842,4),(2651,842,5),(2652,842,6),(2653,842,7),(2654,842,8),(2655,842,17),(2656,842,18),(2657,842,9),(2658,842,10),(2659,842,11),(2660,842,12),(2661,842,19),(2662,842,20),(2663,842,21),(2664,842,22),(2665,842,23),(2666,842,13),(2667,842,14),(2668,842,15),(2669,842,16),(2670,843,2),(2671,844,4),(2672,845,4),(2673,846,1),(2674,846,2),(2675,846,3),(2676,847,1),(2677,847,9),(2678,847,10),(2679,847,11),(2680,848,1),(2681,848,9),(2682,848,10),(2683,848,11),(2684,849,1),(2685,849,9),(2686,849,10),(2687,849,11),(2688,850,4),(2689,850,5),(2690,851,1),(2691,851,9),(2692,851,10),(2693,852,1),(2694,852,9),(2695,852,10),(2696,852,11),(2697,853,1),(2698,853,9),(2699,853,10),(2700,853,11),(2701,854,1),(2702,854,2),(2703,854,3),(2704,854,10),(2705,855,5),(2706,856,13),(2707,856,14),(2708,857,1),(2709,857,13),(2710,858,3),(2711,858,6),(2712,859,1),(2713,859,13),(2714,860,1),(2715,860,13),(2716,861,1),(2717,861,13),(2718,862,13),(2719,862,14),(2720,863,13),(2721,863,14),(2722,864,13),(2723,864,14),(2724,865,13),(2725,866,13),(2726,867,13),(2727,868,13),(2728,869,13),(2729,870,13),(2730,871,2),(2731,871,6),(2732,871,9),(2733,871,10),(2734,871,11),(2735,872,2),(2736,872,3),(2737,872,9),(2738,872,10),(2739,872,11),(2740,873,4),(2741,873,6),(2742,873,13),(2743,873,14),(2744,874,1),(2745,874,2),(2746,874,4),(2747,874,6),(2748,874,13),(2749,874,14),(2750,875,1),(2751,875,2),(2752,875,3),(2753,875,4),(2754,875,5),(2755,875,6),(2756,875,9),(2757,875,10),(2758,875,11),(2759,875,13),(2760,875,14),(2761,876,1),(2762,876,2),(2763,876,3),(2764,876,4),(2765,876,5),(2766,876,6),(2767,876,9),(2768,876,10),(2769,876,11),(2770,876,13),(2771,876,14),(2772,877,13),(2773,878,13),(2774,879,1),(2775,879,12),(2776,880,1),(2777,880,2),(2778,880,10),(2779,880,11),(2780,881,1),(2781,881,9),(2782,881,10),(2783,882,4),(2784,883,1),(2785,883,12),(2786,884,3),(2787,884,6),(2788,885,4),(2789,885,5),(2790,886,5),(2791,887,1),(2792,887,2),(2793,887,3),(2794,887,12),(2795,888,1),(2796,888,13),(2797,889,1),(2798,889,2),(2799,889,13),(2800,890,2),(2801,890,3),(2802,890,14),(2803,891,2),(2804,891,3),(2805,891,14),(2806,892,2),(2807,892,3),(2808,892,14),(2809,893,1),(2810,893,14),(2811,894,1),(2812,894,14),(2813,895,1),(2814,895,14),(2815,896,1),(2816,896,13),(2817,897,1),(2818,897,13),(2819,898,1),(2820,898,13),(2821,899,2),(2822,899,3),(2823,899,14),(2824,900,2),(2825,900,3),(2826,900,14),(2827,901,2),(2828,901,3),(2829,901,14),(2830,902,4),(2831,902,6),(2832,902,9),(2833,902,10),(2834,902,11),(2835,902,12),(2836,903,1),(2837,903,2),(2838,903,4),(2839,903,6),(2840,903,9),(2841,903,10),(2842,903,11),(2843,903,12),(2844,904,2),(2845,904,6),(2846,904,14),(2847,905,2),(2848,905,3),(2849,905,4),(2850,905,6),(2851,905,13),(2852,905,14),(2853,906,1),(2854,906,2),(2855,906,3),(2856,906,4),(2857,906,5),(2858,906,6),(2859,906,9),(2860,906,10),(2861,906,11),(2862,906,12),(2863,906,13),(2864,906,14),(2865,907,1),(2866,907,2),(2867,907,3),(2868,907,4),(2869,907,5),(2870,907,6),(2871,907,9),(2872,907,10),(2873,907,11),(2874,907,12),(2875,907,13),(2876,907,14),(2877,908,13),(2878,909,13);
/*!40000 ALTER TABLE `edu_plan_competencies` ENABLE KEYS */;
UNLOCK TABLES;

--
-- Table structure for table `edu_plan_form_control`
--

DROP TABLE IF EXISTS `edu_plan_form_control`;
/*!40101 SET @saved_cs_client     = @@character_set_client */;
/*!50503 SET character_set_client = utf8mb4 */;
CREATE TABLE `edu_plan_form_control` (
  `id` int NOT NULL AUTO_INCREMENT,
  `edu_semester_id` int NOT NULL,
  `form_control_id` int NOT NULL,
  PRIMARY KEY (`id`)
) ENGINE=InnoDB DEFAULT CHARSET=cp1251;
/*!40101 SET character_set_client = @saved_cs_client */;

--
-- Dumping data for table `edu_plan_form_control`
--

LOCK TABLES `edu_plan_form_control` WRITE;
/*!40000 ALTER TABLE `edu_plan_form_control` DISABLE KEYS */;
/*!40000 ALTER TABLE `edu_plan_form_control` ENABLE KEYS */;
UNLOCK TABLES;

--
-- Table structure for table `edu_semesters`
--

DROP TABLE IF EXISTS `edu_semesters`;
/*!40101 SET @saved_cs_client     = @@character_set_client */;
/*!50503 SET character_set_client = utf8mb4 */;
CREATE TABLE `edu_semesters` (
  `id` int NOT NULL AUTO_INCREMENT,
  `edu_plan_id` int NOT NULL,
  `semester` int NOT NULL,
  `zed` decimal(10,2) NOT NULL,
  `lecture` int NOT NULL,
  `practice` int NOT NULL,
  `laboratory` int NOT NULL,
  `ind_work` int NOT NULL,
  PRIMARY KEY (`id`)
) ENGINE=InnoDB AUTO_INCREMENT=1150 DEFAULT CHARSET=cp1251;
/*!40101 SET character_set_client = @saved_cs_client */;

--
-- Dumping data for table `edu_semesters`
--

LOCK TABLES `edu_semesters` WRITE;
/*!40000 ALTER TABLE `edu_semesters` DISABLE KEYS */;
INSERT INTO `edu_semesters` VALUES (1,1,1,2.00,18,18,0,36),(2,1,2,2.00,16,16,0,40),(3,2,1,2.00,18,18,0,36),(4,3,1,0.00,0,0,0,0),(5,4,1,2.00,18,0,0,54),(6,5,1,2.00,0,36,0,36),(7,5,2,2.00,0,32,0,49),(8,5,3,2.00,0,36,0,36),(9,5,4,2.00,0,32,0,49),(10,6,1,3.00,36,36,0,45),(11,6,2,3.00,32,32,0,44),(12,6,3,3.00,36,36,0,63),(13,6,4,3.00,32,32,0,62),(14,7,1,3.00,36,36,0,45),(15,7,2,3.00,32,32,0,44),(16,7,3,3.00,36,36,0,63),(17,7,4,3.00,32,32,0,62),(18,8,1,3.00,18,36,0,63),(19,9,1,3.00,36,0,36,45),(20,10,1,0.00,0,0,0,0),(21,11,1,3.00,0,0,72,36),(22,11,2,2.00,0,0,32,40),(23,12,1,0.00,0,0,0,0),(24,13,1,0.00,0,0,0,0),(25,14,1,0.00,0,0,0,0),(26,15,1,0.00,0,0,0,0),(27,16,1,0.00,0,0,0,0),(28,17,1,0.00,0,0,0,0),(29,17,2,0.00,0,0,0,0),(30,18,1,0.00,0,0,0,0),(31,19,1,0.00,0,0,0,0),(32,20,1,0.00,0,0,0,0),(33,21,1,0.00,0,0,0,0),(34,22,1,0.00,0,0,0,0),(35,23,1,0.00,0,0,0,0),(36,24,1,0.00,0,0,0,0),(37,24,2,0.00,0,0,0,0),(38,25,1,0.00,0,0,0,0),(39,25,2,0.00,0,0,0,0),(40,26,1,0.00,0,0,0,0),(41,27,1,0.00,0,0,0,0),(42,27,2,0.00,0,0,0,0),(43,28,1,0.00,0,0,0,0),(44,28,2,0.00,0,0,0,0),(45,29,1,0.00,0,0,0,0),(46,30,1,0.00,0,0,0,0),(47,31,1,0.00,0,0,0,0),(48,32,1,0.00,0,0,0,0),(49,33,1,0.00,0,0,0,0),(50,35,1,0.00,0,0,0,0),(51,36,1,0.00,0,0,0,0),(52,37,1,0.00,0,0,0,0),(53,38,1,0.00,0,0,0,0),(54,39,1,0.00,0,0,0,0),(55,40,1,0.00,0,0,0,0),(56,41,1,0.00,0,0,0,0),(57,42,1,0.00,0,0,0,0),(58,43,1,0.00,0,0,0,0),(59,44,1,0.00,0,0,0,0),(60,45,1,0.00,0,0,0,0),(61,45,2,0.00,0,0,0,0),(62,46,1,0.00,0,0,0,0),(63,47,1,0.00,0,0,0,0),(64,48,1,0.00,0,0,0,0),(65,49,1,2.00,0,36,0,36),(66,50,1,2.00,0,36,0,36),(67,51,1,2.00,0,36,0,36),(68,52,1,0.00,0,0,0,0),(69,52,2,0.00,0,0,0,0),(70,53,1,0.00,0,0,0,0),(71,53,2,0.00,0,0,0,0),(72,54,1,0.00,0,0,0,0),(73,54,2,0.00,0,0,0,0),(74,55,1,0.00,0,0,0,0),(75,56,1,0.00,0,0,0,0),(76,57,1,0.00,0,0,0,0),(77,58,1,0.00,0,0,0,0),(78,59,1,0.00,0,0,0,0),(79,60,1,0.00,0,0,0,0),(80,61,1,3.00,36,36,0,45),(81,62,1,3.00,36,36,0,45),(82,63,1,3.00,36,36,0,45),(83,64,1,0.00,0,0,0,0),(84,65,1,0.00,0,0,0,0),(85,66,1,0.00,0,0,0,0),(86,67,1,0.00,0,0,0,0),(87,68,1,0.00,0,0,0,0),(88,69,1,0.00,0,0,0,0),(89,70,1,0.00,0,0,0,0),(90,71,1,0.00,0,0,0,0),(91,72,1,0.00,0,0,0,0),(92,73,1,0.00,0,0,0,0),(93,74,1,0.00,0,0,0,0),(94,75,1,0.00,0,0,0,0),(95,76,1,0.00,0,0,0,0),(96,76,2,3.00,0,30,0,78),(97,77,1,0.00,0,0,0,0),(98,78,1,0.00,0,0,0,0),(99,79,1,0.00,0,0,0,0),(100,80,1,0.00,0,0,0,0),(101,81,1,0.00,0,0,0,0),(102,82,1,0.00,0,0,0,0),(103,83,1,0.00,0,0,0,0),(104,84,1,2.00,36,18,0,18),(105,84,2,2.00,36,18,0,18),(106,85,1,0.00,0,0,0,0),(107,86,1,2.00,36,18,0,18),(108,87,1,2.00,0,36,0,36),(109,87,2,2.00,0,32,0,40),(110,87,3,2.00,0,36,0,36),(111,87,4,2.00,0,32,0,40),(112,88,1,2.00,18,0,0,54),(113,89,1,2.00,36,18,0,18),(114,90,1,3.00,36,0,36,36),(115,91,1,3.00,36,0,36,36),(116,91,2,3.00,32,0,32,44),(117,91,3,3.00,36,0,36,36),(118,92,1,4.00,54,0,54,36),(119,92,2,4.00,48,0,48,48),(120,92,3,3.00,36,0,36,36),(121,92,4,3.00,32,0,32,44),(122,93,1,3.00,36,36,0,36),(123,93,2,3.00,32,32,0,44),(124,94,1,3.00,0,0,72,36),(125,94,2,3.00,0,0,64,44),(126,94,3,2.00,0,0,36,36),(127,94,4,2.00,0,0,32,40),(128,95,1,0.00,0,0,0,0),(129,95,2,3.00,32,0,32,44),(130,96,1,0.00,0,0,0,0),(131,97,1,0.00,0,0,0,0),(132,98,1,0.00,0,0,0,0),(133,98,2,0.00,0,0,0,0),(134,99,1,0.00,0,0,0,0),(135,100,1,0.00,0,0,0,0),(136,101,1,0.00,0,0,0,0),(137,102,1,0.00,0,0,0,0),(138,103,1,0.00,0,0,0,0),(139,104,1,0.00,0,0,0,0),(140,105,1,0.00,0,0,0,0),(141,105,2,0.00,0,0,0,0),(142,106,1,0.00,0,0,0,0),(143,106,2,0.00,0,0,0,0),(144,107,1,0.00,0,0,0,0),(145,108,1,0.00,0,0,0,0),(146,109,1,0.00,0,0,0,0),(147,110,1,0.00,0,0,0,0),(148,112,1,3.00,18,36,0,54),(149,113,1,0.00,0,0,0,0),(150,114,1,0.00,0,0,0,0),(151,114,2,0.00,0,0,0,0),(152,115,1,0.00,0,0,0,0),(153,116,1,0.00,0,0,0,0),(154,117,1,0.00,0,0,0,0),(155,117,2,0.00,0,0,0,0),(156,118,1,0.00,0,0,0,0),(157,119,1,0.00,0,0,0,0),(158,120,1,0.00,0,0,0,0),(159,121,1,0.00,0,0,0,0),(160,122,1,0.00,0,0,0,0),(161,123,1,0.00,0,0,0,0),(162,124,1,0.00,0,0,0,0),(163,125,1,0.00,0,0,0,0),(164,126,1,0.00,0,0,0,0),(165,127,1,0.00,0,0,0,0),(166,128,1,0.00,0,0,0,0),(167,129,1,0.00,0,0,0,0),(168,130,1,0.00,0,0,0,0),(169,131,1,0.00,0,0,0,0),(170,132,1,0.00,0,0,0,0),(171,133,1,0.00,0,0,0,0),(172,134,1,0.00,0,0,0,0),(173,135,1,0.00,0,0,0,0),(174,136,1,0.00,0,0,0,0),(175,137,1,0.00,0,0,0,0),(176,138,1,0.00,0,0,0,0),(177,139,1,0.00,0,0,0,0),(178,140,1,0.00,0,0,0,0),(179,141,1,0.00,0,0,0,0),(180,142,1,0.00,0,0,0,0),(181,143,1,0.00,0,0,0,0),(182,144,1,0.00,0,0,0,0),(183,145,1,0.00,0,0,0,0),(184,146,1,0.00,0,0,0,0),(185,146,2,3.00,0,30,0,78),(186,147,1,0.00,0,0,0,0),(187,148,1,0.00,0,0,0,0),(188,149,1,0.00,0,0,0,0),(189,150,1,0.00,0,0,0,0),(190,151,1,0.00,0,0,0,0),(191,152,1,0.00,0,0,0,0),(192,152,2,0.00,0,0,0,0),(193,153,1,0.00,0,0,0,0),(194,154,1,2.00,36,18,0,18),(195,154,2,2.00,36,18,0,18),(196,155,1,0.00,0,0,0,0),(197,156,1,2.00,36,18,0,18),(198,157,1,2.00,0,36,0,36),(199,157,2,2.00,0,32,0,40),(200,157,3,2.00,0,36,0,36),(201,157,4,2.00,0,32,0,40),(202,158,1,2.00,18,0,0,54),(203,159,1,2.00,36,18,0,18),(204,160,1,3.00,36,0,36,36),(205,161,1,3.00,36,0,36,36),(206,161,2,3.00,32,0,32,44),(207,161,3,3.00,36,0,36,36),(208,162,1,3.00,36,0,36,36),(209,162,2,4.00,48,0,48,48),(210,162,3,3.00,36,0,36,36),(211,162,4,3.00,32,0,32,44),(212,163,1,3.00,36,36,0,36),(213,163,2,3.00,32,32,0,44),(214,164,1,3.00,0,0,72,36),(215,164,2,3.00,0,0,64,44),(216,164,3,2.00,0,0,36,36),(217,164,4,3.00,0,0,32,76),(218,165,1,0.00,0,0,0,0),(219,165,2,3.00,32,0,32,44),(220,166,1,0.00,0,0,0,0),(221,167,1,0.00,0,0,0,0),(222,168,1,0.00,0,0,0,0),(223,168,2,0.00,0,0,0,0),(224,169,1,0.00,0,0,0,0),(225,170,1,0.00,0,0,0,0),(226,171,1,0.00,0,0,0,0),(227,172,1,0.00,0,0,0,0),(228,173,1,0.00,0,0,0,0),(229,174,1,0.00,0,0,0,0),(230,175,1,0.00,0,0,0,0),(231,175,2,0.00,0,0,0,0),(232,176,1,0.00,0,0,0,0),(233,176,2,0.00,0,0,0,0),(234,177,1,0.00,0,0,0,0),(235,178,1,0.00,0,0,0,0),(236,179,1,0.00,0,0,0,0),(237,180,1,0.00,0,0,0,0),(238,182,1,3.00,18,36,0,54),(239,183,1,0.00,0,0,0,0),(240,184,1,0.00,0,0,0,0),(241,184,2,0.00,0,0,0,0),(242,185,1,0.00,0,0,0,0),(243,186,1,0.00,0,0,0,0),(244,187,1,0.00,0,0,0,0),(245,187,2,0.00,0,0,0,0),(246,188,1,0.00,0,0,0,0),(247,189,1,0.00,0,0,0,0),(248,190,1,0.00,0,0,0,0),(249,191,1,0.00,0,0,0,0),(250,192,1,0.00,0,0,0,0),(251,193,1,0.00,0,0,0,0),(252,194,1,0.00,0,0,0,0),(253,195,1,0.00,0,0,0,0),(254,196,1,0.00,0,0,0,0),(255,197,1,0.00,0,0,0,0),(256,198,1,0.00,0,0,0,0),(257,199,1,0.00,0,0,0,0),(258,200,1,0.00,0,0,0,0),(259,201,1,0.00,0,0,0,0),(260,202,1,0.00,0,0,0,0),(261,203,1,0.00,0,0,0,0),(262,204,1,0.00,0,0,0,0),(263,204,2,0.00,0,0,0,0),(264,205,1,0.00,0,0,0,0),(265,205,2,0.00,0,0,0,0),(266,206,1,0.00,0,0,0,0),(267,206,2,0.00,0,0,0,0),(268,207,1,0.00,0,0,0,0),(269,208,1,0.00,0,0,0,0),(270,209,1,0.00,0,0,0,0),(271,210,1,0.00,0,0,0,0),(272,211,1,0.00,0,0,0,0),(273,212,1,0.00,0,0,0,0),(274,213,1,0.00,0,0,0,0),(275,214,1,0.00,0,0,0,0),(276,215,1,0.00,0,0,0,0),(277,216,1,0.00,0,0,0,0),(278,216,2,3.00,0,30,0,78),(279,217,1,0.00,0,0,0,0),(280,218,1,0.00,0,0,0,0),(281,219,1,0.00,0,0,0,0),(282,220,1,0.00,0,0,0,0),(283,221,1,0.00,0,0,0,0),(284,222,1,2.00,0,18,0,54),(285,223,1,0.00,0,0,0,0),(286,224,1,1.00,0,36,0,0),(287,225,1,0.00,0,0,0,0),(288,225,2,0.00,0,0,0,0),(289,226,1,0.00,0,0,0,0),(290,227,1,2.00,18,18,0,36),(291,227,2,2.00,18,18,0,36),(292,228,1,2.00,18,18,0,36),(293,229,1,0.00,0,0,0,0),(294,230,1,2.00,0,36,0,36),(295,230,2,2.00,0,32,0,40),(296,230,3,2.00,0,36,0,36),(297,230,4,2.00,0,32,0,49),(298,231,1,2.00,18,0,0,54),(299,232,1,2.00,18,18,0,36),(300,233,1,2.00,18,18,0,36),(301,234,1,3.00,0,72,0,36),(302,235,1,3.00,36,0,36,36),(303,236,1,4.00,36,0,72,36),(304,236,2,3.00,34,0,64,10),(305,237,1,3.00,36,36,0,36),(306,237,2,3.00,34,32,0,51),(307,238,1,3.00,0,0,72,36),(308,238,2,3.00,0,0,64,53),(309,239,1,0.00,0,0,0,0),(310,240,1,0.00,0,0,0,0),(311,240,2,2.00,34,0,32,33),(312,241,1,0.00,0,0,0,0),(313,241,2,3.00,48,0,48,21),(314,241,3,3.00,54,0,54,27),(315,242,1,0.00,0,0,0,0),(316,242,2,0.00,0,0,0,0),(317,243,1,0.00,0,0,0,0),(318,244,1,0.00,0,0,0,0),(319,245,1,0.00,0,0,0,0),(320,246,1,0.00,0,0,0,0),(321,247,1,0.00,0,0,0,0),(322,247,2,0.00,0,0,0,0),(323,248,1,0.00,0,0,0,0),(324,249,1,0.00,0,0,0,0),(325,249,2,0.00,0,0,0,0),(326,250,1,0.00,0,0,0,0),(327,251,1,0.00,0,0,0,0),(328,251,2,0.00,0,0,0,0),(329,252,1,0.00,0,0,0,0),(330,253,1,0.00,0,0,0,0),(331,254,1,0.00,0,0,0,0),(332,255,1,0.00,0,0,0,0),(333,256,1,0.00,0,0,0,0),(334,257,1,0.00,0,0,0,0),(335,258,1,0.00,0,0,0,0),(336,259,1,0.00,0,0,0,0),(337,260,1,0.00,0,0,0,0),(338,262,1,0.00,0,0,0,0),(339,263,1,0.00,0,0,0,0),(340,264,1,0.00,0,0,0,0),(341,265,1,0.00,0,0,0,0),(342,266,1,0.00,0,0,0,0),(343,267,1,0.00,0,0,0,0),(344,268,1,0.00,0,0,0,0),(345,268,2,0.00,0,0,0,0),(346,269,1,0.00,0,0,0,0),(347,269,2,0.00,0,0,0,0),(348,270,1,0.00,0,0,0,0),(349,271,1,0.00,0,0,0,0),(350,272,1,0.00,0,0,0,0),(351,272,2,0.00,0,0,0,0),(352,273,1,0.00,0,0,0,0),(353,273,2,0.00,0,0,0,0),(354,274,1,0.00,0,0,0,0),(355,275,1,0.00,0,0,0,0),(356,276,1,0.00,0,0,0,0),(357,277,1,0.00,0,0,0,0),(358,278,1,0.00,0,0,0,0),(359,279,1,0.00,0,0,0,0),(360,280,1,0.00,0,0,0,0),(361,281,1,0.00,0,0,0,0),(362,281,2,0.00,0,0,0,0),(363,282,1,0.00,0,0,0,0),(364,282,2,0.00,0,0,0,0),(365,283,1,0.00,0,0,0,0),(366,283,2,0.00,0,0,0,0),(367,284,1,0.00,0,0,0,0),(368,285,1,0.00,0,0,0,0),(369,286,1,0.00,0,0,0,0),(370,287,1,0.00,0,0,0,0),(371,288,1,0.00,0,0,0,0),(372,289,1,0.00,0,0,0,0),(373,290,1,0.00,0,0,0,0),(374,291,1,0.00,0,0,0,0),(375,292,1,0.00,0,0,0,0),(376,293,1,0.00,0,0,0,0),(377,293,2,3.00,0,30,0,78),(378,294,1,0.00,0,0,0,0),(379,295,1,0.00,0,0,0,0),(380,296,1,0.00,0,0,0,0),(381,297,1,0.00,0,0,0,0),(382,298,1,0.00,0,0,0,0),(383,299,1,2.00,0,18,0,54),(384,300,1,0.00,0,0,0,0),(385,301,1,1.00,0,36,0,0),(386,302,1,0.00,0,0,0,0),(387,302,2,0.00,0,0,0,0),(388,303,1,2.00,36,18,0,18),(389,303,2,2.00,36,18,0,18),(390,304,1,0.00,0,0,0,0),(391,305,1,2.00,36,18,0,18),(392,306,1,2.00,0,36,0,36),(393,306,2,2.00,0,32,0,40),(394,306,3,2.00,0,36,0,36),(395,306,4,2.00,0,32,0,40),(396,307,1,2.00,18,0,0,54),(397,308,1,2.00,36,18,0,18),(398,309,1,3.00,36,0,36,36),(399,310,1,3.00,36,36,0,36),(400,310,2,3.00,32,32,0,44),(401,311,1,3.00,36,36,0,36),(402,311,2,3.00,32,32,0,44),(403,311,3,3.00,36,36,0,36),(404,312,1,3.00,36,36,0,36),(405,312,2,3.00,32,32,0,44),(406,313,1,3.00,0,0,72,36),(407,313,2,3.00,0,0,64,44),(408,313,3,3.00,0,0,36,72),(409,313,4,3.00,0,0,32,76),(410,314,1,0.00,0,0,0,0),(411,315,1,0.00,0,0,0,0),(412,315,2,3.00,32,0,32,44),(413,316,1,0.00,0,0,0,0),(414,317,1,0.00,0,0,0,0),(415,318,1,0.00,0,0,0,0),(416,319,1,0.00,0,0,0,0),(417,320,1,0.00,0,0,0,0),(418,321,1,0.00,0,0,0,0),(419,322,1,0.00,0,0,0,0),(420,323,1,0.00,0,0,0,0),(421,324,1,0.00,0,0,0,0),(422,325,1,0.00,0,0,0,0),(423,326,1,0.00,0,0,0,0),(424,328,1,3.00,18,36,0,54),(425,329,1,0.00,0,0,0,0),(426,330,1,0.00,0,0,0,0),(427,330,2,0.00,0,0,0,0),(428,331,1,0.00,0,0,0,0),(429,332,1,0.00,0,0,0,0),(430,333,1,0.00,0,0,0,0),(431,334,1,0.00,0,0,0,0),(432,334,2,0.00,0,0,0,0),(433,335,1,0.00,0,0,0,0),(434,335,2,0.00,0,0,0,0),(435,336,1,0.00,0,0,0,0),(436,336,2,0.00,0,0,0,0),(437,337,1,0.00,0,0,0,0),(438,338,1,0.00,0,0,0,0),(439,339,1,0.00,0,0,0,0),(440,340,1,0.00,0,0,0,0),(441,341,1,0.00,0,0,0,0),(442,342,1,0.00,0,0,0,0),(443,343,1,0.00,0,0,0,0),(444,344,1,0.00,0,0,0,0),(445,345,1,0.00,0,0,0,0),(446,346,1,0.00,0,0,0,0),(447,347,1,0.00,0,0,0,0),(448,348,1,0.00,0,0,0,0),(449,348,2,0.00,0,0,0,0),(450,349,1,0.00,0,0,0,0),(451,349,2,0.00,0,0,0,0),(452,350,1,0.00,0,0,0,0),(453,350,2,0.00,0,0,0,0),(454,351,1,0.00,0,0,0,0),(455,352,1,0.00,0,0,0,0),(456,353,1,0.00,0,0,0,0),(457,354,1,0.00,0,0,0,0),(458,355,1,0.00,0,0,0,0),(459,356,1,0.00,0,0,0,0),(460,357,1,0.00,0,0,0,0),(461,358,1,0.00,0,0,0,0),(462,359,1,0.00,0,0,0,0),(463,360,1,0.00,0,0,0,0),(464,361,1,0.00,0,0,0,0),(465,362,1,0.00,0,0,0,0),(466,363,1,0.00,0,0,0,0),(467,364,1,0.00,0,0,0,0),(468,365,1,0.00,0,0,0,0),(469,366,1,0.00,0,0,0,0),(470,366,2,0.00,0,0,0,0),(471,367,1,0.00,0,0,0,0),(472,367,2,0.00,0,0,0,0),(473,368,1,0.00,0,0,0,0),(474,368,2,0.00,0,0,0,0),(475,369,1,0.00,0,0,0,0),(476,370,1,0.00,0,0,0,0),(477,371,1,0.00,0,0,0,0),(478,372,1,0.00,0,0,0,0),(479,373,1,0.00,0,0,0,0),(480,374,1,0.00,0,0,0,0),(481,375,1,0.00,0,0,0,0),(482,375,2,0.00,0,0,0,0),(483,376,1,0.00,0,0,0,0),(484,377,1,0.00,0,0,0,0),(485,378,1,0.00,0,0,0,0),(486,378,2,0.00,0,0,0,0),(487,379,1,0.00,0,0,0,0),(488,380,1,2.00,36,18,0,18),(489,380,2,2.00,36,18,0,18),(490,381,1,0.00,0,0,0,0),(491,382,1,2.00,36,18,0,18),(492,383,1,2.00,0,36,0,36),(493,383,2,2.00,0,32,0,40),(494,383,3,2.00,0,36,0,36),(495,383,4,3.00,0,32,0,76),(496,384,1,2.00,18,0,0,54),(497,385,1,2.00,36,18,0,18),(498,386,1,3.00,36,36,0,36),(499,387,1,3.00,36,36,0,36),(500,387,2,3.00,32,32,0,44),(501,388,1,3.00,36,36,0,36),(502,388,2,3.00,32,32,0,44),(503,388,3,3.00,36,36,0,36),(504,389,1,3.00,36,36,0,36),(505,389,2,3.00,32,32,0,44),(506,390,1,3.00,0,0,72,36),(507,390,2,3.00,0,0,64,44),(508,390,3,3.00,0,0,36,72),(509,390,4,3.00,0,0,32,76),(510,391,1,0.00,0,0,0,0),(511,392,1,0.00,0,0,0,0),(512,392,2,3.00,32,0,32,44),(513,393,1,0.00,0,0,0,0),(514,394,1,0.00,0,0,0,0),(515,395,1,0.00,0,0,0,0),(516,396,1,0.00,0,0,0,0),(517,397,1,0.00,0,0,0,0),(518,398,1,0.00,0,0,0,0),(519,399,1,0.00,0,0,0,0),(520,400,1,0.00,0,0,0,0),(521,401,1,0.00,0,0,0,0),(522,402,1,0.00,0,0,0,0),(523,403,1,0.00,0,0,0,0),(524,405,1,3.00,18,36,0,54),(525,406,1,0.00,0,0,0,0),(526,407,1,0.00,0,0,0,0),(527,407,2,0.00,0,0,0,0),(528,408,1,0.00,0,0,0,0),(529,409,1,0.00,0,0,0,0),(530,410,1,0.00,0,0,0,0),(531,411,1,0.00,0,0,0,0),(532,411,2,0.00,0,0,0,0),(533,412,1,0.00,0,0,0,0),(534,412,2,0.00,0,0,0,0),(535,413,1,0.00,0,0,0,0),(536,413,2,0.00,0,0,0,0),(537,414,1,0.00,0,0,0,0),(538,415,1,0.00,0,0,0,0),(539,416,1,0.00,0,0,0,0),(540,417,1,0.00,0,0,0,0),(541,418,1,0.00,0,0,0,0),(542,419,1,0.00,0,0,0,0),(543,420,1,0.00,0,0,0,0),(544,421,1,0.00,0,0,0,0),(545,422,1,0.00,0,0,0,0),(546,423,1,0.00,0,0,0,0),(547,424,1,0.00,0,0,0,0),(548,425,1,0.00,0,0,0,0),(549,425,2,0.00,0,0,0,0),(550,426,1,0.00,0,0,0,0),(551,426,2,0.00,0,0,0,0),(552,427,1,0.00,0,0,0,0),(553,427,2,0.00,0,0,0,0),(554,428,1,0.00,0,0,0,0),(555,429,1,0.00,0,0,0,0),(556,430,1,0.00,0,0,0,0),(557,431,1,0.00,0,0,0,0),(558,432,1,0.00,0,0,0,0),(559,433,1,0.00,0,0,0,0),(560,434,1,0.00,0,0,0,0),(561,435,1,0.00,0,0,0,0),(562,436,1,0.00,0,0,0,0),(563,437,1,0.00,0,0,0,0),(564,438,1,0.00,0,0,0,0),(565,439,1,0.00,0,0,0,0),(566,440,1,0.00,0,0,0,0),(567,441,1,0.00,0,0,0,0),(568,442,1,0.00,0,0,0,0),(569,443,1,0.00,0,0,0,0),(570,443,2,0.00,0,0,0,0),(571,444,1,0.00,0,0,0,0),(572,444,2,0.00,0,0,0,0),(573,445,1,0.00,0,0,0,0),(574,445,2,0.00,0,0,0,0),(575,446,1,0.00,0,0,0,0),(576,447,1,0.00,0,0,0,0),(577,448,1,0.00,0,0,0,0),(578,449,1,0.00,0,0,0,0),(579,450,1,0.00,0,0,0,0),(580,451,1,0.00,0,0,0,0),(581,452,1,0.00,0,0,0,0),(582,452,2,0.00,0,0,0,0),(583,453,1,0.00,0,0,0,0),(584,454,1,0.00,0,0,0,0),(585,455,1,2.00,0,18,0,54),(586,456,1,0.00,0,0,0,0),(587,457,1,1.00,0,36,0,0),(588,458,1,0.00,0,0,0,0),(589,458,2,0.00,0,0,0,0),(590,459,1,0.00,0,0,0,0),(591,460,1,3.00,18,18,0,72),(592,460,2,2.00,18,18,0,36),(593,461,1,3.00,18,18,0,72),(594,462,1,0.00,0,0,0,0),(595,463,1,2.00,0,36,0,54),(596,463,2,2.00,0,32,0,58),(597,463,3,2.00,0,36,0,36),(598,463,4,3.00,0,32,0,76),(599,464,1,2.00,18,0,0,54),(600,465,1,2.00,18,18,0,36),(601,466,1,3.00,36,36,0,36),(602,467,1,3.00,36,36,0,54),(603,467,2,3.00,34,32,0,51),(604,468,1,4.00,36,36,0,72),(605,468,2,3.00,34,32,0,42),(606,469,1,3.00,0,0,72,54),(607,469,2,3.00,0,0,64,62),(608,470,1,0.00,0,0,0,0),(609,471,1,0.00,0,0,0,0),(610,471,2,2.00,34,32,0,33),(611,472,1,0.00,0,0,0,0),(612,473,1,0.00,0,0,0,0),(613,474,1,0.00,0,0,0,0),(614,475,1,0.00,0,0,0,0),(615,476,1,0.00,0,0,0,0),(616,477,1,0.00,0,0,0,0),(617,478,1,0.00,0,0,0,0),(618,479,1,0.00,0,0,0,0),(619,480,1,0.00,0,0,0,0),(620,481,1,0.00,0,0,0,0),(621,481,2,3.00,34,0,32,42),(622,482,1,2.00,0,72,0,0),(623,483,1,0.00,0,0,0,0),(624,484,1,0.00,0,0,0,0),(625,485,1,0.00,0,0,0,0),(626,486,1,2.00,18,18,0,36),(627,488,1,0.00,0,0,0,0),(628,489,1,0.00,0,0,0,0),(629,489,2,0.00,0,0,0,0),(630,490,1,0.00,0,0,0,0),(631,491,1,0.00,0,0,0,0),(632,492,1,0.00,0,0,0,0),(633,493,1,0.00,0,0,0,0),(634,493,2,0.00,0,0,0,0),(635,494,1,0.00,0,0,0,0),(636,495,1,0.00,0,0,0,0),(637,495,2,0.00,0,0,0,0),(638,496,1,0.00,0,0,0,0),(639,497,1,0.00,0,0,0,0),(640,498,1,0.00,0,0,0,0),(641,499,1,0.00,0,0,0,0),(642,500,1,0.00,0,0,0,0),(643,500,2,0.00,0,0,0,0),(644,501,1,0.00,0,0,0,0),(645,501,2,0.00,0,0,0,0),(646,502,1,0.00,0,0,0,0),(647,503,1,0.00,0,0,0,0),(648,504,1,0.00,0,0,0,0),(649,505,1,0.00,0,0,0,0),(650,506,1,0.00,0,0,0,0),(651,507,1,0.00,0,0,0,0),(652,508,1,0.00,0,0,0,0),(653,509,1,0.00,0,0,0,0),(654,510,1,0.00,0,0,0,0),(655,511,1,0.00,0,0,0,0),(656,511,2,0.00,0,0,0,0),(657,512,1,0.00,0,0,0,0),(658,512,2,0.00,0,0,0,0),(659,513,1,0.00,0,0,0,0),(660,513,2,0.00,0,0,0,0),(661,514,1,0.00,0,0,0,0),(662,515,1,0.00,0,0,0,0),(663,516,1,0.00,0,0,0,0),(664,517,1,0.00,0,0,0,0),(665,518,1,0.00,0,0,0,0),(666,519,1,0.00,0,0,0,0),(667,520,1,0.00,0,0,0,0),(668,521,1,0.00,0,0,0,0),(669,522,1,0.00,0,0,0,0),(670,523,1,0.00,0,0,0,0),(671,524,1,0.00,0,0,0,0),(672,525,1,0.00,0,0,0,0),(673,526,1,0.00,0,0,0,0),(674,526,2,0.00,0,0,0,0),(675,527,1,0.00,0,0,0,0),(676,527,2,0.00,0,0,0,0),(677,528,1,0.00,0,0,0,0),(678,528,2,0.00,0,0,0,0),(679,529,1,0.00,0,0,0,0),(680,529,2,0.00,0,0,0,0),(681,530,1,0.00,0,0,0,0),(682,530,2,0.00,0,0,0,0),(683,531,1,0.00,0,0,0,0),(684,531,2,0.00,0,0,0,0),(685,532,1,0.00,0,0,0,0),(686,533,1,0.00,0,0,0,0),(687,534,1,0.00,0,0,0,0),(688,535,1,0.00,0,0,0,0),(689,535,2,0.00,0,0,0,0),(690,536,1,0.00,0,0,0,0),(691,537,1,0.00,0,0,0,0),(692,538,1,2.00,0,18,0,54),(693,539,1,0.00,0,0,0,0),(694,540,1,1.00,0,36,0,0),(695,541,1,0.00,0,0,0,0),(696,541,2,0.00,0,0,0,0),(697,542,1,2.00,36,18,0,18),(698,542,2,2.00,36,18,0,18),(699,543,1,2.00,36,18,0,18),(700,544,1,0.00,0,0,0,0),(701,545,1,0.00,0,0,0,0),(702,546,1,2.00,36,18,0,18),(703,547,1,3.00,0,36,0,72),(704,547,2,2.00,0,32,0,40),(705,547,3,2.00,0,36,0,36),(706,547,4,2.00,0,32,0,40),(707,548,1,0.00,0,0,0,0),(708,549,1,2.00,0,0,36,36),(709,549,2,2.00,0,0,32,40),(710,550,1,2.00,18,0,0,54),(711,551,1,0.00,0,0,0,0),(712,551,2,0.00,0,0,0,0),(713,552,1,0.00,0,0,0,0),(714,552,2,0.00,0,0,0,0),(715,553,1,0.00,0,0,0,0),(716,554,1,3.00,0,72,0,36),(717,554,2,2.00,0,32,0,40),(718,555,1,0.00,0,0,0,0),(719,556,1,3.00,36,36,0,36),(720,556,2,3.00,32,32,0,44),(721,557,1,3.00,36,36,0,36),(722,558,1,3.00,36,36,0,36),(723,558,2,3.00,32,32,0,44),(724,558,3,3.00,36,34,0,38),(725,559,1,3.00,36,36,0,36),(726,559,2,2.00,32,32,0,8),(727,560,1,0.00,0,0,0,0),(728,560,2,0.00,0,0,0,0),(729,561,1,0.00,0,0,0,0),(730,561,2,3.00,32,32,0,44),(731,562,1,0.00,0,0,0,0),(732,563,1,0.00,0,0,0,0),(733,564,1,0.00,0,0,0,0),(734,564,2,0.00,0,0,0,0),(735,565,1,0.00,0,0,0,0),(736,566,1,0.00,0,0,0,0),(737,566,2,0.00,0,0,0,0),(738,567,1,0.00,0,0,0,0),(739,567,2,0.00,0,0,0,0),(740,568,1,0.00,0,0,0,0),(741,568,2,0.00,0,0,0,0),(742,569,1,0.00,0,0,0,0),(743,570,1,0.00,0,0,0,0),(744,571,1,0.00,0,0,0,0),(745,572,1,0.00,0,0,0,0),(746,573,1,0.00,0,0,0,0),(747,574,1,0.00,0,0,0,0),(748,575,1,0.00,0,0,0,0),(749,575,2,0.00,0,0,0,0),(750,576,1,0.00,0,0,0,0),(751,577,1,0.00,0,0,0,0),(752,578,1,0.00,0,0,0,0),(753,579,1,0.00,0,0,0,0),(754,581,1,0.00,0,0,0,0),(755,582,1,0.00,0,0,0,0),(756,583,1,0.00,0,0,0,0),(757,584,1,0.00,0,0,0,0),(758,585,1,0.00,0,0,0,0),(759,586,1,0.00,0,0,0,0),(760,587,1,0.00,0,0,0,0),(761,588,1,0.00,0,0,0,0),(762,589,1,0.00,0,0,0,0),(763,589,2,0.00,0,0,0,0),(764,590,1,0.00,0,0,0,0),(765,591,1,0.00,0,0,0,0),(766,592,1,0.00,0,0,0,0),(767,593,1,0.00,0,0,0,0),(768,594,1,0.00,0,0,0,0),(769,595,1,0.00,0,0,0,0),(770,596,1,0.00,0,0,0,0),(771,597,1,0.00,0,0,0,0),(772,598,1,0.00,0,0,0,0),(773,599,1,0.00,0,0,0,0),(774,600,1,0.00,0,0,0,0),(775,601,1,0.00,0,0,0,0),(776,602,1,0.00,0,0,0,0),(777,603,1,0.00,0,0,0,0),(778,604,1,0.00,0,0,0,0),(779,605,1,0.00,0,0,0,0),(780,606,1,0.00,0,0,0,0),(781,607,1,0.00,0,0,0,0),(782,608,1,0.00,0,0,0,0),(783,609,1,0.00,0,0,0,0),(784,610,1,0.00,0,0,0,0),(785,611,1,0.00,0,0,0,0),(786,612,1,0.00,0,0,0,0),(787,613,1,0.00,0,0,0,0),(788,614,1,0.00,0,0,0,0),(789,615,1,0.00,0,0,0,0),(790,616,1,0.00,0,0,0,0),(791,617,1,0.00,0,0,0,0),(792,618,1,0.00,0,0,0,0),(793,619,1,0.00,0,0,0,0),(794,620,1,0.00,0,0,0,0),(795,621,1,0.00,0,0,0,0),(796,622,1,0.00,0,0,0,0),(797,623,1,0.00,0,0,0,0),(798,624,1,0.00,0,0,0,0),(799,624,2,3.00,0,30,0,78),(800,625,1,0.00,0,0,0,0),(801,626,1,0.00,0,0,0,0),(802,627,1,0.00,0,0,0,0),(803,627,2,0.00,0,0,0,0),(804,628,1,0.00,0,0,0,0),(805,629,1,0.00,0,0,0,0),(806,630,1,0.00,0,0,0,0),(807,631,1,0.00,0,0,0,0),(808,632,1,0.00,0,0,0,0),(809,633,1,0.00,0,0,0,0),(810,634,1,0.00,0,0,0,0),(811,635,1,0.00,0,0,0,0),(812,636,1,0.00,0,0,0,0),(813,637,1,2.00,0,36,0,36),(814,637,2,2.00,0,36,0,36),(815,638,1,2.00,36,18,0,18),(816,638,2,2.00,36,18,0,18),(817,639,1,2.00,36,18,0,18),(818,640,1,0.00,0,0,0,0),(819,641,1,0.00,0,0,0,0),(820,642,1,2.00,36,18,0,18),(821,643,1,3.00,0,36,0,72),(822,643,2,2.00,0,32,0,40),(823,643,3,2.00,0,36,0,36),(824,643,4,2.00,0,32,0,40),(825,644,1,0.00,0,0,0,0),(826,645,1,2.00,0,0,36,36),(827,645,2,2.00,0,0,32,40),(828,646,1,2.00,18,0,0,54),(829,647,1,0.00,0,0,0,0),(830,647,2,2.00,16,32,0,24),(831,648,1,0.00,0,0,0,0),(832,648,2,0.00,0,0,0,0),(833,649,1,0.00,0,0,0,0),(834,650,1,3.00,0,72,0,36),(835,650,2,2.00,0,32,0,40),(836,651,1,0.00,0,0,0,0),(837,652,1,3.00,36,36,0,36),(838,652,2,3.00,32,32,0,44),(839,653,1,3.00,36,36,0,36),(840,654,1,3.00,36,36,0,36),(841,654,2,3.00,32,32,0,44),(842,654,3,3.00,36,34,0,38),(843,655,1,3.00,36,36,0,36),(844,655,2,2.00,16,32,0,24),(845,656,1,0.00,0,0,0,0),(846,656,2,0.00,0,0,0,0),(847,657,1,0.00,0,0,0,0),(848,657,2,3.00,32,32,0,44),(849,658,1,0.00,0,0,0,0),(850,659,1,0.00,0,0,0,0),(851,660,1,0.00,0,0,0,0),(852,660,2,0.00,0,0,0,0),(853,661,1,0.00,0,0,0,0),(854,662,1,0.00,0,0,0,0),(855,662,2,0.00,0,0,0,0),(856,663,1,0.00,0,0,0,0),(857,663,2,0.00,0,0,0,0),(858,664,1,0.00,0,0,0,0),(859,664,2,0.00,0,0,0,0),(860,665,1,0.00,0,0,0,0),(861,666,1,0.00,0,0,0,0),(862,667,1,0.00,0,0,0,0),(863,668,1,0.00,0,0,0,0),(864,668,2,0.00,0,0,0,0),(865,669,1,0.00,0,0,0,0),(866,670,1,0.00,0,0,0,0),(867,671,1,0.00,0,0,0,0),(868,672,1,0.00,0,0,0,0),(869,673,1,0.00,0,0,0,0),(870,674,1,0.00,0,0,0,0),(871,675,1,0.00,0,0,0,0),(872,676,1,0.00,0,0,0,0),(873,678,1,0.00,0,0,0,0),(874,679,1,0.00,0,0,0,0),(875,680,1,0.00,0,0,0,0),(876,681,1,0.00,0,0,0,0),(877,682,1,0.00,0,0,0,0),(878,683,1,0.00,0,0,0,0),(879,684,1,0.00,0,0,0,0),(880,685,1,0.00,0,0,0,0),(881,686,1,0.00,0,0,0,0),(882,686,2,0.00,0,0,0,0),(883,687,1,0.00,0,0,0,0),(884,688,1,0.00,0,0,0,0),(885,689,1,0.00,0,0,0,0),(886,690,1,0.00,0,0,0,0),(887,691,1,0.00,0,0,0,0),(888,692,1,0.00,0,0,0,0),(889,693,1,0.00,0,0,0,0),(890,694,1,0.00,0,0,0,0),(891,695,1,0.00,0,0,0,0),(892,696,1,0.00,0,0,0,0),(893,697,1,0.00,0,0,0,0),(894,698,1,0.00,0,0,0,0),(895,699,1,0.00,0,0,0,0),(896,700,1,0.00,0,0,0,0),(897,701,1,0.00,0,0,0,0),(898,702,1,0.00,0,0,0,0),(899,703,1,0.00,0,0,0,0),(900,704,1,0.00,0,0,0,0),(901,705,1,0.00,0,0,0,0),(902,706,1,0.00,0,0,0,0),(903,707,1,0.00,0,0,0,0),(904,708,1,0.00,0,0,0,0),(905,709,1,0.00,0,0,0,0),(906,710,1,0.00,0,0,0,0),(907,711,1,0.00,0,0,0,0),(908,712,1,0.00,0,0,0,0),(909,713,1,0.00,0,0,0,0),(910,714,1,0.00,0,0,0,0),(911,715,1,0.00,0,0,0,0),(912,716,1,0.00,0,0,0,0),(913,717,1,0.00,0,0,0,0),(914,718,1,0.00,0,0,0,0),(915,719,1,0.00,0,0,0,0),(916,720,1,0.00,0,0,0,0),(917,721,1,0.00,0,0,0,0),(918,722,1,0.00,0,0,0,0),(919,723,1,0.00,0,0,0,0),(920,724,1,0.00,0,0,0,0),(921,724,2,3.00,0,30,0,78),(922,725,1,0.00,0,0,0,0),(923,726,1,0.00,0,0,0,0),(924,727,1,0.00,0,0,0,0),(925,727,2,0.00,0,0,0,0),(926,728,1,0.00,0,0,0,0),(927,729,1,0.00,0,0,0,0),(928,730,1,0.00,0,0,0,0),(929,731,1,0.00,0,0,0,0),(930,732,1,0.00,0,0,0,0),(931,733,1,0.00,0,0,0,0),(932,734,1,0.00,0,0,0,0),(933,735,1,0.00,0,0,0,0),(934,736,1,0.00,0,0,0,0),(935,737,1,0.00,0,0,0,0),(936,738,1,0.00,0,0,0,0),(937,739,1,2.00,0,36,0,36),(938,739,2,2.00,0,36,0,36),(939,740,1,2.00,18,18,0,36),(940,740,2,2.00,18,18,0,36),(941,741,1,0.00,0,0,0,0),(942,742,1,2.00,18,18,0,36),(943,743,1,0.00,0,0,0,0),(944,744,1,0.00,0,0,0,0),(945,745,1,2.00,0,36,0,36),(946,745,2,2.00,0,36,0,36),(947,745,3,2.00,0,28,0,44),(948,745,4,1.00,0,30,0,15),(949,746,1,0.00,0,0,0,0),(950,747,1,2.00,18,54,0,18),(951,747,2,1.00,0,36,0,18),(952,748,1,2.00,18,0,0,54),(953,749,1,3.00,18,36,0,54),(954,749,2,2.00,18,36,0,27),(955,750,1,0.00,0,0,0,0),(956,750,2,3.00,18,36,0,54),(957,751,1,0.00,0,0,0,0),(958,752,1,2.00,18,54,0,9),(959,752,2,4.00,18,54,0,81),(960,753,1,3.00,18,0,36,63),(961,754,1,3.00,54,54,0,9),(962,754,2,4.00,56,56,0,41),(963,755,1,3.00,36,36,0,45),(964,756,1,0.00,0,0,0,0),(965,756,2,4.00,56,0,56,41),(966,756,3,3.00,42,0,44,31),(967,757,1,0.00,0,0,0,0),(968,758,1,0.00,0,0,0,0),(969,758,2,0.00,0,0,0,0),(970,759,1,0.00,0,0,0,0),(971,760,1,0.00,0,0,0,0),(972,760,2,0.00,0,0,0,0),(973,761,1,0.00,0,0,0,0),(974,762,1,0.00,0,0,0,0),(975,762,2,0.00,0,0,0,0),(976,763,1,0.00,0,0,0,0),(977,764,1,0.00,0,0,0,0),(978,764,2,0.00,0,0,0,0),(979,765,1,0.00,0,0,0,0),(980,765,2,0.00,0,0,0,0),(981,766,1,0.00,0,0,0,0),(982,766,2,0.00,0,0,0,0),(983,767,1,0.00,0,0,0,0),(984,767,2,0.00,0,0,0,0),(985,768,1,0.00,0,0,0,0),(986,769,1,2.00,18,18,0,36),(987,770,1,0.00,0,0,0,0),(988,770,2,0.00,0,0,0,0),(989,771,1,0.00,0,0,0,0),(990,772,1,0.00,0,0,0,0),(991,773,1,0.00,0,0,0,0),(992,774,1,0.00,0,0,0,0),(993,775,1,0.00,0,0,0,0),(994,776,1,0.00,0,0,0,0),(995,777,1,0.00,0,0,0,0),(996,778,1,0.00,0,0,0,0),(997,780,1,0.00,0,0,0,0),(998,781,1,0.00,0,0,0,0),(999,782,1,0.00,0,0,0,0),(1000,783,1,0.00,0,0,0,0),(1001,784,1,0.00,0,0,0,0),(1002,785,1,0.00,0,0,0,0),(1003,786,1,0.00,0,0,0,0),(1004,787,1,0.00,0,0,0,0),(1005,788,1,2.00,18,18,0,36),(1006,789,1,0.00,0,0,0,0),(1007,790,1,0.00,0,0,0,0),(1008,791,1,0.00,0,0,0,0),(1009,792,1,0.00,0,0,0,0),(1010,793,1,0.00,0,0,0,0),(1011,794,1,0.00,0,0,0,0),(1012,795,1,0.00,0,0,0,0),(1013,796,1,0.00,0,0,0,0),(1014,797,1,0.00,0,0,0,0),(1015,798,1,0.00,0,0,0,0),(1016,799,1,0.00,0,0,0,0),(1017,800,1,0.00,0,0,0,0),(1018,801,1,0.00,0,0,0,0),(1019,802,1,0.00,0,0,0,0),(1020,803,1,0.00,0,0,0,0),(1021,804,1,0.00,0,0,0,0),(1022,805,1,0.00,0,0,0,0),(1023,806,1,0.00,0,0,0,0),(1024,807,1,0.00,0,0,0,0),(1025,808,1,0.00,0,0,0,0),(1026,809,1,0.00,0,0,0,0),(1027,810,1,0.00,0,0,0,0),(1028,811,1,0.00,0,0,0,0),(1029,812,1,0.00,0,0,0,0),(1030,813,1,0.00,0,0,0,0),(1031,813,2,0.00,0,0,0,0),(1032,814,1,0.00,0,0,0,0),(1033,814,2,0.00,0,0,0,0),(1034,815,1,0.00,0,0,0,0),(1035,815,2,0.00,0,0,0,0),(1036,816,1,0.00,0,0,0,0),(1037,816,2,0.00,0,0,0,0),(1038,817,1,0.00,0,0,0,0),(1039,817,2,0.00,0,0,0,0),(1040,818,1,0.00,0,0,0,0),(1041,818,2,0.00,0,0,0,0),(1042,819,1,0.00,0,0,0,0),(1043,820,1,0.00,0,0,0,0),(1044,821,1,0.00,0,0,0,0),(1045,822,1,0.00,0,0,0,0),(1046,823,1,0.00,0,0,0,0),(1047,824,1,0.00,0,0,0,0),(1048,825,1,0.00,0,0,0,0),(1049,826,1,0.00,0,0,0,0),(1050,827,1,0.00,0,0,0,0),(1051,828,1,0.00,0,0,0,0),(1052,829,1,0.00,0,0,0,0),(1053,830,1,0.00,0,0,0,0),(1054,831,1,0.00,0,0,0,0),(1055,832,1,0.00,0,0,0,0),(1056,833,1,0.00,0,0,0,0),(1057,834,1,0.00,0,0,0,0),(1058,835,1,0.00,0,0,0,0),(1059,835,2,0.00,0,0,0,0),(1060,836,1,0.00,0,0,0,0),(1061,836,2,0.00,0,0,0,0),(1062,837,1,0.00,0,0,0,0),(1063,838,1,0.00,0,0,0,0),(1064,839,1,0.00,0,0,0,0),(1065,840,1,0.00,0,0,0,0),(1066,841,1,0.00,0,0,0,0),(1067,842,1,0.00,0,0,0,0),(1068,843,1,0.00,0,0,0,0),(1069,844,1,0.00,0,0,0,0),(1070,845,1,0.00,0,0,0,0),(1071,846,1,2.00,0,36,0,36),(1072,846,2,2.00,0,36,0,36),(1073,847,1,2.00,18,18,0,36),(1074,847,2,2.00,17,17,0,47),(1075,848,1,2.00,18,18,0,36),(1076,848,2,2.00,0,34,0,47),(1077,849,1,0.00,0,0,0,0),(1078,850,1,3.00,0,36,0,72),(1079,850,2,3.00,0,34,0,74),(1080,851,1,1.00,18,18,0,0),(1081,851,2,1.00,17,17,0,11),(1082,852,1,3.00,18,18,0,72),(1083,853,1,0.00,0,0,0,0),(1084,854,1,2.00,0,0,36,36),(1085,854,2,2.00,0,0,17,55),(1086,854,3,3.00,0,0,36,72),(1087,855,1,0.00,0,0,0,0),(1088,856,1,0.00,0,0,0,0),(1089,857,1,3.00,0,36,0,72),(1090,858,1,0.00,0,0,0,0),(1091,859,1,0.00,0,0,0,0),(1092,860,1,0.00,0,0,0,0),(1093,861,1,0.00,0,0,0,0),(1094,862,1,0.00,0,0,0,0),(1095,863,1,0.00,0,0,0,0),(1096,864,1,0.00,0,0,0,0),(1097,865,1,3.00,18,18,0,72),(1098,866,1,3.00,18,18,0,72),(1099,867,1,3.00,18,18,0,72),(1100,868,1,0.00,0,0,0,0),(1101,869,1,0.00,0,0,0,0),(1102,870,1,0.00,0,0,0,0),(1103,871,1,7.00,0,18,0,234),(1104,871,2,8.00,0,17,0,271),(1105,871,3,11.00,0,18,0,378),(1106,872,1,0.00,0,0,0,0),(1107,873,1,0.00,0,0,0,0),(1108,874,1,0.00,0,0,0,0),(1109,875,1,0.00,0,0,0,0),(1110,876,1,0.00,0,0,0,0),(1111,877,1,0.00,0,0,0,0),(1112,878,1,1.00,18,0,0,18),(1113,879,1,4.00,18,18,0,108),(1114,880,1,4.00,18,36,0,90),(1115,880,2,3.00,16,34,0,58),(1116,880,3,2.00,18,18,0,63),(1117,881,1,3.00,18,18,0,72),(1118,882,1,3.00,0,36,0,72),(1119,882,2,3.00,0,34,0,74),(1120,883,1,3.00,18,18,0,72),(1121,884,1,0.00,0,0,0,0),(1122,885,1,0.00,0,0,0,0),(1123,886,1,0.00,0,0,0,0),(1124,887,1,0.00,0,0,0,0),(1125,888,1,0.00,0,0,0,0),(1126,889,1,3.00,18,0,18,72),(1127,889,2,4.00,16,0,18,110),(1128,890,1,0.00,0,0,0,0),(1129,891,1,0.00,0,0,0,0),(1130,892,1,0.00,0,0,0,0),(1131,893,1,0.00,0,0,0,0),(1132,894,1,0.00,0,0,0,0),(1133,895,1,0.00,0,0,0,0),(1134,896,1,0.00,0,0,0,0),(1135,897,1,0.00,0,0,0,0),(1136,898,1,0.00,0,0,0,0),(1137,899,1,0.00,0,0,0,0),(1138,900,1,0.00,0,0,0,0),(1139,901,1,0.00,0,0,0,0),(1140,902,1,6.00,0,18,0,198),(1141,902,2,5.00,0,16,0,164),(1142,902,3,10.00,0,18,0,342),(1143,903,1,0.00,0,0,0,0),(1144,904,1,0.00,0,0,0,0),(1145,905,1,0.00,0,0,0,0),(1146,906,1,0.00,0,0,0,0),(1147,907,1,0.00,0,0,0,0),(1148,908,1,0.00,0,0,0,0),(1149,909,1,0.00,0,0,0,0);
/*!40000 ALTER TABLE `edu_semesters` ENABLE KEYS */;
UNLOCK TABLES;

--
-- Table structure for table `empl_contracts`
--

DROP TABLE IF EXISTS `empl_contracts`;
/*!40101 SET @saved_cs_client     = @@character_set_client */;
/*!50503 SET character_set_client = utf8mb4 */;
CREATE TABLE `empl_contracts` (
  `id` int NOT NULL AUTO_INCREMENT,
  `employee_id` int NOT NULL,
  `date_from` date NOT NULL,
  `date_to` date NOT NULL,
  `number` int NOT NULL,
  `position_id` int NOT NULL,
  `competition` tinyint(1) NOT NULL COMMENT '1-election by competition',
  PRIMARY KEY (`id`)
) ENGINE=InnoDB DEFAULT CHARSET=cp1251;
/*!40101 SET character_set_client = @saved_cs_client */;

--
-- Dumping data for table `empl_contracts`
--

LOCK TABLES `empl_contracts` WRITE;
/*!40000 ALTER TABLE `empl_contracts` DISABLE KEYS */;
/*!40000 ALTER TABLE `empl_contracts` ENABLE KEYS */;
UNLOCK TABLES;

--
-- Table structure for table `empl_degrees`
--

DROP TABLE IF EXISTS `empl_degrees`;
/*!40101 SET @saved_cs_client     = @@character_set_client */;
/*!50503 SET character_set_client = utf8mb4 */;
CREATE TABLE `empl_degrees` (
  `id` int NOT NULL AUTO_INCREMENT,
  `employee_id` int NOT NULL,
  `spec_id` int NOT NULL,
  `degree_id` int NOT NULL,
  `date` date NOT NULL,
  PRIMARY KEY (`id`)
) ENGINE=InnoDB DEFAULT CHARSET=cp1251;
/*!40101 SET character_set_client = @saved_cs_client */;

--
-- Dumping data for table `empl_degrees`
--

LOCK TABLES `empl_degrees` WRITE;
/*!40000 ALTER TABLE `empl_degrees` DISABLE KEYS */;
/*!40000 ALTER TABLE `empl_degrees` ENABLE KEYS */;
UNLOCK TABLES;

--
-- Table structure for table `empl_education`
--

DROP TABLE IF EXISTS `empl_education`;
/*!40101 SET @saved_cs_client     = @@character_set_client */;
/*!50503 SET character_set_client = utf8mb4 */;
CREATE TABLE `empl_education` (
  `id` int NOT NULL AUTO_INCREMENT,
  `employee_id` int NOT NULL,
  `edu_level_id` int NOT NULL,
  `speciality` varchar(255) NOT NULL,
  `qualification` varchar(255) NOT NULL,
  `date` date NOT NULL,
  `serial` varchar(20) NOT NULL,
  PRIMARY KEY (`id`)
) ENGINE=InnoDB DEFAULT CHARSET=cp1251;
/*!40101 SET character_set_client = @saved_cs_client */;

--
-- Dumping data for table `empl_education`
--

LOCK TABLES `empl_education` WRITE;
/*!40000 ALTER TABLE `empl_education` DISABLE KEYS */;
/*!40000 ALTER TABLE `empl_education` ENABLE KEYS */;
UNLOCK TABLES;

--
-- Table structure for table `empl_loads`
--

DROP TABLE IF EXISTS `empl_loads`;
/*!40101 SET @saved_cs_client     = @@character_set_client */;
/*!50503 SET character_set_client = utf8mb4 */;
CREATE TABLE `empl_loads` (
  `id` int NOT NULL AUTO_INCREMENT,
  `load_id` int NOT NULL,
  `semester` int NOT NULL,
  `employee_id` int NOT NULL,
  `hourly_fund` tinyint(1) NOT NULL DEFAULT '0',
  `edu_semester_id` int NOT NULL,
  `subject` varchar(255) NOT NULL,
  `group_id` int NOT NULL,
  `subject_form_id` int NOT NULL,
  `hours_other` decimal(10,2) NOT NULL,
  `hours_contact` decimal(10,2) NOT NULL,
  PRIMARY KEY (`id`)
) ENGINE=InnoDB DEFAULT CHARSET=cp1251;
/*!40101 SET character_set_client = @saved_cs_client */;

--
-- Dumping data for table `empl_loads`
--

LOCK TABLES `empl_loads` WRITE;
/*!40000 ALTER TABLE `empl_loads` DISABLE KEYS */;
/*!40000 ALTER TABLE `empl_loads` ENABLE KEYS */;
UNLOCK TABLES;

--
-- Table structure for table `empl_prof_education`
--

DROP TABLE IF EXISTS `empl_prof_education`;
/*!40101 SET @saved_cs_client     = @@character_set_client */;
/*!50503 SET character_set_client = utf8mb4 */;
CREATE TABLE `empl_prof_education` (
  `id` int NOT NULL AUTO_INCREMENT,
  `employee_id` int NOT NULL,
  `number` varchar(30) NOT NULL,
  `date` date NOT NULL,
  `doc_type_id` int NOT NULL,
  `title` varchar(200) NOT NULL,
  `n_hours` int NOT NULL,
  `organization` varchar(255) NOT NULL,
  PRIMARY KEY (`id`)
) ENGINE=InnoDB DEFAULT CHARSET=cp1251;
/*!40101 SET character_set_client = @saved_cs_client */;

--
-- Dumping data for table `empl_prof_education`
--

LOCK TABLES `empl_prof_education` WRITE;
/*!40000 ALTER TABLE `empl_prof_education` DISABLE KEYS */;
/*!40000 ALTER TABLE `empl_prof_education` ENABLE KEYS */;
UNLOCK TABLES;

--
-- Table structure for table `empl_publications`
--

DROP TABLE IF EXISTS `empl_publications`;
/*!40101 SET @saved_cs_client     = @@character_set_client */;
/*!50503 SET character_set_client = utf8mb4 */;
CREATE TABLE `empl_publications` (
  `id` int NOT NULL AUTO_INCREMENT,
  `empl_id` int NOT NULL,
  `publ_id` int NOT NULL,
  PRIMARY KEY (`id`)
) ENGINE=InnoDB DEFAULT CHARSET=cp1251;
/*!40101 SET character_set_client = @saved_cs_client */;

--
-- Dumping data for table `empl_publications`
--

LOCK TABLES `empl_publications` WRITE;
/*!40000 ALTER TABLE `empl_publications` DISABLE KEYS */;
/*!40000 ALTER TABLE `empl_publications` ENABLE KEYS */;
UNLOCK TABLES;

--
-- Table structure for table `empl_titles`
--

DROP TABLE IF EXISTS `empl_titles`;
/*!40101 SET @saved_cs_client     = @@character_set_client */;
/*!50503 SET character_set_client = utf8mb4 */;
CREATE TABLE `empl_titles` (
  `id` int NOT NULL AUTO_INCREMENT,
  `employee_id` int NOT NULL,
  `title_id` int NOT NULL,
  `date` date NOT NULL,
  PRIMARY KEY (`id`)
) ENGINE=InnoDB DEFAULT CHARSET=cp1251;
/*!40101 SET character_set_client = @saved_cs_client */;

--
-- Dumping data for table `empl_titles`
--

LOCK TABLES `empl_titles` WRITE;
/*!40000 ALTER TABLE `empl_titles` DISABLE KEYS */;
/*!40000 ALTER TABLE `empl_titles` ENABLE KEYS */;
UNLOCK TABLES;

--
-- Table structure for table `employees`
--

DROP TABLE IF EXISTS `employees`;
/*!40101 SET @saved_cs_client     = @@character_set_client */;
/*!50503 SET character_set_client = utf8mb4 */;
CREATE TABLE `employees` (
  `id` int NOT NULL AUTO_INCREMENT,
  `surname` varchar(30) NOT NULL,
  `name` varchar(30) NOT NULL,
  `patronimyc` varchar(100) NOT NULL,
  PRIMARY KEY (`id`)
) ENGINE=InnoDB AUTO_INCREMENT=4 DEFAULT CHARSET=cp1251;
/*!40101 SET character_set_client = @saved_cs_client */;

--
-- Dumping data for table `employees`
--

LOCK TABLES `employees` WRITE;
/*!40000 ALTER TABLE `employees` DISABLE KEYS */;
INSERT INTO `employees` VALUES (1,'Кулаев','Руслан','Черменович'),(2,'Басаева','Елена','Казбековна'),(3,'Джусоева','Нонна','Анатольевна');
/*!40000 ALTER TABLE `employees` ENABLE KEYS */;
UNLOCK TABLES;

--
-- Table structure for table `external_practices`
--

DROP TABLE IF EXISTS `external_practices`;
/*!40101 SET @saved_cs_client     = @@character_set_client */;
/*!50503 SET character_set_client = utf8mb4 */;
CREATE TABLE `external_practices` (
  `id` int NOT NULL AUTO_INCREMENT,
  `empl_id` int NOT NULL,
  `date_from` date NOT NULL,
  `date_to` date NOT NULL,
  `organization` varchar(255) NOT NULL,
  `position` varchar(255) NOT NULL,
  `education` tinyint(1) NOT NULL,
  PRIMARY KEY (`id`)
) ENGINE=InnoDB DEFAULT CHARSET=cp1251;
/*!40101 SET character_set_client = @saved_cs_client */;

--
-- Dumping data for table `external_practices`
--

LOCK TABLES `external_practices` WRITE;
/*!40000 ALTER TABLE `external_practices` DISABLE KEYS */;
/*!40000 ALTER TABLE `external_practices` ENABLE KEYS */;
UNLOCK TABLES;

--
-- Table structure for table `faculties`
--

DROP TABLE IF EXISTS `faculties`;
/*!40101 SET @saved_cs_client     = @@character_set_client */;
/*!50503 SET character_set_client = utf8mb4 */;
CREATE TABLE `faculties` (
  `id` int NOT NULL AUTO_INCREMENT,
  `title` varchar(255) NOT NULL,
  `dean_id` int NOT NULL,
  PRIMARY KEY (`id`)
) ENGINE=InnoDB AUTO_INCREMENT=2 DEFAULT CHARSET=cp1251;
/*!40101 SET character_set_client = @saved_cs_client */;

--
-- Dumping data for table `faculties`
--

LOCK TABLES `faculties` WRITE;
/*!40000 ALTER TABLE `faculties` DISABLE KEYS */;
INSERT INTO `faculties` VALUES (1,'факультет математики и компьютерных наук',1);
/*!40000 ALTER TABLE `faculties` ENABLE KEYS */;
UNLOCK TABLES;

--
-- Table structure for table `form_control`
--

DROP TABLE IF EXISTS `form_control`;
/*!40101 SET @saved_cs_client     = @@character_set_client */;
/*!50503 SET character_set_client = utf8mb4 */;
CREATE TABLE `form_control` (
  `id` int NOT NULL AUTO_INCREMENT,
  `title` varchar(50) NOT NULL,
  PRIMARY KEY (`id`)
) ENGINE=InnoDB AUTO_INCREMENT=5 DEFAULT CHARSET=cp1251;
/*!40101 SET character_set_client = @saved_cs_client */;

--
-- Dumping data for table `form_control`
--

LOCK TABLES `form_control` WRITE;
/*!40000 ALTER TABLE `form_control` DISABLE KEYS */;
INSERT INTO `form_control` VALUES (1,'Экзамен'),(2,'Зачет'),(3,'Зачет с оц.'),(4,'КР');
/*!40000 ALTER TABLE `form_control` ENABLE KEYS */;
UNLOCK TABLES;

--
-- Table structure for table `groups`
--

DROP TABLE IF EXISTS `groups`;
/*!40101 SET @saved_cs_client     = @@character_set_client */;
/*!50503 SET character_set_client = utf8mb4 */;
CREATE TABLE `groups` (
  `id` int NOT NULL AUTO_INCREMENT,
  `title` varchar(30) NOT NULL,
  `galactika_number` int NOT NULL,
  `year` year NOT NULL,
  `speciality_id` int NOT NULL,
  PRIMARY KEY (`id`)
) ENGINE=InnoDB DEFAULT CHARSET=cp1251;
/*!40101 SET character_set_client = @saved_cs_client */;

--
-- Dumping data for table `groups`
--

LOCK TABLES `groups` WRITE;
/*!40000 ALTER TABLE `groups` DISABLE KEYS */;
/*!40000 ALTER TABLE `groups` ENABLE KEYS */;
UNLOCK TABLES;

--
-- Table structure for table `loads`
--

DROP TABLE IF EXISTS `loads`;
/*!40101 SET @saved_cs_client     = @@character_set_client */;
/*!50503 SET character_set_client = utf8mb4 */;
CREATE TABLE `loads` (
  `id` int NOT NULL AUTO_INCREMENT,
  `current_year` year NOT NULL,
  `department_id` int NOT NULL,
  PRIMARY KEY (`id`)
) ENGINE=InnoDB DEFAULT CHARSET=cp1251;
/*!40101 SET character_set_client = @saved_cs_client */;

--
-- Dumping data for table `loads`
--

LOCK TABLES `loads` WRITE;
/*!40000 ALTER TABLE `loads` DISABLE KEYS */;
/*!40000 ALTER TABLE `loads` ENABLE KEYS */;
UNLOCK TABLES;

--
-- Table structure for table `order_types`
--

DROP TABLE IF EXISTS `order_types`;
/*!40101 SET @saved_cs_client     = @@character_set_client */;
/*!50503 SET character_set_client = utf8mb4 */;
CREATE TABLE `order_types` (
  `id` int NOT NULL AUTO_INCREMENT,
  `type` varchar(30) NOT NULL,
  PRIMARY KEY (`id`)
) ENGINE=InnoDB DEFAULT CHARSET=cp1251;
/*!40101 SET character_set_client = @saved_cs_client */;

--
-- Dumping data for table `order_types`
--

LOCK TABLES `order_types` WRITE;
/*!40000 ALTER TABLE `order_types` DISABLE KEYS */;
/*!40000 ALTER TABLE `order_types` ENABLE KEYS */;
UNLOCK TABLES;

--
-- Table structure for table `orders`
--

DROP TABLE IF EXISTS `orders`;
/*!40101 SET @saved_cs_client     = @@character_set_client */;
/*!50503 SET character_set_client = utf8mb4 */;
CREATE TABLE `orders` (
  `id` int NOT NULL AUTO_INCREMENT,
  `date` date NOT NULL,
  `number` varchar(30) NOT NULL,
  `title` varchar(255) NOT NULL,
  `order_type_id` int NOT NULL,
  PRIMARY KEY (`id`)
) ENGINE=InnoDB DEFAULT CHARSET=cp1251;
/*!40101 SET character_set_client = @saved_cs_client */;

--
-- Dumping data for table `orders`
--

LOCK TABLES `orders` WRITE;
/*!40000 ALTER TABLE `orders` DISABLE KEYS */;
/*!40000 ALTER TABLE `orders` ENABLE KEYS */;
UNLOCK TABLES;

--
-- Table structure for table `positions`
--

DROP TABLE IF EXISTS `positions`;
/*!40101 SET @saved_cs_client     = @@character_set_client */;
/*!50503 SET character_set_client = utf8mb4 */;
CREATE TABLE `positions` (
  `id` int NOT NULL AUTO_INCREMENT,
  `title` varchar(30) NOT NULL,
  `level` tinyint(1) NOT NULL COMMENT '1-администрация',
  PRIMARY KEY (`id`)
) ENGINE=InnoDB AUTO_INCREMENT=8 DEFAULT CHARSET=cp1251;
/*!40101 SET character_set_client = @saved_cs_client */;

--
-- Dumping data for table `positions`
--

LOCK TABLES `positions` WRITE;
/*!40000 ALTER TABLE `positions` DISABLE KEYS */;
INSERT INTO `positions` VALUES (1,'декан',1),(2,'заместитель декана',1),(3,'профессор',0),(4,'доцент',0),(5,'секретарь',1),(6,'старший преподаватель',0),(7,'ассистент',0);
/*!40000 ALTER TABLE `positions` ENABLE KEYS */;
UNLOCK TABLES;

--
-- Table structure for table `prof_doc_types`
--

DROP TABLE IF EXISTS `prof_doc_types`;
/*!40101 SET @saved_cs_client     = @@character_set_client */;
/*!50503 SET character_set_client = utf8mb4 */;
CREATE TABLE `prof_doc_types` (
  `id` int NOT NULL AUTO_INCREMENT,
  `title` varchar(255) NOT NULL,
  PRIMARY KEY (`id`)
) ENGINE=InnoDB AUTO_INCREMENT=3 DEFAULT CHARSET=cp1251;
/*!40101 SET character_set_client = @saved_cs_client */;

--
-- Dumping data for table `prof_doc_types`
--

LOCK TABLES `prof_doc_types` WRITE;
/*!40000 ALTER TABLE `prof_doc_types` DISABLE KEYS */;
INSERT INTO `prof_doc_types` VALUES (1,'Диплом о профессиональной переподготовке'),(2,'Удостоверение о повышении квалификации');
/*!40000 ALTER TABLE `prof_doc_types` ENABLE KEYS */;
UNLOCK TABLES;

--
-- Table structure for table `publ_levels`
--

DROP TABLE IF EXISTS `publ_levels`;
/*!40101 SET @saved_cs_client     = @@character_set_client */;
/*!50503 SET character_set_client = utf8mb4 */;
CREATE TABLE `publ_levels` (
  `id` int NOT NULL AUTO_INCREMENT,
  `title` varchar(50) NOT NULL,
  PRIMARY KEY (`id`)
) ENGINE=InnoDB AUTO_INCREMENT=6 DEFAULT CHARSET=cp1251;
/*!40101 SET character_set_client = @saved_cs_client */;

--
-- Dumping data for table `publ_levels`
--

LOCK TABLES `publ_levels` WRITE;
/*!40000 ALTER TABLE `publ_levels` DISABLE KEYS */;
INSERT INTO `publ_levels` VALUES (1,'РИНЦ (ядро)'),(2,'РИНЦ'),(3,'Scopus'),(4,'Web of Science'),(5,'ВАК');
/*!40000 ALTER TABLE `publ_levels` ENABLE KEYS */;
UNLOCK TABLES;

--
-- Table structure for table `publications`
--

DROP TABLE IF EXISTS `publications`;
/*!40101 SET @saved_cs_client     = @@character_set_client */;
/*!50503 SET character_set_client = utf8mb4 */;
CREATE TABLE `publications` (
  `id` int NOT NULL AUTO_INCREMENT,
  `title` varchar(255) NOT NULL,
  `DOI` varchar(50) NOT NULL,
  `imprint` text NOT NULL,
  `publ_level_id` int NOT NULL,
  `type` varchar(1) DEFAULT 'A' COMMENT 'A-article, P-posobie',
  PRIMARY KEY (`id`)
) ENGINE=InnoDB DEFAULT CHARSET=cp1251;
/*!40101 SET character_set_client = @saved_cs_client */;

--
-- Dumping data for table `publications`
--

LOCK TABLES `publications` WRITE;
/*!40000 ALTER TABLE `publications` DISABLE KEYS */;
/*!40000 ALTER TABLE `publications` ENABLE KEYS */;
UNLOCK TABLES;

--
-- Table structure for table `schedule`
--

DROP TABLE IF EXISTS `schedule`;
/*!40101 SET @saved_cs_client     = @@character_set_client */;
/*!50503 SET character_set_client = utf8mb4 */;
CREATE TABLE `schedule` (
  `id` int NOT NULL AUTO_INCREMENT,
  `group_id` int NOT NULL,
  `subgroup_num` int NOT NULL,
  `edu_semester_id` int NOT NULL,
  `subject_form_id` int NOT NULL,
  `croom_fund_id` int NOT NULL,
  `employee_id` int NOT NULL,
  PRIMARY KEY (`id`)
) ENGINE=InnoDB DEFAULT CHARSET=cp1251;
/*!40101 SET character_set_client = @saved_cs_client */;

--
-- Dumping data for table `schedule`
--

LOCK TABLES `schedule` WRITE;
/*!40000 ALTER TABLE `schedule` DISABLE KEYS */;
/*!40000 ALTER TABLE `schedule` ENABLE KEYS */;
UNLOCK TABLES;

--
-- Table structure for table `speciality`
--

DROP TABLE IF EXISTS `speciality`;
/*!40101 SET @saved_cs_client     = @@character_set_client */;
/*!50503 SET character_set_client = utf8mb4 */;
CREATE TABLE `speciality` (
  `id` int NOT NULL AUTO_INCREMENT,
  `title` varchar(150) NOT NULL,
  `code` varchar(30) NOT NULL,
  `profile` varchar(255) NOT NULL,
  `edu_level_id` int NOT NULL,
  PRIMARY KEY (`id`)
) ENGINE=InnoDB AUTO_INCREMENT=9 DEFAULT CHARSET=cp1251;
/*!40101 SET character_set_client = @saved_cs_client */;

--
-- Dumping data for table `speciality`
--

LOCK TABLES `speciality` WRITE;
/*!40000 ALTER TABLE `speciality` DISABLE KEYS */;
INSERT INTO `speciality` VALUES (1,'Математическая логика, алгебра и теория чисел','01.01.06','',4),(2,'Математика','01.03.01','Кибербезопасность',1),(3,'Информатика и вычислительная техника','09.03.01','Информатика и вычислительная техника',1),(4,'Прикладная математика и информатика','01.03.02','Программирование, анализ данных и математическое моделирование',1),(5,'Педагогическое образование (с двумя профилями подготовки)','44.03.05','Математика. Информатика.',1),(6,'Прикладная математика и информатика','01.04.02','Математическое и информационное обеспечение производственной деятельности',2),(7,'Прикладная математика и информатика','01.04.02','Математическое моделирование',2),(8,'Математика','01.04.01','Алгебра и анализ',2);
/*!40000 ALTER TABLE `speciality` ENABLE KEYS */;
UNLOCK TABLES;

--
-- Table structure for table `stud_orders`
--

DROP TABLE IF EXISTS `stud_orders`;
/*!40101 SET @saved_cs_client     = @@character_set_client */;
/*!50503 SET character_set_client = utf8mb4 */;
CREATE TABLE `stud_orders` (
  `id` int NOT NULL AUTO_INCREMENT,
  `student_id` int NOT NULL,
  `order_id` int NOT NULL,
  PRIMARY KEY (`id`)
) ENGINE=InnoDB DEFAULT CHARSET=cp1251;
/*!40101 SET character_set_client = @saved_cs_client */;

--
-- Dumping data for table `stud_orders`
--

LOCK TABLES `stud_orders` WRITE;
/*!40000 ALTER TABLE `stud_orders` DISABLE KEYS */;
/*!40000 ALTER TABLE `stud_orders` ENABLE KEYS */;
UNLOCK TABLES;

--
-- Table structure for table `students`
--

DROP TABLE IF EXISTS `students`;
/*!40101 SET @saved_cs_client     = @@character_set_client */;
/*!50503 SET character_set_client = utf8mb4 */;
CREATE TABLE `students` (
  `id` int NOT NULL AUTO_INCREMENT,
  `surname` varchar(50) NOT NULL,
  `name` varchar(50) NOT NULL,
  `patronymic` varchar(50) NOT NULL,
  `birth_year` year NOT NULL,
  `speciality_id` varchar(100) NOT NULL,
  `date_enter` year NOT NULL,
  `group_id` int NOT NULL,
  PRIMARY KEY (`id`)
) ENGINE=InnoDB DEFAULT CHARSET=cp1251;
/*!40101 SET character_set_client = @saved_cs_client */;

--
-- Dumping data for table `students`
--

LOCK TABLES `students` WRITE;
/*!40000 ALTER TABLE `students` DISABLE KEYS */;
/*!40000 ALTER TABLE `students` ENABLE KEYS */;
UNLOCK TABLES;

--
-- Table structure for table `subject_forms`
--

DROP TABLE IF EXISTS `subject_forms`;
/*!40101 SET @saved_cs_client     = @@character_set_client */;
/*!50503 SET character_set_client = utf8mb4 */;
CREATE TABLE `subject_forms` (
  `id` int NOT NULL AUTO_INCREMENT,
  `title` varchar(255) NOT NULL,
  PRIMARY KEY (`id`)
) ENGINE=InnoDB DEFAULT CHARSET=cp1251;
/*!40101 SET character_set_client = @saved_cs_client */;

--
-- Dumping data for table `subject_forms`
--

LOCK TABLES `subject_forms` WRITE;
/*!40000 ALTER TABLE `subject_forms` DISABLE KEYS */;
/*!40000 ALTER TABLE `subject_forms` ENABLE KEYS */;
UNLOCK TABLES;

--
-- Table structure for table `subjects`
--

DROP TABLE IF EXISTS `subjects`;
/*!40101 SET @saved_cs_client     = @@character_set_client */;
/*!50503 SET character_set_client = utf8mb4 */;
CREATE TABLE `subjects` (
  `id` int NOT NULL AUTO_INCREMENT,
  `title` varchar(255) NOT NULL,
  PRIMARY KEY (`id`)
) ENGINE=InnoDB AUTO_INCREMENT=266 DEFAULT CHARSET=cp1251;
/*!40101 SET character_set_client = @saved_cs_client */;

--
-- Dumping data for table `subjects`
--

LOCK TABLES `subjects` WRITE;
/*!40000 ALTER TABLE `subjects` DISABLE KEYS */;
INSERT INTO `subjects` VALUES (1,'История'),(2,'История России'),(3,'Всеобщая история'),(4,'Физическая культура и спорт'),(5,'Иностранный язык'),(6,'Алгебра'),(7,'Математический анализ'),(8,'Основы аппаратного и программного обеспечения ПК'),(9,'Основы программирования'),(10,'Аналитическая геометрия'),(11,'Элементарная математика'),(12,'Дискретная математика'),(13,'Вычислительные сети (CISCO)'),(14,'Методы программирования'),(15,'Теория чисел'),(16,'Безопасность жизнедеятельности'),(17,'Теория вероятностей и математическая статистика'),(18,'Основы сетевых технологий (CISCO)'),(19,'Дифференциальные уравнения (разностные схемы)'),(20,'Философия'),(21,'Функциональный анализ'),(22,'Организационно-правовое обеспечение информационной безопасности'),(23,'Защита в операционных системах'),(24,'Теория кодирования'),(25,'Администрирование операционных систем'),(26,'Численные методы'),(27,'Психология'),(28,'Педагогика'),(29,'Методика преподавания математики'),(30,'Методика преподавания информатики'),(31,'Уравнения математической физики'),(32,'Методы криптоанализа'),(33,'Программирование на Python'),(34,'Элективные дисциплины по физической культуре и спорту'),(35,'Научный семинар'),(36,'Методы оптимизации'),(37,'Управление программным проектом'),(38,'Технические средства и методы защиты информации'),(39,'Технический перевод'),(40,'Кибербезопасность и интернет-вещей'),(41,'Введение в криптографию'),(42,'Банковское дело'),(43,'Безопасность сетей (CISCO Security)'),(44,'Математическое моделирование'),(45,'Web разработка'),(46,'Коммуникативные практики в профессиональной деятельности'),(47,'Основы специальной психологии'),(48,'Обучение детей с особыми потребностями'),(49,'Дисциплины по выбору Б1.В.ДВ.1'),(50,'Осетинский язык'),(51,'Русский язык и культура речи'),(52,'Дисциплины по выбору Б1.В.ДВ.2'),(53,'История математики'),(54,'Комплексные системы защиты информации (ЭЦП, каналы связи)'),(55,'Дисциплины по выбору Б1.В.ДВ.3'),(56,'Вариационное исчисление и методы оптимизации'),(57,'Коды, исправляющие ошибки'),(58,'Дисциплины по выбору Б1.В.ДВ.4'),(59,'Группы, кольца и теоретико-числовые основы в криптографии'),(60,'Конечно-автоматные криптосистемы'),(61,'Дисциплины по выбору Б1.В.ДВ.5'),(62,'Математические методы в экономике'),(63,'Схемотехника'),(64,'Дисциплины по выбору Б1.В.ДВ.6'),(65,'Информационные технологии'),(66,'Квантовые вычисления'),(67,'Дисциплины по выбору Б1.В.ДВ.7'),(68,'Частные методики'),(69,'Группы, кольца, алгоритмы и математическое обоснование RSA'),(70,'Дисциплины по выбору Б1.В.ДВ.8'),(71,'Методика, история и перспективы развития прикладной математики'),(72,'Разделение секрета'),(73,'Дисциплины по выбору Б1.В.ДВ.9'),(74,'Пакеты символьной математики'),(75,'Современные языки программирования'),(76,'Учебная практика (Научно-исследовательская работа (получение первичных навыков научно-исследовательской работы))'),(77,'Производственная практика (Научно-исследовательская работа)'),(78,'Преддипломная практика'),(79,'Подготовка к сдаче и сдача государственного экзамена'),(80,'Выполнение и защита выпускной квалификационной работы'),(81,'Закон об образовании'),(82,'Осетинский язык и культура речи'),(83,'Осетинский язык (базовый курс)'),(84,'Алгоритмы и структуры данных'),(85,'Основы и методология программирования'),(86,'Архитектура компьютеров и операционные системы'),(87,'Физика'),(88,'Дифференциальные уравнения'),(89,'Вычислительные системы, сети и телекоммуникации'),(90,'Введение в анализ данных'),(91,'Конструирование ПО'),(92,'Теория операторов'),(93,'Педагогика саморазвития'),(94,'Введение в специальность'),(95,'Культура речи'),(96,'Веб-разработка'),(97,'Математический компьютерный практикум'),(98,'Разработка пользовательского интерфейса'),(99,'Базы данных'),(100,'Мобильная разработка'),(101,'Психология социального взаимодействия'),(102,'Экономические основы предпринимательства'),(103,'Правовые основы предпринимательства'),(104,'Метрология, стандартизация, сертификация'),(105,'Прикладные задачи анализа данных'),(106,'Компьютерное моделирование'),(107,'Дисциплины по выбору Б1.В.ДВ.01'),(108,'Культурология'),(109,'Этика и эстетика'),(110,'Дисциплины по выбору Б1.В.ДВ.02'),(111,'Выпуклый анализ'),(112,'Дисциплины по выбору Б1.В.ДВ.03'),(113,'Прикладное машинное обучение'),(114,'Проектный семинар \"Математическое моделирование\"'),(115,'Дисциплины по выбору Б1.В.ДВ.04'),(116,'1С: предприятие'),(117,'Системы управления базами данных'),(118,'Дисциплины по выбору Б1.В.ДВ.05'),(119,'Методы и системы обработки больших данных'),(120,'Эконометрика'),(121,'Дисциплины по выбору Б1.В.ДВ.06'),(122,'Криптография и защита информации'),(123,'Теория игр'),(124,'Учебная (технологическая (проектно-технологическая)) практика'),(125,'Производственная (технологическая (проектно-технологическая)) практика'),(126,'Проектная деятельность в области устойчивого развития'),(127,'Интернет вещей'),(128,'Системы искусственного интеллекта'),(129,'Проектный семинар \"Машинное обучение и приложения\"'),(130,'Вычислительная математика'),(131,'Предпринимательские проекты: управление и реализация'),(132,'ИТ-сервисы'),(133,'Проектирование интерфейсов информационных систем'),(134,'Основы аппаратного обеспечения ЭВМ'),(135,'Архитектура компьютера и операционные системы'),(136,'Электротехника, электроника и схемотехника'),(137,'Вычислительные системы и компьютерные сети'),(138,'Прикладное и системное программное обеспечение'),(139,'Метрология, стандартизация и сертификация'),(140,'Педагогика  саморазвития'),(141,'Теория чисел и криптография'),(142,'Теория управления в робототехнических системах'),(143,'Сети и телекоммуникации '),(144,'Проектирование информационных систем'),(145,'Защита информации'),(146,'Этика и психология делового общения'),(147,'Многомерный статистический анализ'),(148,'Теория случайных процессов'),(149,'Основы теории управления'),(150,'Финансовая математика'),(151,'Дисциплины по выбору Б1.В.ДВ.07'),(152,'Методы искусственного интеллекта'),(153,'Дисциплины по выбору Б1.В.ДВ.08'),(154,'1С-предприятие'),(155,'Дисциплины по выбору Б1.В.ДВ.09'),(156,'Анализ и моделирование бизнес-процессов'),(157,'Системный анализ и принятие решений'),(158,'Учебная (ознакомительная) практика'),(159,'Кибербезопасность и интернет вещей'),(160,'Правовые основы профессиональной деятельности'),(161,'Информационные технологии в профессиональной деятельности'),(162,'Профессиональная этика'),(163,'Дополнительные главы алгебры'),(164,'Языки программирования'),(165,'Основы математической обработки информации'),(166,'Решение олимпиадных задач по математике'),(167,'Решение олимпиадных задач по информатике'),(168,'Методика обучения математике'),(169,'Методика обучения информатике'),(170,'Возрастная анатомия, физиология и гигиена'),(171,'Анализ данных'),(172,'Основы вожатской деятельности'),(173,'Инклюзивные и адаптивные технологии'),(174,'Основы математического моделирования'),(175,'Задачи ЕГЭ по математике'),(176,'Задачи ЕГЭ по информатике'),(177,'Аппаратное обеспечение компьютера'),(178,'Операционные системы'),(179,'Сети и коммуникации'),(180,'Практикум по решению задач школьной математики и информатики'),(181,'Математическая логика'),(182,'Основы проектной и исследовательской деятельности'),(183,'Введение в профессию и основы планирования педагогической карьеры'),(184,'Эволюция культуры: информационный подход'),(185,'Политология'),(186,'Ивент-анализ текущего политического процесса России'),(187,'История математики и информатики'),(188,'Математический анализ (Дополнительные главы)'),(189,'Технологии дистанционного обучения'),(190,'Решение теоретико-числовых задач'),(191,'Управление образовательными системами'),(192,'Проектирование образовательного пространства'),(193,'Мобильное программирование'),(194,'1С: бухгалтерия'),(195,'Компьютерная графика'),(196,'Дисциплины по выбору Б1.В.ДВ.10'),(197,'Теория функций комплексного переменного'),(198,'Теория функций действительного переменного'),(199,'Дисциплины по выбору Б1.В.ДВ.11'),(200,'Семейное образование'),(201,'Проблемы математического образования'),(202,'Научно-исследовательская работа (получение первичных навыков научно-исследовательской  работы)'),(203,'Научно-исследовательская работа'),(204,'Технологическая (проектно-технологическая) учебная практика'),(205,'Технологическая (проектно-технологическая) производственная практика'),(206,'Практика учебная (педагогическая практика, вожатская)'),(207,'Практика производственная (педагогическая практика, вожатская)'),(208,'Практика производственная (педагогическая по математике)'),(209,'Практика производственная (педагогическая по информатике)'),(210,'Практика производственная (педагогическая практика (ознакомительная по математике и информатике))'),(211,'Дисциплины по выбору Б1.В.ДВ.12'),(212,'Информатика'),(213,'Базы данных и Web-технологии'),(214,'Избранные главы элементарной математики'),(215,'Практикум по решению задач школьной математики'),(216,'Практикум по решению задач школьной информатики'),(217,'Практикум по решению задач на ЭВМ'),(218,'Кибербезопасность'),(219,'Методика обучения решению задач с параметрами'),(220,'Избранные вопросы курса информатики в старшей школе'),(221,'Дисциплины по выбору Б1.В.ДВ.13'),(222,'Дисциплины по выбору Б1.В.ДВ.14'),(223,'Качественная теория дифференциальных уравнений'),(224,'Действительный анализ'),(225,'Избранные главы функционального анализа'),(226,'Иностранный язык в профессиональной сфере деятельности'),(227,'Алгебраические методы в криптографии'),(228,'Теория групп'),(229,'Теория колец'),(230,'Курсы естественно-научного содержания: Компьютерные технологии в науке и образовании'),(231,'Культура и межкультурное взаимодействие в современном мире'),(232,'Избранные главы линейной алгебры'),(233,'Функциональные пространства'),(234,'Педагогика и психология образования'),(235,'Спектральная теория линейных операторов'),(236,'Элементы теории двойственности'),(237,'Дополнительные главы уравнения математической физики'),(238,'Банаховы решетки'),(239,'Расширения полей'),(240,'Абелевы группы'),(241,'Элементарные сети в линейных группах'),(242,'Надгруппы нерасщепимого тора'),(243,'Учебная практика (научно-исследовательская работа)'),(244,'Производственная практика (научно-педагогическая практика)'),(245,'Гильбертовы модули'),(246,'Операторные методы в математической экономике'),(247,'Современные базы данных'),(248,'Математическое и компьютерное моделирование'),(249,'Прикладной статистический анализ'),(250,'Иностранный язык в профессиональной деятельности'),(251,'Математические основы защиты информации и информационной безопасности'),(252,'Психология управления'),(253,'Русский язык в профессиональной деятельности'),(254,'Разработка и внедрение информационных систем'),(255,'Выпуклый анализ и оптимизация'),(256,'Анализ данных на Python '),(257,'Программная инженерия'),(258,'CASE-технологии'),(259,'Рекомендательные системы'),(260,'Теория принятия решений'),(261,'Эконометрика (продвинутый курс)'),(262,'Математические методы макроэкономики'),(263,'Корпоративные информационные системы'),(264,'Современные проблемы информатизации государственных учреждений'),(265,'Производственная (преддипломная) практика');
/*!40000 ALTER TABLE `subjects` ENABLE KEYS */;
UNLOCK TABLES;

--
-- Table structure for table `thesis_work`
--

DROP TABLE IF EXISTS `thesis_work`;
/*!40101 SET @saved_cs_client     = @@character_set_client */;
/*!50503 SET character_set_client = utf8mb4 */;
CREATE TABLE `thesis_work` (
  `id` int NOT NULL AUTO_INCREMENT,
  `current_year` year NOT NULL,
  `semester` int NOT NULL,
  `student_id` int NOT NULL,
  `employee_id` int NOT NULL,
  `title` varchar(255) NOT NULL,
  `thesis_work_type_id` int NOT NULL,
  `mark` int NOT NULL,
  PRIMARY KEY (`id`)
) ENGINE=InnoDB DEFAULT CHARSET=cp1251;
/*!40101 SET character_set_client = @saved_cs_client */;

--
-- Dumping data for table `thesis_work`
--

LOCK TABLES `thesis_work` WRITE;
/*!40000 ALTER TABLE `thesis_work` DISABLE KEYS */;
/*!40000 ALTER TABLE `thesis_work` ENABLE KEYS */;
UNLOCK TABLES;

--
-- Table structure for table `thesis_work_type`
--

DROP TABLE IF EXISTS `thesis_work_type`;
/*!40101 SET @saved_cs_client     = @@character_set_client */;
/*!50503 SET character_set_client = utf8mb4 */;
CREATE TABLE `thesis_work_type` (
  `id` int NOT NULL AUTO_INCREMENT,
  `title` varchar(255) NOT NULL,
  PRIMARY KEY (`id`)
) ENGINE=InnoDB DEFAULT CHARSET=cp1251;
/*!40101 SET character_set_client = @saved_cs_client */;

--
-- Dumping data for table `thesis_work_type`
--

LOCK TABLES `thesis_work_type` WRITE;
/*!40000 ALTER TABLE `thesis_work_type` DISABLE KEYS */;
/*!40000 ALTER TABLE `thesis_work_type` ENABLE KEYS */;
UNLOCK TABLES;

--
-- Table structure for table `title_plan`
--

DROP TABLE IF EXISTS `title_plan`;
/*!40101 SET @saved_cs_client     = @@character_set_client */;
/*!50503 SET character_set_client = utf8mb4 */;
CREATE TABLE `title_plan` (
  `id` int NOT NULL AUTO_INCREMENT,
  `spec_id` int NOT NULL,
  `date_uchsovet` date NOT NULL,
  `number_uchsovet` int NOT NULL,
  `current_year` year NOT NULL,
  `date_enter` year NOT NULL,
  `date_fgos` date NOT NULL,
  `number_fgos` int NOT NULL,
  `department_id` int NOT NULL,
  `included` varchar(1) NOT NULL,
  PRIMARY KEY (`id`)
) ENGINE=InnoDB AUTO_INCREMENT=13 DEFAULT CHARSET=cp1251;
/*!40101 SET character_set_client = @saved_cs_client */;

--
-- Dumping data for table `title_plan`
--

LOCK TABLES `title_plan` WRITE;
/*!40000 ALTER TABLE `title_plan` DISABLE KEYS */;
INSERT INTO `title_plan` VALUES (1,2,'2022-05-31',13,2023,2020,'2018-01-10',8,65,'1'),(2,4,'2022-05-31',13,2023,2022,'2018-01-10',9,133,'1'),(3,4,'2022-05-31',13,2023,2021,'2018-01-10',9,133,'1'),(4,4,'2022-05-31',13,2023,2020,'2018-01-10',9,133,'1'),(5,3,'2022-05-31',13,2023,2022,'2017-09-19',929,133,'1'),(6,3,'2022-05-31',13,2023,2021,'2017-09-19',929,133,'1'),(7,3,'2022-05-31',13,2023,2020,'2017-09-19',929,133,'1'),(8,5,'0001-05-31',13,2023,2022,'2018-02-22',125,65,'1'),(9,5,'2022-05-31',13,2023,2021,'2018-02-22',125,65,'1'),(10,5,'2022-05-31',13,2023,2020,'2018-02-22',125,65,'1'),(11,8,'0001-01-01',0,2023,2022,'2018-01-10',12,65,'1'),(12,6,'2022-05-31',13,2023,2022,'2018-01-10',13,133,'1');
/*!40000 ALTER TABLE `title_plan` ENABLE KEYS */;
UNLOCK TABLES;

--
-- Table structure for table `titles`
--

DROP TABLE IF EXISTS `titles`;
/*!40101 SET @saved_cs_client     = @@character_set_client */;
/*!50503 SET character_set_client = utf8mb4 */;
CREATE TABLE `titles` (
  `id` int NOT NULL AUTO_INCREMENT,
  `title` varchar(50) NOT NULL,
  PRIMARY KEY (`id`)
) ENGINE=InnoDB AUTO_INCREMENT=3 DEFAULT CHARSET=cp1251;
/*!40101 SET character_set_client = @saved_cs_client */;

--
-- Dumping data for table `titles`
--

LOCK TABLES `titles` WRITE;
/*!40000 ALTER TABLE `titles` DISABLE KEYS */;
INSERT INTO `titles` VALUES (1,'доцент'),(2,'профессор');
/*!40000 ALTER TABLE `titles` ENABLE KEYS */;
UNLOCK TABLES;
/*!40103 SET TIME_ZONE=@OLD_TIME_ZONE */;

/*!40101 SET SQL_MODE=@OLD_SQL_MODE */;
/*!40014 SET FOREIGN_KEY_CHECKS=@OLD_FOREIGN_KEY_CHECKS */;
/*!40014 SET UNIQUE_CHECKS=@OLD_UNIQUE_CHECKS */;
/*!40101 SET CHARACTER_SET_CLIENT=@OLD_CHARACTER_SET_CLIENT */;
/*!40101 SET CHARACTER_SET_RESULTS=@OLD_CHARACTER_SET_RESULTS */;
/*!40101 SET COLLATION_CONNECTION=@OLD_COLLATION_CONNECTION */;
/*!40111 SET SQL_NOTES=@OLD_SQL_NOTES */;

-- Dump completed on 2023-07-18  0:13:56
